review_id,listing_id,date,comments,sentiment
2,73282,2012-06-27,"I stayed in the apartment for two weeks with my wife and daughter. The apartment was as described in the listing and as shown in the photos, comfortable and uncluttered. The neighborhood is densely populated but quiet. Simona was responsive and informative throughout the entire transaction period, with a clear and pleasant communication style.",0
7,73282,2012-10-01,"Don't pass this one by. If you're visiting Zurich and would like a perfectly comfortable and central accommodation this is the place. Simona is very friendly and easy to communicate with. The apartment is perfectly clean as seen in the pictures and is a great example of a large and cozy Swiss apartment. If it's still available, book now.",0
45,227039,2013-12-24,"Lucas is a great host! He makes one feel very welcome,its like arriving home. the apartment is perfectly situated in a great new trendy area and is well connected to any place one could wish to go. The stunning view from the rooftop terrace is the perfect place to end a great day with a glass of wine and just relax. I can only recommend this place to stay and am looking forward to rent it again when I am back in Zurich.",0
59,227039,2022-07-30,"Everything was as advertised and it was a great stay. The outdoor space is very nice and there is even an extra kitchen up there. Quick access to the trains which were very convenient. We were there on the tail end of a heatwave and since very few have AC it was nice that there were at least lots of windows and shutters to keep it cool, and fans were provided. Would definitely recommend.",0
178,283737,2019-01-20,"Despite the Fact that the Location is Superb , close to all you need to see and Do in Zurich, the apartment needs some reconditioning. Floor is really noisy, bed is declining on one side, bathroom has Mold. If these matters get fixed for sure i would recommend someone to stay 100%.",1
195,283737,2019-10-06,"This place is even more charming in person! We really loved the location. It was easy to walk or take the tram everywhere we wanted. Lots of places for coffee and food nearby, but the kitchen also has everything you need. Beds were comfortable, shower worked great, everything was clean. We would definitely stay here again.",0
262,2869105,2018-04-07,"we liked everything space, location , cleanliness and facility.very near to Zurich HB and just below the house you get public transportation no 31 bus to reach HB in 5 min. Very neat and clean , spacious rooms I Will recommend everyone to go for this if available :). Just a tip..Texi is way costly in this town. Opt if no option left.always check for public transportation which is very very nice and highly available around the city. Thanks Manmohan",0
266,2869105,2023-06-26,"The HIT apartment was quite nice and conveniently located, with easy access, and it comfortably accomodated our family of four. However during our stay we hade high summer temperatures and there was no AC in the apartment. For that reason we hade to run noisy floor fans during the evening and night, and keep windows open during the evening. Unfortunately there was a fair amount of traffic outside and the noise was too high to keep windows open after bedtime.",1
271,2920505,2017-08-01,"The apartment is located in the centre of Zurich and it is very near to restaurants, shops and historical centre. The apartment is clean and contains moderately equipped kitchen, bathroom and living room. However, in the night it is little noisy at night from the busy street and the parking house is nearby, but expensive.",1
281,2920505,2026-04-12,"The studio was very clean and had everything we needed. Stephanie was very helpful and her instructions were clear. The location is amazing. The only downside was the smell of fried chicken from the restaurant underneath. However, it wasn’t a deal breaker and we would stay there again. Would recommend.",1
284,2920543,2016-05-08,"A very clean appartment despite the mild up slope when nearing the window area. Nothing to fault at. We are lucky our appartment having the washer and that's very important for us. Appreciate if the appartment having more mirror or long mirror for us to dress up. The only mirror is in the bathroom and it cant view fully because it is blocked by the door. Location perfect. Nearby to supermarkets, main train station, bahnhofstrasse shopping area.. and lot more. Thumbs up!",1
311,2920543,2018-06-18,The apt is located across-above a pub and the noise doesn’t die down until 4-5am. This is only a problem in the summer because you have to keep the window open for ventilation. The apt bldg is located close to all the popular attractions and would definitely recommend it to folks who are looking for convenience of getting around on foot.,1
340,292351,2018-01-04,"Great host very responsive and great house. Please note: The beds are mattresses on the floor (apart from bunk beds) There isn’t any proper plates for food...a couple of small ones and plenty of kids plates. There isn’t a sofa/couch to relax on in the ‘living area’ But the apartment is stunning and in a great location. The above are just minor issues and nothing to deter you from staying here. Very clean, and overall very happy with our stay and our host Anil. Thank you.",1
343,2920590,2017-12-20,"This was a great place to stay in Zurich. It is a little out-of-the-way from the core of the city, but the street-car access is a half-block away. It was very convenient. The unit was spacious, comfortable and clean. The hosts provided lots of local information. And while it is on the 3rd floor, there is an elevator! Definitely a good place to stay.",1
360,2920590,2023-06-03,"It’s really nice place to stay with family… but the thing is… you need to clean the house by yourself at checkout time. Moreover, it has good facilities and good furniture. I recommend for stay ✌️.",1
364,292351,2018-07-17,"Had the most amazing holiday - Apartment is spacious, clean, modern, brand new and near to everything. A home from home - we will be back. We had a great time. My 3 children enjoyed the playground downstairs and the turkish restaurant below. Anil was always available for any assistance if we needed it. Co-Op and Migros (the local supermarkets) are walking distance, as is the big shopping mall Letzipark. We got to Tobagon down Mount Pilatus - River at Silhwald and swim in the Lake at Mithenquai. Lots to do as the apartment is in the centre of everything. Children loved the bunk bed - there was more than enough space for all of us. Thank you again and we will be back soon!",0
381,2920698,2016-06-01,"We had a great time... The apartament was situated in a great location and there was supermarket, main station, restaurants and stores around. The negative point are the stairs to get to the 4th floor where is the apartament. The stairs are tight and its not a short way, so If you have heavy bags, you better be prepared. The bedroom upstairs don´t have a door, just the stairs to separete and the ceiling is very low. I´m sure woth it because of the good location and nice apartment.",1
382,2920698,2016-10-20,"The apartment was as pictured in a very convenient part of town, within walking distance to the train station and many of the city's major sights. You could also see the river from the attic bedroom. But note that the apartment is four flights up a very narrow staircase with a low ceiling. The floor is also noticeably not flat, and the attic ceiling is quite low, meaning you have to be stooped almost constantly if you're walking around upstairs. One side has a glass floor/ceiling looking down to the kitchen/living room which means people downstairs can see into the top. However, the location was definitely great.",1
399,310964,2015-07-20,"The apartment is in an excellent location, central and close to central Zurich. Lots of restaurants, bars, and shopping nearby. The apartment itself is unique and charming. The place was clean and secure. We were able to eat in a few nights during our stay. We didn't meet Kim but did meet his wife, Anette, who was very welcoming and gracious. During our stay it was unusually warm in Zurich so the apartment was a bit stuffy but manageable. This is not the norm so it's not a big deal. There is only one issue, the apartment is located in a popular nightlife area so it can be loud at night with the people from the bars. Once the windows are closed, it is no problem. Unfortunately it just wasn't possible with the warm weather during our stay.",1
401,310964,2019-01-06,Kim’s place is very stylish with lots of character and perfectly located for the Opera House and Old Town. Kim and family were very hospitable and the communication was excellent. Perfect for our winter family get together in Zurich.,0
430,577683,2021-07-03,"Claudios place is simply amazing. The kitchen is not simply well equipped - it’s super equipped and with a style (even grabbed some ideas for the home). The patio is great for spending time, the apartment is super clean! Communication is better than anything I experienced before, Claudio himself is super pleasant person and host who shows you everything at your arrival. Highly recommend if you stay in Zurich!",0
523,2920742,2016-06-06,"The location was great. All the local and regional trains were within a 5 minute or less walk and there were restaurants right outside our door. The apartment was clean and had great storage for three peoples luggage (2 adults and one child). If you are a light sleeper or go to bed early this might not be the spot for you, but then any spot in old town would likely have this problem. Noise from the street was pedestrian and died down after dinner hours and extremely quiet in the morning. We are heavy sleepers so it didn't bother us. Train and traffic noise was not a problem. Kitchen was great to cook up finds from the markets and two grocery stores were close by. We loved our stay and had a great time!",1
524,2920742,2016-11-20,"The apartment was in a great location. Easy to get to from the airport and close to the shops and restaurants. However, due to its proximity to the nightlife we found it to be quite loud at night. Karina was a great host. Thanks!",1
563,610348,2023-01-11,"Spacious, charming home with a beautiful view of the church esp with the patio balcony. For the most part everything was walking distance to the trams and easy to get to the groceries. We loved that it was very accessible getting in with clear instructions with the lock box. Highly recommend staying here if you plan on visiting Zurich. It was handy having Netflix available and a electric tea kettle to make you feel right at home. The only thing I would mention that it’s on the top floor with no elevator, the top bathroom floor was cute and slanted but if your tall you might hit your head on the beam. The church bell would ring often, but we didn’t mind it. Thank you Leandra for hosting my family’s yearly vacation. We throughly enjoyed our stayed and would definitely come back again. :)",1
569,610348,2023-10-30,"Everything was good during our stay. We arrived a bit earlier than expected, but the apartment was already cleaned. The location is nice, with a supermarket 2 at blocks and some restaurants. We stayed with our cat and we loved the apartment. The location is quiet and safe. The only minor drawbacks: - The church that's in front of the apartment rings the bells every time, even at night, but it seems to be normal in Zürich. - Given the apartment is pet friendly, we were expecting to have a broom and shovel, but it didn't have any of those items.",1
597,2920780,2022-06-22,"The apartment was exactly as pictured! It was perfect for a quick solo visit to Zurich. I unfortunately came during a rare heat wave, but luckily there was large fan which was wonderful! I would definitely recommend this spot if you are looking for a convenient location in the heart of the city, there is a lot around that is walkable if you so choose. And I loved that the SBB trains are literally an 8 minute walk from the apartment. I also appreciated knowing from another review that the staircase was narrow and had archways so be sure you can carry whatever you pack and be able to duck down if you are tall 😉.",1
600,2920780,2023-08-22,"The place is lovely; I was so grateful to have a fan in the room, considering the outside heat. The apartment perfectly matched the pictures and was tidy. However, I did not receive precise instructions on how to get into the building prior to my arrival. Apart from that, everything was excellent!",1
605,2920806,2016-04-18,"Very nice and cosy 1-room apartment. It is located in Niederdorf, only 7 minutes walking distance away from the main station in one direction and 10 minutes from the lake in the other direction. The room is quite modern, the shower is great (although it is located in the entrance area of the room) and the contact was very friendly. Bed linen and bath towels were provided. Thanks very much.",1
615,620130,2017-06-26,"Great little apartment, close to all amenities, supermarkets, bakery and the bus stop to Zurich is only 1 minute away and only takes 10 minutes. The apartment was very clean and had everything we needed for our stay. Andrea was a great host and always contactable. We would definitely stay here again.",0
616,620130,2017-12-29,"This flat is perfectly located by Wipkingen station, bus stops and 2 supermarkets as well as a bakery and cash point! The Nordbrucke bar is cosy and welcoming and you have access to the basement washing machine. The Limmat is just a short walk away and just over the footbridge are the design shops in the railway arches of Viadukt and the Migros modern art gallery. It is 2 stops from the airport and so easy to get downtown. There is loads to do nearby as well. We swam in an indoor pool with amazing views and then went for a forest walk on Käferberg on Boxing Day! Andrea is a really helpful host.",0
632,2962635,2019-09-01,"Excellent location right in the middle of city centre. The space is small but sufficient for 1 person. The big downside however is the Wi-Fi connection, which was weak and very slow and not good enough to watch a simple YouTube clip or do Skype call - this became quite inconvenient. Room faces southwest so can be quite hot in the summer.",1
635,2962635,2021-08-06,"Although there was a last minute change and I did not stay in the apartment in the pictures, overall I would stay there if I’m again by myself in ZH. As the reviews mention the place is very small, even for 1 person, but the location is unbeatable and it has everything you need for a quick trip. Check in and check out extremely easy. Only downside is that I never found the containers to leave the trash and I ended up having to carry a trash bag while rolling my suitcase through downtown Zürich. Perhaps they should think of a dedicated space within the premises to leave it at.",1
648,644888,2013-07-31,"A stunning apartment in a brilliant location. We booked to stay as my husband and a friend were competing in Ironman Zurich and we needed accommodation for 6 people. Violetta and Alvaro could not have been more helpful and friendly and the communication was excellent, nothing was too much trouble. The apartment is gorgeous in a lovely area which is nice and quiet and has a brilliant community atmosphere, the neighbours were very friendly. Getting around the city is easy with the excellent transport system. The apartment was very comfortable and homely and we had everything we needed. I would absolutely book to stay here again, Violetta, Alvaro and their family were on holiday when we stayed so unfortunately we did not get to meet them.",0
650,644888,2014-08-07,"Violetta & Alvaro were very helpful host in general, although we didn't met them in personal however we manage to be in direct contact most of the time; the flat is spacious, clean, well equipped, accessible and comfortable, however we couldn’t find a storage place for our stuff and had to keep them on one of the beds. Neighborhood, I would say that it wasn't what I was expecting, building located within a midlevel residential area, not too much to see around There are restaurants nearby, but not with the level you may enjoy as a tourist. In general it was a good experience, thanks for hospitality of Violrtta & Alvaro",1
656,706997,2013-03-31,"Very nice, small apartment in convenient location. Felix, from the Nordbrucke team met us at the station, and was very helpful showing us in and answering questions. The apartment is newly remodeled as in the pictures, the beds are comfortable, everything is very clean. The kitchen has a stovetop and refridgerator and everything you need to prepare simple meals. Grocery stores are just at the corner and you are right at the Wipkingen station, so can get to/from the hauptbahnhof or the airport very easily. We had a great stay, the only downside was that the apartment still smells of paint. There is some noise from the trains, as they are just below your window, but we did not mind it. It might be harder to live with in the summer if you are used to a quiet environment.",1
659,2986553,2017-07-30,We stayed in Anna's beautiful apartment over the weekend and it was absolutely perfect - it is very central and a 15 min walk or 5 min ride on the tram to the city. It is also very easy to get to from the airport and very well serviced by public transport. The apartment itself is very spacious and spotlessly clean! We would certainly recommend it!,0
661,2986553,2017-09-09,"Anna's place is really spacious, well located and great value. The upstairs loft bedroom is amazing :-) It feels very homely, has a lovely atmosphere and has everything you need. I can totally recommend it and will be staying there again on my next visit to Zürich.",0
677,3209659,2015-11-14,"I spent more than a month here. The house is located in a residential area, peaceful, green, however Migros/Denner, etc are still close. The house is quite big, really well equipped and a cleaned twice a month or so. Rossana is nice and very helpful. The Parking space is a nice extra - rare to be found in Zurich. I'd recommend the place for anyone planning shorter or longer trips to Zurich",0
688,706997,2018-12-01,"Very nice small apartment! Loved the location: very cool neighborhood, close to public transportation (wipkingen train station and bus station) and grocery stores. They clean te apartment every two weeks, which is really nice. Andrea was very responsive and accommodating with check in and check out times. The only downside was that you could hear the trains from the apartment. It wasn’t a big deal for us, but I could see it being an issue for light sleepers.",1
698,3209659,2022-06-19,The house is super clean and organized. Rossana was really nice and communication was a breeze. The location is a little outside the city center but the area is lovely and public transport is very convenient.,1
721,3483175,2022-05-28,"We had a nice apartment, 2 sleeping rooms and one sleeping couch in the living room. It was very clean and with everything you need, meaning kitchen, bathroom, towels... We have booked for 3 nights and the last day decided to stay one more night. I could just recommend this host as well as apartment. It is very well connected with the whole city via public transport and it is not far out at all, you can walk. With two small kids and 2 adults extra, this apartment did fit us perfectly in every way. Contact person was available and very helpful. Thanks for that! Just perfect, that's all! :)",0
727,743035,2015-01-04,"Thank you Jacqueline, we had a very nice stay at you place as the name says paradise on earth. For as it was --> a lot and lot of snow. Which created a magic world like some were fare away, however it was so closed to one of the best city in the world. Despite the heavy snow and cold temperatures your house was beautiful warm and cosy. Thanks for the toboggan my boy will be for ever great full. Markus and Family",0
748,3483175,2022-08-06,"The apartment is conveniently located in a great neighborhood with easy access to stores, sites and Everything else. It is spacious, clean and well equipped. The management team is pleasant and very responsive. It was very hot when we stayed due to a heat wave, however, the place was equipped with two fans that worked well. I would recommend this property.",0
757,3673115,2015-05-17,"A great place to stay if you want to explore Zurich. It is in a great neighborhood with lots of restaurants and bars, but also well connected to public transportation. However, take care the apartment is a very comfortable place to relax and with two terraces you may chose to explore Zurich from the comfort of home. Gian made coordinating access to the apartment very easy and helpful with questions about Zurich. I would definitely stay there again.",0
763,3680581,2015-05-19,"This is a very comfortable, spacious and well located apartment. Lizanne was very responsive to solving any problem she could once we arrived. Cable TV wasn't working so she upped WiFi to unlimited within 30 minutes, so we could stream TV. My only complaint was the noise of cranes, bulldozers etc on massive construction site opposite, building workers said the job will go for a year or two. This may have been noisiest stage, but not sure. And unfortunately Lizanne did not suggest that we might want to get other accommodation until we'd been there for one night, rather than before we arrived, although she did tell us a week before about scaffolding on her building, and the demolition opposite had obviously been going on for a week at least, if not longer.",1
766,743035,2019-08-23,It was a very nice and cozy house. We stayed very relaxed. The only problem was that it was difficult to connect to Wi-Fi. But Wi-Fi wasn't a problem for a three-day stay. Carrying our luggage by car at the time of departure was very helpful. Thank you very much,1
778,3680581,2022-06-18,"Lizanne's place was very close to the lake which was very helpful in the heat. There is no AC or fans. The nights were cool with the windows open. There is an elevator which was helpful to get to Lizanne's place. The bushes are much taller than the pictures show. The number on the building is hidden because of the bushes, but it's very nice. The place is definitely a personal residence that is rented out. There are personal photographs and effects. There was no place to hang my work clothes, but that was the only con. I'd stay here again but not for work.",1
784,3681649,2026-02-11,"Very comfy, perfect for what I was looking for, which was a place to stay quiet after a day out. The only thing to mention is that it was a ground floor by the side of a pub, and there is a table by the window that can become noisy on the weekends (until midnight). The place was clean, comfortable, with a place to leave the luggage. The heating is via radiating floors, which makes the winter stay very pleasant. If I am going back to Zurich, I would try to book the same place.",1
811,3681861,2021-08-13,"We had a great stay. The balconies were great for morning coffee, The bed was very comfortable, the air conditioning was a huge bonus for sleeping at night, and the neighborhood was very peaceful. We will be back.",0
813,3681861,2022-05-27,"Joy is a welcoming and responsive host Arrival and departure are very easy Apartment is very well located, fully equipped and very comfortable Building is pretty, practical and with lift. The private car park at the back of the building is very useful Two balconies with greenery and sunny Living there gives us the impression of perfect Zurich immersion This was our second stay in this apartment and we will come back with pleasure Thank you Joy",0
837,815055,2014-05-26,"This was my first time with airbnb and I am more than satisfied. Nathalie and her daughters were delightful. The central location was excellently connected with public transport (which is unbelievably organized in Zuerich). The room was quiet and well equipped. I shared a bathroom but always found it free when needed. Nathalie was helpful with all the necessary information and left a large selection of informative brochures on the desk, plus (touch of class) a nice bottle of water. The unit was also very sunny and had a wonderful terrace that I unfortunately never could use due to the fact that I was working. Thank you, Nathalie!",0
850,3681913,2016-04-02,"Joy is a great host. Her apartment is very cozy and clean. The location is very convenient and close to the city centre, to which you can go just by foot. It's also very comfortable to stay there with a family with kids. Just one thing - there're not many grocery shops nearby. There is a greengrocery on the street, but the rest you can by in the shops which are 10-15 min away. Anyway we enjoyed our vocation there and would like to stay there again one day.",1
852,3681913,2017-08-28,"While we never met Joy in person, she was super responsive to questions and made check-in & -out very easy. We did, however, meet Ori, who helped out with getting the postal mail and replaced some bulbs for us; super friendly! The apartment is quite stylish, and the double balcony is a luxury. The quiet corner bar downstairs adds atmosphere, but also a little cigarette smoke if you're keeping the windows open mid-summer. The nearest grocery is open a little later than usual (9pm), and the tram quickly connects you to the rest of the city. If you have little kids, Park Artergut is 5m walk. The adjacent tram line ensures a quick connection to the rest of the city. Our family enjoyed our stay very much.",1
881,3682024,2020-10-07,"Allow Joy to welcome you home in Zürich. She offers a spacious two bedroom, two bathroom flat nestled minutes away from the lakefront and the city center. 3rd floor with views across the valley. Lots of mirrors make the space feel even larger. Fully stocked kitchen, bedrooms, and baths. Location offers great options for food shopping and public transport. You’ll come home to a modern European style home that won’t disappoint.",0
894,3682024,2024-04-04,"The neighborhood was quiet, so that was nice. The property was conveniently located by a public transport line. The property however needs some maintenance. The light above the bathroom sink did not work, and when we contacted Joy about it she said that the electric outlet did not work. We also asked for kitchen towels which were not provided. We suggest that coffee and filters be provided as a manual drip coffee maker was available. Additionally we suggest to provide guests with city information/maps. The tv did not work.",1
898,815055,2022-09-15,Nathalie is a wonderful host who gave me many suggestions for what to do in Zurich (and beyond). She and her daughter were very knowledgeable about travel and even asked me to join for dinner. I felt right at home the place was very clean and the view from the room was nice!,0
907,816887,2016-04-28,"Cozy room with bathroom, storage and balcony in a quit neighborhood. Ysabel, Stefan & Moritz (and Blitz) made us feel welcome during our 4 days stay in Zürich. The view from the room is excellent and makes waking up very easy. The breakfast (some days together with the family)) was good and included bread, swiss cheese, jams, butter, Nutella and coffee/milk, juice. A child bed for our little son (1,5 years old) was provided with a good matress. (unfortunately no high chair). All in all a good experience.",1
932,3682156,2016-09-07,"Joy's place was great, very convenient, easy to find and very clean! The apartment was perfect for me and my family, plenty of room and the entire experience with Joy was very easy. Joy was very responsive to all of our emails and was a pleasure to work with. If we are ever in Zurich again we will definitely contact Joy! Thanks Joy for making our first trip to Switzerland so memorable. The Brown's",0
947,816887,2025-07-09,"Took 3 nights are to reset after a long few weeks of travel. Was a great place to touch grass and relax. the Views from the room were fantastic. I don't usually do shared accomodations but the hosts were very nice and gave us privacy, but also available when we had questions or were in the mood to chat. would definitely stay again! thank you",0
958,3682156,2018-03-30,"Amazing Apt in the middle of Zürich, Happy we choose Joys Apt, as it has everything and she is a very lovely host. highly recommended",0
988,898829,2015-07-03,"Pietro was an excellent host, very welcoming and kind. The place was outstanding in terms of cleanliness and comfort. The room has its own bathroom and balcony. You cant ask for more!",0
1024,3682291,2017-06-09,"I rented the flat for my parents, and they had a very nice time there. Great location, clean, easy access to transportation and easy communication with Joy. The flat has everything needed for a comfortable stay!! Small thing: if you are lucky enough to have great summer weather in Zurich, you should expect a warm flat! An air conditioner is available, but the flat has large windows on the ceiling, without curtains. It can become really hot! I would strongly recommend this flat!",1
1028,3682291,2018-08-28,We had an excellent stay in Joy's roof top apartment with a beautiful view of the city. The air conditioning was efficient and most welcome in the warmer temperatures. The building and apartment was clean and the building street level cafe/bar was convenient and friendly. The close proximity to downtown Zurich was ideal. We are looking forward to a return visit.,0
1057,3683319,2017-01-29,I booked Joy's apartment for a group of employees visiting Zurich from our overseas offices. They all commented on how spacious and central the apartment was. Joy was impressively fast at replying to all my messages and was very flexibile and willing to help me with cleaning and key exchange etc. Our company will certainly use the apartment again in the future should the need arise!,0
1083,898829,2017-04-14,The apartment is absolutely fantastic! The room is quiet large and there is every facility you want. Pietro warmly hosts us and is really thoughtful--even prepares transfer plugs for us! Thanks a lot. And don't forget adorable cats in the house. They are sooo lovely and friendly! I definitely recommend this apartment to all visitors. 房间很棒，两个人住绰绰有余，软硬设备都很齐全，不用担心缺什么。房间采光其实非常棒，还有一个小阳台。离市中心稍远，不过这也不是问题，毕竟性价比很高了！推荐给不着急走、慢慢在苏黎世游玩的人！,0
1116,3683319,2022-07-29,"Very nice apartment in Zurich. The space is clean, safe, quiet, and very close to a tram stop. Includes 1 air conditioning unit and a washer & dryer. Nice kitchen with dishes for cooking. Our only complaint is that the listing indicates 4 beds but there were only 3.",1
1179,3813905,2017-11-09,"Very cosy and great communication. The neigbourhood is super quiet so you’re garanteed a good sleep ! For travellers with a car, parking can be a bit tricky in the neighbourhood if you’re with a car but in the end managed every night and the commute into the center was easy. Of course public transport in zurich is one of the best in the world so you don’t actually need a car.",1
1240,3813905,2019-10-01,"Rossana's studio is close to Luzern HB, main station. It only takes 2 bus station from the place. There's hair dryer, Iron and board, tea kettle and dishes. I think it's good place to stay if you want cooking for meal. However , I had to catch an insect on the table next to the bed. Spider was making net on the ceiling and I found another insect was hanging on the window in bathroom. I think the studio needs to be put net on the windows because the place is half basement and there's thicket. The studio was too much humid due to basement. I had to wear wettish clothes. The heating radiator was not working.",1
1394,3814983,2020-07-15,"The flat has a nice high ceiling, with three rooms, close to the lake and Chinagarten . It is ideal for a stay in Zurich!",0
1431,3814983,2025-07-28,"The apartment provided enough space for our family of 5 during our short 2-night stay in Zurich. The kids thought the home was cool with its high ceilings, funky tile, and other unique architectural details. Ubers were easy to get at this location, the tram station was a few blocks away, and you could walk to the city center in 20-30 minutes (mostly flat and sidewalks the whole way). Most basic consumables were there, however there was no shampoo, sugar for coffee, or an umbrella to borrow, so do bring those if you plan to stay here. The washer (and dryer!!) was a really nice touch as we used it a lot with 3 kids. The few times I contacted Joy she was friendly and helpful. Overall a nice stay in a safe neighborhood. Great for families.",1
1467,946104,2014-12-26,"Unfortunately we did not have the pleasure of meeting Wolfgang, however, we felt very comfortable and just like home while staying in his apartment. Wolfgang left clear and explicit instructions to find his home which helped our confidence in navigating the trains!! On arrival, his home was very clean, we loved the 2 covers on the very comfy bed and settled in immediately! As we spent Christmas Day in Zurich, being able to cook at home will provide memories for us for years to come! We would highly recommend you stay in Zurich at Wolfgang's apartment as it won't disappoint! Vanessa and Maddy",0
1480,3815437,2017-09-16,"Joys place was perfect! A gorgeous apartment full of character and everything we needed. We didn't see Joy at all, but the housekeeper Ori, was readily available. Great location, would definitely stay here again.",0
1488,3815437,2022-08-05,"Fantastic apartment, great location. Outside and inside were attractive and our family was very comfortable there. Just a few steps outside to a tram station from which you can get downtown in minutes, but the apartment was surprisingly quiet and peaceful. Short walk down to the lake as well.",0
1526,3872298,2014-11-12,"It was a very pleasant experience, the apartment is very comfortable, is always conditioned, and very comfortable, is super ...",0
1589,3872298,2025-08-16,The apartment is great. Very well located: sufficiently far from the center to be calm and sufficiently well connected to go anywhere you need to fairly quickly. Mars is very responsive and keen to help. The only downside to me was that the apartment gets quite warm in summer which prevents me from sleeping well. This might be in part because I am used to cooler climates though. And the apartment is close to a main road. This makes sleeping with windows open to cool the place during the night unfeasible as the car horns would wake me up early.,1
1636,946104,2017-12-01,"I loved my stay. The room was better than described. It was big, spacious, clean, tastefully decorated and comfortable. Wolf and Rosi were the best host. I was ill and they made me extremely comfortable. We even shared a meal together. Very special people. Really good energy. The location was great. I ate at one of the best restaurants located one block from their apartment. A little pricey but definitely worth it. There is a grocery store on the same block. Everything you need seem to be pretty close. The tram is also close. Two stops and you are at the main station. So getting around would be no problem. But the biggest draw for me was the personal connection to Wolf and Rosi. I thank you from the bottom of my heart.",0
1664,3890636,2016-11-01,Rosanna was welcoming and helpful answering questions and providing information promptly. She was quick to provide answers and items we requested. The neighborhood is a mix of residential and commercial properties. The businesses are closed at night so sleeping was not disturbed. Rosanna even included a fan which we were happy to use for air movement at night with the windows closed. The location is not in the Zurich center but access via tram is convenient and easy. There is a full service grocery 1 block away. Overall the apartment was very comfortable; better than a hotel room.,0
1771,3890636,2018-11-14,"Rossana was incredibly understanding and allowed me to check in earlier since I was only there for one day. The place is located in a convenient part of the city. The walk to the bus stop is just a few minutes. The closest store is Migros, but there’s also a Coop (my personal preference) just on the corner of where the bus stop is.",0
1850,1028631,2015-06-21,"Before and during our stay, Jurgita proactively provided with us directions and suggestion about Zurich. The apartment was beautiful and spotless. It was situated in a convenient area that has easy to trams, buses and trains. We had a wonderful time there.",0
1948,1028631,2022-08-27,"It was wonderful stay ! The host was very helpful and we had no trouble at all. The house is in a very convenient location, but the sound of the tram can be heard inside the house, so people with sensitivities like me might find it disturbing when they sleep. As an overall impression, it is a wonderful BnB in Zurich!!",1
1974,1566319,2022-08-04,"Good apartment and host very helpful. The veranda is large and well furnished. Whilst we were there however there was major building work in the main road which was noisy and prevented vehicle access. Also, and this may seem minor but for ladies ,major, the hairdryer did not have a plug that worked, so no hairdryer. Finally it is not close to shops so shopping was hard work especially in the hot weather. Also only a 15 minute walk from lake but very steep hill.",1
1975,1599790,2014-08-30,"I had a very pleasant stay at Ben's place. The apartment is very big and elegantly sober. The room is really nice and the bed is just perfect. Ben is always attentive if you need something and very nice person to talk to. If you are looking for the AirBnB in Zürich, don't look further :-)",0
1977,1599790,2019-06-26,"Ben is the best host ever! His place is gigantic, it is way bigger and prettier than it seems in the pictures!Very spacious, stylish and super clean! I think anyone can feel home as soon as they step in. I definitely did! Thank you Ben for your awesome hospitality!",0
1979,3897121,2014-09-04,I had a very nice stay with Michael and Vlad. It can be awkward to share an apartment but they were both very welcoming and friendly so this was not an issue (also due to the availability of a separate bathroom). The apartment is spotless and the terrace perfect on sunny days. Thanks for a great stay!,0
1987,3897121,2019-05-17,"Very cozy, nice room in the middle of Zurich’s trendy neighborhood Wiedikon. The flat is really beautiful with a nice rooftop terrace. Communication was very easy and had nice talks with my hosts. Felt like home! :) will come back for sure.",0
2002,3941358,2015-09-14,"the experience was great from booking to end. the host very accomodating, key handover on time, the studio was lovely, clean, lacks nothing and is located perfectly to enjoy and explore Zurich. I will book it again.",0
2048,3941358,2018-06-11,Nice studio apartment 30 min walk from the train station. I did not like Zurich very much but the apartment was pretty good. The wifi was great the place was already alright. It was very hot in Zurich and place had no AC. Overall nothing special just a place to stay.,1
2055,1637876,2013-12-02,"Yvonne and Alan are very nice hosts. The apartment fairly close to the universities and close to several tramway stations. Sharing bathroom, toilet and kitchen was no problem. Recommended.",0
2120,4201898,2015-12-09,"The apartment was clean and in a very convenient location right in front of a tram stop. It was also pleasant enough, and the host gave us a better apartment than that advertised. That said there were a lot of basics missing - for example, we ran out of toilet paper, there was no soap, or any of the usual pleasantries of an Airbnb property - soap, tissues, salt and pepper in the kitchen. The major issue however was that the host did not warn us of the works ongoing in the building. We intended to work from the apartment during one of the days, but this was impossible due to the extremely loud drilling just next door. I'm not sure I would revisit.",1
2126,4201898,2016-08-13,We arrived early in the morning and unlike described the host managed to offer us the apartment at 10am instead of 3pm. We got a brief introduction of the transportation and shopping facilities nearby and were offered support if needed. The tram is right in front of the building and brings you in approx. 10-15min to the city center. There is a smaller supermarket that offers all necessities in walking distance (2min). This is a perfect place for a short and long stay Many thanks to the city star team,0
2173,4222657,2015-06-29,"Very big, nice and clean apartment with a great adress right by the lake. The City Stay staff is very helpful. We are a family with two small children and it worked great.",0
2176,4222657,2015-07-30,"We knew we were going to arrive after hours so we pre-arranged how to get into the apartment. The keys were exactly where they were supposed to be and the instructions on how to access the apartment were excellent. The apartment in mostly great. The only downside is the shower which is very small and no matter which way you turn you're always sticking to the shower curtain. Once you have your shower temperature set, the water temperature fluctuates from very hot to cold, so you have to step into and out of the water periodically. Otherwise this place is great.",1
2228,4246456,2015-06-29,"It is a wonderful stay, especially with the musicians in the small but comfortable bar at 1st floor, perfect location to the lake and city center. however, driving to there may not be a good idea since the parking slot is quite tight",1
2229,4246456,2015-07-03,"The listing was right in the middle of the city. Very convenient and small if you're looking for value and not space. The person who greeted me was less than welcoming. Katie didn't respond to many of my messages resulting in confusion over the meeting place and time. The room also can get very warm- so be prepared. The bar downstairs, however, was entertaining and cute.",1
2398,1637876,2017-09-28,Yvonne and Allan were great hosts~~~It was my wife and my first time in Europe and first time staying at an airbnb and they made our stay very memorable~ There were lots of great aspects at this place. 1.It was very quiet as we were the only ones sharing with the hosts. 2.The room was very spacious and lots of sun~ 3.All the rooms were extremely clean~ My wife is a little germaphobic but she was at ease the moment she walked in the room. 4.The hosts spoke English!! We did not realize being able to communite was a big deal until we came to Italy...haha 5.The neibourhood is phenomenal. Eveywhere we pointed our lens were beautiful. WE HIGHLY RECOMMEND THIS PLACE!~♡,0
2877,1638930,2014-05-01,"I was pleasantly surprised of how beautiful the apartment is and having my own little bathroom was awesome. The room is exactly like it looks on the photos, small but pretty, and the location is great. Nearby are great places to eat and drink. A few minutes to public transportation and with them a few minutes to the city center. Besides all that, Ivo is a very friendly host and puts a lot of love into details. Towel, tiny shampoo and shower gel bottles, and small chocolate pieces on the pillow really made me feel like staying in a 4 star hotel. I hope to be able to stay here again.",0
2955,1638930,2017-01-06,Ivo is a great host! He provide water and some chocolates for my stay. The apartment is centrally located and close to everything. I highly recommend this place!,0
3099,4290893,2015-03-22,Our stay was fantastic and the concierge service was really helpful with anything we might have needed. We had a little hiccup with the brand new stove that was installed and they were able to resolve it within a couple hours while we were out and about site-seeing. Thanks for a beautiful apartment!,1
3106,4298448,2015-05-12,"When we arrived the host was away, however her nanny let us in and showed us the room. Because her nanny does not speak English, it would be a good idea to ask the host any questions before arrival in cases when she's away. The room has a separate entrance and is as shown in the picture . It only has a sink and to use the bathroom guests have to use host's property bathroom (shown in the picture). The pull-out sofa has an air mattress. Guests receive keys to the main property and can use the living room, host's bathroom with shower, kitchen and outside yard, which looks very nice (even nicer than on the picture!) We enjoyed having our breakfast outside on the patio. Duygu was very friendly and helped us with any questions and requests we had.",1
3107,4298448,2015-06-09,"The apartment was in a very good location for getting into town or the lake. There is a nice garden to sit in as well. We made our reservation at the last minute and Duygu was very accommodating. However, the en suite in our room was used by the other guests staying there which was a bit inconvenient but we didn't mind too much. The apartment was clean and bright and Duygu was very pleasant. Overall I would recommend this place.",1
3149,4315829,2020-12-12,"I highly recommend Silvia's place for long stays. I stayed a month and it was the perfect setup. Silvia maintains a very fluid communication and the place is always clean and tidy, which I appreciate. Very well connected via public transport as well. 100% recommend!",0
3185,4315829,2024-04-21,Very quiet. I was the only guest for 5 nights. The kitchen has everything you can possibly need and more. The room was arranged nicely. Bathroom and toilet super clean. Nothing was lacking.,0
3197,4368558,2014-12-09,"First of all thanks to Simon for making our stay very enjoyable and hussle-free. The apartment is very spacious, clean, and had everything we needed. It was located on a big avenue but there was no noise from the streets interrupting our sleep. The location was also convenient, we were approx 15' tram ride from central station, city center, etc. The key hand-over process was also very smooth. Simon was very flexible to adapt to our needs. Thanks again for everything!",0
3198,4368558,2015-05-23,"Simon was a wonderful and accommodating host. We were greeted by him upon arrival with a bottle of champagne, cheese, and and openness to chat about the area, the city and it's culture. The apartment is just as it looks in the photos, clean, bright and spacious. Location is quite good - we were able to navigate ourselves to the city centre, and other attractions easily and in good time. Our stay was only for 2 days, but would happily stay here again if ever in Zurich.",0
3204,4381761,2017-09-24,"A nice place in a hip neighborhood with lots of night life. Of course, nightlife means noise at night. As Stefan describes it is ""lively"" at night. Apartment is minimalist in decor with some unusual touches. Clearly a creative couple live here. Kitchen is well stocked though we did not use anything but the refrigerator and a few dishes. No wifi! We took the opportunity to unplug for the weekend. Stefan was very easy to communicate with and even checked our first day to make sure we had made it in ok. Easy key exchange. A bit expensive for the location but overall an easy and enjoyable stay!",1
3210,1834747,2014-07-04,"Rakesh was the perfect host! He was incredibly welcoming and even took the time to give us a tour around the neighborhood. The location couldn’t be better – a cute and convenient street in the heart of the old town. The apartment was very clean and quiet, and we really felt at home with Rakesh’s great tea collection, free wifi, laundry, and tv to watch the world cup games. Rakesh was flexible about our arrival and departure times, allowing us to check in far earlier in the day than a hotel would have. Rakesh also gave us great restaurant recs. We felt like we were able to get a much more personalized Zurich experience thanks to Rakesh’s hospitality!",0
3231,1834747,2023-10-01,"I absolutely loved my stay at this aprtment! Rakesh was super responsive, and he also went above and beyond to make me feel welcome. He allowed me to check in late and leave my bags so I could explore the city for a few hours before checking out. He also had great recommendations for activities and dining in the area. The apartment itself is a gem. It matches the description and photos perfectly - clean and cozy. The location couldn't be better, as it's within walking distance from the main train station. I would definitely recommend this apartment to anyone visiting Zurich!",0
3249,4381761,2025-08-06,"Stefan was a great host, he contacted me 24/7 and helped me find a place just hours before my arrival. He was very nice and friendly. The house was spacious and comfortable, the only issue was the neighborhood was a bit loud, but when the windows are closed the sounds doesnt effect you much.",1
3256,4425760,2017-08-17,"Highly recommended! The place is close to tram stop, near to city. The house has everything you need and is perfect for 4 persons. Spacious apartment and nice to chill in the house/rooftop balcony ( if you want to escape the city hustle bustle)",0
3257,4425760,2017-12-30,"My husband and two kids and I felt so at home in Sandra's flat...because it *is* a home, not a charmless rental property. Our favorite thing was all the color, all the art, all the whimsy on the walls. But there are also big windows, splendid views, and the ideal location. It was perfect for us!",0
3308,1944658,2018-06-30,"Absolutely fantastic host! The room/apartment area exceeded my expectations! It was very clean and comfortable. In a quite area of Zürich close to transit, or a half hour walk to the Altstadt. I would definitely stay here again!",0
3320,4460481,2017-07-18,We had a great time staying with Choryon and her husband Stephan. They are lovely hosts. They are very kind and helpful. The apartment is very clean and nice. It is 5 minutes rides by train to the main train station and the sightseeing attractions. The tramway #2 is near the apartment. You can take it to go to the lake. I highly recommend this private room in Zurich.,0
3359,4460481,2022-06-13,"Stephan and Churyon are such good hosts. They constantly check on the weather forecast to help us better plan our itinerary and offered suggestions on where to go. We enjoyed the numerous conversations that we had with them and felt really comfortable throughout our stay. They even invited us to join them for a BBQ. And of course, I was really happy to be welcomed with yummy Lindt chocolate in the room :) Great location, great hosts, comfy place!",0
3375,4666318,2016-01-29,"Gisela's apartment is perfect. Large living room, bathroom, bedroom and kitchen. Everything was well decorated and clean. The place itself was quiet (I could hardly hear any sounds) and got lots of light. The checkin process was seamless as well as Harald was very accommodating. Would definitely stay there again next time!",0
3385,4666318,2018-07-04,"Gisela's place is amazing, she and Oliver have been great hosts. They greeted us at arrival, helped with our luggage and showed us around. The apartment is beautiful, clean and was well stocked with everything we needed for our stay. We would definitely stay there again.",0
3414,1962016,2019-05-05,"Roland is a great story teller and a store house of knowledge. He has useful tips to visit places including short cuts to the station, restaurants and places to see in Switzerland. The rooms were warm and the breakfast was outstanding. The tram stations are nearby for visiting places. He was kind enough to make coffee at 5.30 am in the morning on the day we were leaving and packed us some breakfast.",0
3428,4748384,2023-12-03,"I stayed for a few nights in one of the EMA apartments. Everything was very clean and modern, and the location is only a few stops from the Zurich central station.",0
3435,4748384,2025-10-08,"This is a service apartment, generally reserved for longer stay business people in Zurich. To have it listed as an AirBnB at those prices were stunning. It is like having an amazing 1 bedroom apartment. The kitchen is stocked with any type of ingredients, but it has all of the basic kitchen utencils. It is about a 12-15 minute walk from the train station, or very accessible by the tram 1/2 block away. I loved every part of this stay, and hope to get to stay there again. (I might bring my own pillow. The Swiss pillow, which are flat and very large are very different from hotel pillows. Just saying).",1
3452,1962016,2019-10-01,"A passionate host in all senses Roland is a passionate host in all senses and likes to share his passions with his guests. Architecture, music, Swiss painters and sculptors, photography, cooking, spices, traveling, even love are some of his passions Roland likes to talk about. His first concern however is the well being of his guests : explaining the worth seeing sites in Zürich (don't miss the University library by Calatrava and the purposeless machine by Jean Tinguely) which tram to take to go to the city (we did everything on foot), where to eat at a reasonable price and last but not least the breakfast he prepared and served each morning. Thanks you Roland for a unique stay in Zürich!",0
3547,4796892,2015-10-24,"The location is very good and near to the central and tourist spots. It is really convenient. And, the toilet and bathroom is clear. But the wifi is difficult to assess. The network is not good.",1
3560,1982405,2019-03-31,"It's a great place in terms of location - about 15 minutes to get to Zurich main station (walk and bus) and even faster with a train. It may not seem that much, but the tiny terrace is a great mood booster on a sunny day. Moreover, Nasma and Giovanni are great hosts and very eager to help.",0
3561,1982405,2019-06-29,Check in process was easy. Never got to meet subas his parents was hosting us. They didn’t speak English well so communicate was harder at times. It is located in a great area. The back court is amazing. But there was miscommunication between subas and his parents about amenities we had to buy our own toilet paper. If you have allergies this place is not really a good place to stay it’s a dust pit. If you don’t have a key to the apartment complex you have to ring someone’s door and when they ring the parents room our room got buzzed too. It got buzzed so many times really early in the morning waking us up. Constantly. This place is good to stay for a short time not for a long period of time. We stayed for 3 months and wouldn’t stay again. The room also had ants everywhere.,1
3628,4796892,2016-07-28,"Katie was great and welcoming. The property is like depicted in the pictures and description. It is very cozy and clean, and the music did not bother me too much as I was out till shortly before the bar closed. The room was fairly hot and I was skeptical to open the windows due to the ant problem I read about in previous reviews, but I gave in and opened them for a little while without any issue. The wifi was very slow however. The location is amazing and is right by all the bars and restaurants.",1
3694,1992345,2014-01-03,"Hi, your apartament was perfect for us! We shared many moments and have great memories! It is in excelent palace and we had very home feeling in your apartament and we wish we will find time some day to return back. And thank you for understanding about late coming, it was very kind from your side - no stress! Thank you and wish you the best! Elina&Nico",0
3753,2004128,2014-05-10,Lovely flat very nicely located in the heart of Zurich. Very good communication with Malin who seems to be a lovely person (unfortunately I had no chance to meet her in person). She prepared everything for my stay which was very pleasant. I recommend her place that is charming and very good value for money. I will book the flat in the future if available. Thank you Malin!,0
3785,2004128,2014-07-17,"let me start by saying that Malin was an amazing host. I had a great time in her place. She helped me settle down even made the trip to help me use the laundry facility in the building. she was a very nice person and her place was clean and very comfortable bachelor apartment. She was beyond easy to deal with when I had an emergency to deal with and I had to change my booking she understood my problem and accommodated me. In short I think the area was perfect, very nice and quiet easy to get to Zurich HB and close to many stations with all sort of supermarkets around. The apt was perfect for people who look for a short stay in zurich or anyone who is not looking for a large place. The elevator in the apt which is not very common in Zurich buildings also saved me time and time.",0
3859,2019124,2015-05-16,"Great apartment. Nearly brand new. Everything works. Good neighbourhood. Good transportation. Mo is a very solid human being first, and helpful above and beyond the call of duty. Highly recommended. Zero issues.",0
3866,2019124,2020-01-18,"We stayed in this apartment for almost 3 months. Everything is just as you see in the pictures. The location is excellent and the facilities are well-equipped and quite nice. The only problem is the floor heating system that the room is a little bit cold during winter time. Mo is a nice guy, if you have any problem he will reply to you quickly. Overall, I recommend this apartment for you.",1
3895,2021797,2014-03-17,"Yosh, is a very friendly and supportive host. His room is spacious (provided plenty of room for the three of us visiting) and has everything one needs. Yosh gladly provides advice on where to go and what to see in Zurich. He is a very open minded person and fun to talk to. Unfortunately, we had a very short stay and a packed program.",0
4053,2021797,2017-10-21,"Yosh Noro is a very friendly guy. But his house looks untidy and messy especially the kitchen. However, he kept his toilet very hygienic and clean. The room was just ok to have a sleep.",1
4120,2045519,2014-09-08,"Christine is a flexible, accommodating and excellent host. The rooms are perfectly fine and the place is clean. She is very helpful, has lots of information about the city and gives good suggestions. The location is great for getting to the centre and for access to supermarkets and such. It's a good place to stay for a short trip to Zurich or as a temporary place whilst you look for something more permanent (my situation).",0
4156,2045519,2016-02-07,"Christina was the best possible host to have. Nice, helpful and friendly. The room was in good condition, clean and comfortable as well as the whole apartment. Christina also provided with fruits, milk and bread for free which was surprisingly pleasant. To sum up, I recommend Christina for everyone looking for good price to value ratio.",0
4176,4797373,2016-11-25,"We've liked Katie's place a lot. Very central location, nice furniture, great kitchen. Even though the house is 700 years old, it has been recently renovated and the new hard wood floor doesn't squeeze at all. Can't say that about the floor above us, but the apparently upstairs was occupied for only couple of nights so it wasn't a big issue. Katie's generously provided us with two child beds for our kids, and even though Appartement didn't have an espresso machine, we were offered one when we've arrived. Extra thanks to Maria for the great check-in and allowing us to leave our stroller downstairs and to Ingrid for bringing the espresso machine. Would love to stay there again.",1
4221,4797373,2017-10-23,"This place was very centrally located to everything that we wanted to see in Zurich and also very close to public transportation. The only thing that caught us off guard was that the 2nd bed is actually a fold-out couch, so the only common area to share is the kitchen table area when that “bed” and living area is being used.",1
4276,2049847,2016-04-16,"Christine was very welcoming and helpful. The location was great, with easy, quick access to the tram downtown. The furniture was dated, but was functional. It was very quiet for its central location, and the room was a decent size. This little gem in the heart of Zurich is a great deal and well worth considering as it won't be available for ever. Quiet, 15 mins from downtown and big enough to feel comfortable for a few days. A good first airbnb experience for me.",1
4359,2049847,2023-08-07,The room and common areas such as the kitchen and toilets were well-maintained and very clean. The host was super friendly. It takes less than 30 minutes to walk to the center of Zurich.,0
4403,2073042,2021-06-25,Christine’s place was the perfect place to stay for a start in Zurich. She was extremely helpful with registration and any questions I had. She let me drop off my bags before my stay and keep them there for a couple days after. Very flexible with extending the stay. Forest and nice views 5 min walk and lake for swimming in 20 mins.,0
4405,2073042,2021-07-14,It was such a pleasure to stay here! Christine received me personally and gave me a quick tour of the house and suggestions for things to do in the city! The house could not be any closer to the train stop which made so easy to get around. Overall it’s the best place you can get for a lesser cost than the rest of the city! Definitely recommend and will stay again.,0
4481,2082084,2014-12-15,"Yosh is a good host; kind, friendly, and generous in giving information about Zurich. The apartement was in a great location, close to city center, supermarket, and mountain. The room that we stayed in was bright, perfect size for 2 people, clean and warm. We hardly heard the noise from the train. Overall, we had a plesant stay in Yosh's place. It is highly recommended. Thank u Yosh!",0
4522,2082084,2016-04-21,"I enjoyed staying at Josch. Everything you need to know about the appartment is accurately written. I can add Josch is a very nice person, that helps you to hang around in the city. Comfortable accommodation and good sleep. Thank you Josch!",0
4573,4921250,2016-01-21,"We had a great time at Patricia's place. It's quiet, but located close to two tram stations and a grocery store. Also very easy to get downtown. The apartment was clean and as advertised.",0
4582,4921250,2017-05-03,"Beautiful and charming apartment in a residential area, only 10 minutes away from the downtown. Nearest tram station is literally 3-4 min away. We were travelling with our 2.5yrs old son, and Patricia made sure we were provided all the essentials upon our arrivial. She is super kind and communication with her was more than excellent. Our stay in Zurich was definitely superb thanks to Patricia and her lovely apartment. Thank you!",0
4635,5000434,2015-12-13,"Rented this for my parents, who were very happy with their short stay. The appartement basically has everything they needed, and they really liked the location so close to the train station.",0
4640,5000434,2018-06-30,"Reuben was a wonderful host who worked with me and my travel companion when my flight to Zurich was delayed. The place was conveniently located, clean and nice. Would definitely recommend.",0
4655,2470664,2019-06-23,This is a great one bedroom apartment in a completely central location. Absolutely spotless and the kitchen facilities are good. The furnishings are a bit spartan but there's everything you need - it was a perfect base for my three week stay. Some previous reviews mentioned a bit of noise but the windows are very sound proof and it's really nothing more than what would expect in a city centre location -- and certainly no issues at all during the week. Highly recommended.,1
4659,2470664,2020-08-30,"Alberto is a great host, responsive and helpful. The place was exactly like on the photos, cute, nicely furnished and has everything needed (a very small kitchen and bathroom, but everything is in perfect order). It is right in the city center, which is extremely convenient. The only important notice is (and this is a trade-off for living in the center), the place is not suitable for noise sensitive people - especially in the summer, when people tend to stay outside/under your windows longer, plus the church bells.",1
4683,5055921,2018-10-22,The location of Tania's place was amazing!! It was really a huge perk!! Everything within walking distance- made for very good use of our days with a baby. Tania's home is well equipped with everything you could need. The place was extremely clean and the washer and dryer were a huge plus!!! The parking is the only downside as you have to find a parking garage and they are not cheap. We got very lucky though and the apartment is above Hotel NIMO and the very kind staff there allowed us pay to use one of their parking places!!! This was huge as we were traveling with an 8 month old baby and hauling our stuff back and forth from a parking garage would have been a nightmare. Thank you for the wonderful stay and the quick responses! This was a great first start to our stay in Switzerland!!,1
4706,5055921,2019-12-10,"The place was very spacious, clean, and accessible. We loved the proximity to the opera house and the Bellevue Christmas Market during our stay in December. Tania’s communication was also excellent and we had no problem checking in or checking out. Thank you Tania for a wonderful stay!",0
4754,5168505,2015-08-23,"Silvia is a warm and generous hostess who welcomed us into her lovely home. The accommodation is comfortable and we enjoyed a great night's sleep in a spacious room. The vicinity is quiet and residential with very good public transport access. The breakfast was excellent with fresh fruits, and home made jam. A generous feast along with the best coffee.",0
4768,2579889,2014-07-10,"Neils is a great host! It is a pity we didn't stay in Zurich for longer, he is very nice and available to contact if you have any problems at all. The apartment is beautiful, clean and spacious. The toilet was no problem for us at all. Just remember to lock your door when you close it! it doesn't lock itself (but the suburb is very peaceful and safe anyway) Would definitely reccomend this apartment especially with such a great host.",1
4776,2579889,2014-08-27,We had a great stay in Niels' apartment. He was quite accommodating as we were quite late for checking in. The bathroom set-up was not an issue at all. The apartment is very clean and has everything you need for a comfortable stay. We would recommend this apartment!,0
4886,5168505,2023-08-16,"Sylvia was a great host and we enjoyed staying at her place. The room was clean, the location was convenient and she was very responsive to questions. We would definitely stay there again next time we're in Zurich!",0
4945,5208392,2016-01-01,Location is ideal. Walkable to the city. Neighbourhood is quiet. Functional and well maintained space but the main building feels old. Would have preferred if laundry facilities was within the apartment instead of the basement.,1
4948,5208392,2018-12-09,"The Good: Great place, ended up extending my stay by an additional two weeks for a total of one and a half months. Would definitely recommend. Cleaning staff comes in and does a great job of keeping everything in good shape. Needs Improvement: The instructions for the washer/dryer were inadequate and the management team finally agreed that there were electrical problems. First laundry I was forced to do elsewhere (there's a laundromat about 15 min walk away). The next times I was able to do laundry onsite after considerable back and forth. I'm no stranger to doing laundry in a foreign place so this was an outlier. The dishwasher was also not obvious but the response from the management was quick. It would be ideal to have accurate instructions handy for both.",1
5003,5209282,2018-09-17,Studio apartment located very close to many food options and shopping. On a quite street with a park right across the way. Very clean and comfortable with quite neighbors. I would stay here again when visiting Zurich!,0
5065,5209282,2020-04-25,The studio is a dream and my stay there was extremely enjoyable. I will always remember the sunrises and the bright and positive energy of this room. It has everything one needs and more.,0
5161,5267443,2015-12-30,"This is an excellent apartment, with plenty of space and a great location for anyone looking to explore Zurich and wider afield. It is only a few tram stops to the Hauptbahnhof and the lakeside and a short walk to shops and supermarkets. The flat was very well presented and we received good instructions and guidance about access, appliances, local points of interests etc. We felt very much at home during our week's stay and cannot fault our first experience of an Airbnb apartment.",0
5170,5267443,2018-04-28,Tilke is a great host..... she makes you feel at home and is reachable anytime to answer all your queries.. A huge apartment close to (only one station away) fm the main Zurich station.... was a pleasure to see Switzerland from her central place. Strongly recommended!!,0
5254,5350881,2018-06-11,"A great studio, clean and roomy. Phantastic Location with Tramstop right out of the door, only 7 stops from Main Train station!",0
5256,5350881,2020-01-06,"Great and easy to access and use apartment, very well kept! The Italian restaurant across the street is superb, and quick commute to Bellevue. Calm area.",0
5291,5483148,2015-07-09,The location was really good but the place was so hot. It needs an air conditioning badly. Christian was nice with us and tried his bestand provided us with a small fan but unfortunately it was not enough.,1
5343,5483148,2016-07-18,"Clean place with great location and view. Do know, however, that (apparently) nobody ever lives here and that this is a business - Bianca is an assistant for Chris, according to him - so if you like to meet your AirBNB hosts, this is not the place. The bathroom has half-empty shampoo bottles from the previous guest(s), and the wireless is unreliable. The windows facing out have no curtains or blinds, so those across the channel can see in, which gives less of a feeling of privacy than desired. That said, I really only needed a bed to sleep in and wanted a place in the old town at a decent price, and this was entirely satisfactory according to those criteria.",1
5627,2668952,2015-12-09,"I've never seen Blanca and Chris. The room was very warm so even though it's cold winter, we stayed very well. The location of the flat was very nice. we could take the tram to get the flat, but it took just two stops. However, they were abroad, so it was very hard to get their answer.",1
5640,2668952,2016-04-22,A warm welcome and a clean attic-sudio. Very central location within a walking distance of everything interesting. Great view of the River Limmat and the Lindenhof. Only drawback: the attic is very thin-walled and it was more than apparent that the first night the room next to mine had been let to a young couple with a small child. The second night that room was empty and I slept like a log.,1
5669,5553853,2017-05-08,"Absolutely superb location and apartment! The room (apartment 12) was bigger than we had expected and it was very clean, quiet and had a very cozy feeling and ""feng shui"". The only (very small) downside was that when we arrived in the evening, we only had towels for one person but Tania responded to us in the morning and arranged the cleaning lady to bring us another set of towels plus toilet paper which we were also in need of. All and all a very good experience and hope to stay in the very same apartment on our next visit to Zurich as well.",1
5698,5553853,2017-10-06,"It is a good choice for short stay. It is clean, simple and tidy. Like the environment, local residential area with very good choice of restaurant. Just ensure you don't have last minute question to Tania, we messaged Tania in the night time and normally received feedback next morning.",1
5768,5609431,2015-07-08,"We had a great stay at Cathy's! She wasn't home while we were there, but her roommate Beni was very welcoming, even though he was quite busy. The apartment is very clean. The kitchen had everything we needed and was comfortable to cook and eat in. Thanks for everything!",0
5773,5609431,2022-07-01,"Very cozy room in a beautiful area of Zurich, not too far from the city center and quite close to the nature. Cathy was a perfect host.",0
5872,5687423,2018-02-18,"Everything is good and nice. The location is great, very near to the tram and a train station. It’s located in the middle city of Zurich. The only problem we have, there is no elevator which is quite difficult if U have many luggage or difficulty in walking. But everything else is perfect. The place is clean n huge, also a balcony to sit and chill with the cold weather.",1
5948,5687423,2024-01-31,"Dimi is a great host. Thanks to detailed instructions check-in went easy. The apartment looked like on the picture, was very clean and comfortable. It had all the kitchen appliances we needed. Unfortunately, there was no car access to the building and no parking belonging to the building. We had to walk about 400 m to the place. But Dimi advised us a few covered parking spaces, do we parked our car there. Otherwise, the neighborhood is very nice with plenty of restaurants, cafes and shops. Definitely would stay again.",1
6115,2679799,2018-04-01,"Salvia is a very kind person and my guest liked her room and the very quiet place very much. It‘s a bit outside of Zurich however, with Tram or Train well reachable.",0
6134,5744466,2017-11-05,"Excellent value for money. We had an excellent stay in Fuwa's lovely and very clean appartment. The location is in a appartment zone with many playgrounds, trees, .... There were construction works going on (new appartment buildings), but the noise disturbance was limited. There are shops, a pharmacy, and restaurants nearby. The location is not in the city centre, but we preferred this.",1
6156,5744466,2019-10-08,"A wonderful place to stay at when in Zurich! The apartment is centrally located and has 2 tram line stations available nearby. The airport is 10-20 mins away. The apartment itself is very pretty, spacious, and clean. Fuwa is such a wonderful host. She's easy to talk to and always available. I will stay here again if I ever come back to Switzerland!",0
6238,6007128,2015-06-17,"The room was OK as described in the photo. We have four people so two of us sleep on the couch bed and the other 2 sleep on an air mattress. In general, the room was crowded for four of us and there was no enough hot water. Some of us had to take cold water shower in the early morning. The host was welcoming and the house was clean. He sent out detailed descriptions of the direction and the city before we arrived and stayed very accessible. However, there was not many living stuff provided in the room. We did not receive towels and bath utilities ( we asked for towels and hosts provided their personal ones).",1
6248,2679799,2024-12-08,Salvia is a very kind and helpful person. She took me from the train station and gave all the instructions about the way and the house . Unfortunately we didn’t have any other time to spend with because she was away for the weekend but she prepared everything for my stay and she answered all my questions quickly during my stay. Thanks for everything Salvia.,0
6272,6007128,2017-08-20,"jen's place was exactly the same as the picture. really clean, but i've found a bug(?) once on the sofa bed. not a big deal. and looks like jens was a bit hurry to prepare our room bcs the bedcover is a bit untidy. however, it was good to stay at there. eventhough we didn't have a chance to met jens, but he was very communicative and very helpfull :) thankyou jens!",1
6313,2759581,2023-01-14,"Location was incredible! Stocked kitchen and washer/dryer. All the stars for that. However, the flat was not exactly as expected with a lamp without a lampshade, stapled on shades acting as a divider between the bedroom and rest of the space, stained couch covered up with blankets. Key exchange was hard to coordinate even with booking 3 weeks out. Though Alberto reimbursed us for the Uber we had to fetch the key, it was inconvenient after 10 hours of travel. Overall it was a good stay but it could have been so much easier and delightful if other details were taken into consideration.",1
6326,2759581,2025-05-03,"Thanks for a great stay! The location is incredible. It’s an old apartment, but it’s kept up quite well. The host was quite helpful and communication was great. I stayed for a month and felt quite at home, this place has everything you need.",0
6365,2836559,2019-06-18,"Fantastic location, big comfy bed, clean, lovely view, everything you want in a place. Under 10 min walk from the central station and from all the sites in the altstadt. Even though the flat is super central, it's still quiet at night and I slept very well on the big, comfortable bed. There's a really cool showerhead that changes colors too. Highly recommended!",0
6372,6080762,2015-08-24,Jana has well welcomed us in her apartment. She gave us all information we needed. Her flat is located 20mn from the city center by direct tram in a quiet and green area. The flat is clean and very well equiped.,0
6388,2836559,2020-01-02,We strongly recommend this cosy and stylish apartment in the fabulous location. The host was extremely helpful and caring too.,0
6403,6099740,2016-06-28,"Tania's place is great for short or long stays in Zurich. It's close to the airport and walking distance to the train station and all the sites, including Old Town and the river. The apartment was spacious, very clean, and had everything I needed. Definitely enough room for up to 4 people with the sofa bed, though I was on my own. Great place!",0
6448,6099740,2018-03-18,"Good location with easy access by train from the airport and also most attractions were walkable. Clean and tidy flat. Check in was easy. Unfortunately this wasn’t the flat we booked, originally booked a 2 bed apartment but this still had adequate space. It was only after I contacted Tania close to the time off my original booking that I was told there was damage and property was unavailable. This alternative was arranged promptly.",1
6464,2869081,2018-06-12,Great apartment located conveniently next to the bus station. Easy access to the train station and tourist attractions. We liked the contemporary style kitchen and furniture. All the amenities were available for our use. Recommend it to anyone. Would definitely stay here again.,0
6487,6203434,2017-09-18,"Perfect place for a home base in Zurich! We were situated walking distance between two major train stations, allowing us to easily go anywhere around the area. Area a street over is very lively, but the apartment itself is very quiet and private. Small, stocked kitchen was perfect for cooking some meals to save cash.",0
6499,6203434,2018-02-23,"Clean and cozy apartment near the old town. I haven't seen Tania, but the informations about the key and door codes were accurate. Backyard is a plus!",0
6556,8926048,2017-07-14,A great spot with some perks. VERY easy to get to from the main train station. Maybe due to Michal being out of town but the kitchen in particular was not very clean and I overheard another booking had issues with ants. The pocket wifi was a huge benefit for me and would book again for it and the convenient neighborhood.,1
6558,8926048,2017-09-30,"Great location, very clean and comfortable. The pocket wifi was very handy around the city. Slept like a baby in the comfy bed and duvet. Would definitely stay here again!",0
6617,6293591,2016-01-05,"Checkin and check out process was smooth and Niles and Luis have even sent us some instructions beforehand, which was really helpful. The apartment had everything needed for our stay and was nice and clean. The only downside for us was the temperature in the apartment - like others pointed out, the heater does not provide enough warmth.",1
6632,6293591,2016-05-11,"The apartment was lovely. Travellers with heavy luggages should be mentally prepared as the climb to the apartment was very tiring. However, when we reached the top, we felt that the climb was worth it. Place was exactly as shown in the pictures. The height is perfect for people who are below or around 1.65m. Anything higher than 1.7m, head can reach the ceiling in the bathroom. Other than that, we love the apartment. The check in and check out was really easy and simple. We had a good stay in zürich!",1
6849,6311102,2023-12-07,"Great location within a short walk of all the attractions. Loved that it was so close to everything but on a quiet street where you could easily relax. The place was simple, clean and Dimi was very responsive. The only thing lacking was just the little things that make a difference like some coffee to use in the machine or a working bathroom fan or shampoo. Otherwise a good value.",1
6854,6311102,2025-08-17,It was great. Location excellent and Dimi responsive. Neighborhood cute and apartment top notch. The only thing missing was shampoo as it has a huge value for us travelers who come in just for the weekend. We do not carry bottles of shampoo due to several reasons. Otherwise everything 5 stars,1
6887,8971198,2016-09-26,"Fantastic location surrounded by bars, restaurants, shops, and street-life of the Old Town section of central Zurich.",0
6908,8971198,2021-02-21,"The place is great, as simple as that - easy check in / check out - 100% as advertised - clean - very cosy and stylish interior design with a lot of love decorated - great location - parking is very close The church is right next to it but you don’t really hear the bells. When we were there everything was closed due to covid, so we had no noise at night which I think could be a problem once things go back to normal. Nevertheless we would come back if we return to Zurich. Strong recommendation",0
6945,6473595,2019-03-18,"The apartment is big and very well located. Communication was always perfect and checkin/checkout was smooth. 2 points to consider: - The smell of cigaret on the apartment was terrible (not sure it it was from neighbors or from previous guest) - The noise on the floor (as the floors in the rooms are pretty old) from the rooms and the stairs outside are pretty annoying, waking up everybody in the apartment. So if you have a light sleep consider this point in staying there. Apart from these 2 points, everything was great! Tatiana",1
6948,6473595,2019-08-04,"Apartment is really big one, you have enough private space in three bedrooms and in a living room. It is well located like 10 minutes walking to the lake and 20 minutes to the Old Town. Apartment is not very ""fresh"" in terms of renovation, but all the beds are with good mattresses and you will sleep well. Bathrooms are also in a very good, almost new condition. Kitchen is with everything possible needed for cooking and dining. Wi-fi worked perfectly. The only minus was rather strong smoking smell from the sofas in the living room, so we didn't spend any time on them. Really good option for big families or group of friends.",1
6965,6669104,2015-10-24,"The host had a coworker meet us at the apartment when we arrived. She was so sweet and helpful. The apartment was magnificent. It was so much better than we could have ever imagined! Very clean, very spacious, and very safe! The kitchen was well equipped and I was able to cook every night. I would say the only recommendation I would have for future renters would be to bring a sound machine because the train is nearby and the area outside was a little too loud on Saturday night...with a sound machine, it would be fine! The laundry is so convenient and new. If I had any issue, Tania would respond very quickly. We can't thank you enough for such a delightful stay. I would highly recommend for anyone to stay here!",1
6971,6669104,2019-07-14,"Wonderful, relaxing space right by the park and transportation. Spent a week here while in Zurich for work and it was a recharging, calm space. I had a fairly long (by distance) commute to work but the proximity to transportation made the commute the highlight of my day.",0
7000,6752793,2015-09-29,"Anak is an amazing host. She is inviting and generous. Her house is located in a beautiful neighborhood in Zurich, just a few minutes walking distance from ETH which was the purpose of my trip. This is a great and quite neighborhood. Anka gave accurate instructions on how to reach her home. In the morning she organized a very nice breakfast before leaving for work. I spent a few more hours in her home preparing for my meeting. The amazing light in the house provided a perfect working environment. It was a great experience. Anka also provided accurate instructions on how to get to my next destination. I stayed with Anka for only one night, but the experience was so great, I hope to stay there again during my next trip to beautiful Zurich. Thank you, Anaka and Fedor.",0
7002,6752793,2015-10-07,"Anka sent us detailed instructions about finding her home, just a short tram ride from the train station/centre of the city. (It is possible to walk to the centre in 10 minutes but the return trip is all uphill and not recommended with suitcases.) She and her son Fedor were there to greet us warmly and immediately made us feel at home in their lovely, bright apartment in a quiet and safe part of town. In addition to the two comfortable rooms and private bathroom set aside for guests, we were also invited to use the kitchen and the outdoor terrace.",0
7012,9005395,2016-11-25,Cheap for zurich prizes. Host was very friendly and provided a written paper with lots of advice. The bed was in a bad state and the bathroom unclean with garbage still in the bin but otherwise clean. Dmitry apologized amd said he'll fix it. The best part of the house is the great library they have put together. Lots of interesting books. The area is quiet and a bit off the centre but there are tram stops nearby.,1
7115,6857376,2018-07-12,"One of the best AirBnBs we’ve stayed at! The apartment was clean, well stocked with coffee, tea, and snacks. The hosts had thought of everything from toothbrushes to extra pillows to a sewing kit. They even had toys set up for our baby. I really can’t say enough about their warm, helpful welcome and great space. Wish we had more than one night to stay!",0
7164,6857376,2019-06-02,"The apartment is beautiful, well furnished and well located (close to public transportation). The host is friendly, providing all the information needed to reach the apartment easily. Everything was absolutely perfect.",0
7246,9005395,2021-09-11,"Super cozy and confortable apartment in a quite and residential aerea 10-15 mins via tram/taxi to the city center/main train station. I didn’t personally meet the hosts, but the apartment was exactly as described and the inscructions how to get in were easily understandable. I enjoyed my holiday week there and I totally recommend Dmitry’s Apartment!",0
7304,9229424,2016-11-05,"Peter & Engin are so nice! Great hosts! They were very responsive and provided everything I needed during my 3 month stay. The location is perfect. Great comute to all parts of Zurich. The tram stop is close by, which is very convenient, but it also means the room can get noisy sometimes. There is a grocery store and post office right next to the house. During the fall, you'll have beautiful views of the trees changing color slowly - and after the leaves fall down, you even get to see the lake :) The room has a large desk and a wardrobe, it's easy to find a place to store all your belongings. There's also a fridge and a coffee machine (coffee is provided - amazing!). Comfortable bed. Overall, my stay here was great and definitely worth the price! Thanks.",1
7319,9229424,2021-12-23,"Nice location close to a tram stop and with a great view over the city. The room was small but equipped with all necessities and even a small coffee machine. There are common bathrooms and a kitchen, which is unfortunately a little small and you have to eat in your room, which can be a bit of a nuisance for longer stays.",1
7330,9243499,2016-03-22,"Lovely apartment and super central to explore Zurich. Very close to the lake which is a fantastic amenity during the summer. Arrival and departure all very seamless with everything as promised. Whilst there is plenty of parking watch out for stay limits of between one and two hours, but in any event the tram is literally just outside the door. Would definitely recommend staying here.",0
7343,6858968,2019-05-17,"My stay in Cécile's flat was lovely and fitting for a two-week business trip to Zurich. The flat is roomier than the pictures let on and had a very well-equipped kitchen, which I used daily. Cécile was very hands-off but made herself available for questions / concerns. This is the perfect place if you're looking for a low-touch, homey lodging arrangement. The location is highly convenient, too. The tram is just around the corner and is very closely to Old Town / city center. Thanks for the great stay!",0
7353,6858968,2024-09-25,"I’d had great days in Zurich, but there wasn’t a time as beautiful as those days at Cécile’s place. Everything was literally perfect: aesthetically pleasurable and practical! Cecile was so warm and caring. We didn’t meet but our communication was like we were friends for years. Her place is located in my favorite area in Zurich; it’s upscale and quiet, but very convenient. The building has its accent, and so is the flat; I’d say more French than German. Living there is like living in the Vogue magazine or in a movie set of modern Europe. I just re-read all the other reviews; they are spot on every single detail. I feel so fortunate to get this booking!!",0
7444,6862908,2024-08-04,"Great apartment right in downtown Zurich: 15 min walk from the HB, and an easy pleasant walk to all the highlights in downtown. The street is very quiet but is super close to major shopping and restaurants, restaurant at Hotel Bourbon is highly recommended. Great contemporary food! The apartment has an alcove with the best and a bedroom. Both beds are queen size. The sofa bed in the living room can sleep another 2 people. Terrace has an amazing view of the city. Dimi was very responsive and easy to deal with. Getting to the airport (family of 4) coat us 40 CHF. Surprisingly cheap.",0
7458,9243499,2023-05-28,"Our stay was short, but the apartment had everything we needed and was conveniently close to restaurants, grocery stores, other shopping and the tram which led you into the inner city in a matter of minutes. I would definitely stay here again.",0
7474,6862908,2024-09-29,"Dimi’s place is great! Big enough for the four of us, me husband and two kids with complete amenities. Just bring your toiletries and food plus condiments to cook if you’ll use the kitchen. I was able to wash clothes as well for the kids. The place is within the old town area but in a more private part. There was a bike tournament when we went there so roads are closed. We had to walk around to look for the place and it was a bit of an uphill walk. So it was a challenge since we had 3 big luggages and it was raining. Overall, the place is just a few mins walk around town and around 10-15mins to Zurich Central Station. Dimi was responsive and a great host too. 😉",1
7487,7232723,2016-04-05,"Very nice and stylish apartment in the heart of ZH. The terrace is amazing! Very close to the city center, old town and Bhf-Strasse.",0
7493,9245379,2017-03-05,"Perfect location! This apartment is great for a stay around the center of Zurich. Karina was a super host. She offered us a new apartment after we discovered some issues with the previous apartments address. Clean apartment except for the bathroom ceiling were there is currently a good bit of mould due to the steam and moist air. The foldable couch is very comfortable too. It can be a bit noisy if you have loud guests around you, as the walls aren't very sound proof, but the area is very quiet and lovely so we had no troubles sleeping! Overall would recommend this place :)",1
7496,7232723,2026-06-21,"We had a really good experience, very clean apartment, very close the central station and convenient to drink, dinner or walk around. Branca is very nice, she explained the place warmly and recommended some places. The room was a bit hot because of the super sunny weather in Zurich, unfortunately didn’t have a chance to drink on the roof, but all good in general.",1
7497,7351146,2025-08-20,"Anni's place was a great homebase for me. It was a quick walk to the multiple tram lines that took me into Zurich's city center or main train station. There are many supermarkets and cafes nearby as well. It felt very quiet and safe. Anni was super responsive and helpful whenever I had questions, which I greatly appreciated. The only things that would've made the stay even better was if there was Wifi (which to be fair, Anni had disclosed in the listing Wifi was not included) and some cooking utensils haha. What was nice also was during a heat wave, because Anni's place is garden level, it was always cool to come back to! I would be happy to stay at Anni's again during my next visit to Zurich. Thank you for everything!",1
7498,7449801,2017-02-19,"As the other reviewers said, Sigrid and her family are very welcoming! She is very motherly and is a fun host. I enjoyed going on trips with her, cooking with her, and exchanging stories. Sigrid's English is also very good, so you will definitely have a good time here. I stayed here for one month as a visiting student @ ETH, and it is roughly a 15-20 minute walk to the university. The location isn't completely central, you won't walk out to be surrounded by bars and restaurants, but with public transportation it is quite easy to get around. The rooms and apartment are clean and comfortable, and all the facilities are clean. Thanks for your hospitality, Sigrid and Pauli!",1
7518,9245379,2021-10-03,"Nice place, it's spacious compared to other places in Zurich. The location is 6 stops away from the city center and tram stops are very near to the house. The area is quite and we liked the overall experience. However this is a HiTrental service apartment so you will miss the host, you can connect with her anytime with message",1
7520,7449801,2019-12-08,"Sigrid's place is really amazing, it has a lovely kitchen/living room where she likes to spend time with her international guests. Sigrid will make you feel at home from the very first moment. She is really helpful and willing to make your stay as comfortable as possible. If you visit Zurich, it's definitely the place to stay at, since it is also very close and well connected to the city centre. The neighborhood is residential and very calm. Definitely recommended!",0
7566,7589458,2023-06-18,"Right next to the station, Jun’s place was easy to find and spotless. The room looked like the photos, we could have used a fan as the room was very warm and it didn’t feel safe to leave the exterior door open at night but the weather was warm. Bathroom was great, very clean and good shower.",1
7568,7589458,2023-07-15,"Jun was very nice and it was clean, but the house was full of huge spiders, both the bedroom and the bathroom. I have a phobia so sleeping was near impossible",1
7580,9248507,2017-07-15,"The apartment was big, clean, and in a great location. There are blinds on the windows which were great for both noise and light reduction (a couple of nights during our stay, there were street partied nearby, but with the blinds, they didn't bother us at all). The shower was about 15cm too small in every dimension, but there was a nice big bath, and it was all very will appointed. The one real complaint I have is that the WiFi was almost completely unusable. I was mostly able to connect to the router, but the transfer rate was actually slower than cell phone data.",1
7626,9248507,2024-05-14,"Great place, clean and bright. The host was extremely responsive. The park across the street seems to be a meet up for people to drink/smoke so it might not be the most family friendly park. The place was great and easy to get to.",1
7640,7599396,2016-05-17,"Great location, great apartment. The immaculate tram system just around the corner takes you anywhere basically, many spots including the city center are within walking distance. The apt is bright, clean and spacious. Communication with Ferrat was straight forward and quick, even though we had to deal with some travel changes everything worked out perfectly fine. Highly recommend.",0
7643,7599396,2019-08-25,"The apartment is perfect for exploring the city, it’s close to various public transport centers and some amazing restaurants and bars around! A short run/ walk from the Uetliberg hiking route, which is a must!",0
7667,7613086,2022-06-13,"Jun was an amazing host. She accommodated every request, even if I had to change the check in time last minute because my plane was late. Communication was very quick, and the place was very comfortable and tidy. Would really recommend if you need a place to visit Zurich!",0
7682,9248717,2021-12-01,"Check in process was extremely smooth, walkable to old town and had a great view of the park across the street where the balcony overlooked. Shower was very small, but the vanity with double sinks was nice for a group of people.",1
7687,9248717,2023-05-05,"This is not discrimination. There are many ""blacks"" in the neighbourhood and we even witnessed fight in the park just in front of the apartment on the 1st day when we arrived . We booked 3 nights stay but we felt unsafed and eventually we checked out on the 2nd day morning and moved to a hotel instead.",1
7692,7613086,2023-07-09,We enjoyed our stay at Juns place! It's just like 2 minutes from the train station which is the next stop from Zurich main station. Trains are comming every couple of minutes. Jun was communicating well and also gave us some hints for our stay in Zurich. The room was nice and clean and definitely enough space for 2 people. In the bathroom there were many useful supplies provided. The only thing we think could be improved was the fact that the weekend was really hot and there was no aircon or fan for us to cool down during the night.,1
7721,7646490,2016-06-10,"The apartment was very nice. The whole place was arranged very well, modern and with everything required. The location is also excellent. There are numerous public transit options easily accessible. Downtown Zuerich is only a short tram ride away and there is a small grocery store 1 block away. The WIFI worked flawlessly and the building has an elevator. Access to the laundry facilities was good to have too.",0
7722,7646490,2016-07-20,"Mo & Angelika were very responsive throughout the process: from answering questions leading up to making our reservation, to meeting us at the door and taking us through the features of the apartment, to making the checkout process super easy. The apartment itself was very well appointed and is conveniently located near the #2 tram making getting around the city a breeze. We were very happy with our stay and would gladly stay here again should our travels bring us to Zurich again someday!",0
7738,7673299,2016-09-07,"the house was very good and clean, and Rossana is very kind, and I need to apologize to Rossana because I put an umbrella in my bag and forgot to put it back. I'm so sorry. it made me feel very comfortable to stay there, have breakfast in the little garden with fresh air. maybe one day I will back there, and I bring the stolen umbrella",0
7745,7673299,2019-11-29,"A comfortable and stylish room in a very nice house. Very well organised so guests in different rooms don’t get in each other’s way, but there is also a nice dining area if you are staying with a few people and want to socialise. Rossana was extremely responsive when I asked for anything. The house is located near the end of a few tram/bus routes but you can get into the centre of town in about 30 mins. There are also several supermarkets and many other shops nearby.",0
7752,9285611,2022-05-06,"Tania’s first floor studio apartment was perfect for the two of us. Small but well designed to have everything you need neatly built-in or tucked away. It’s well appointed with convient appliances and kitchenware but no staples. Large windows look out onto a beautiful lush garden. The neighborhood feels secluded and quiet. So you feel safe and protected in a lovely, vibrant area of Zurich, rich with history. The apartment is close to public transit, restaurants and boutiques- very walkable!",1
7755,9285611,2023-07-26,"Couldn’t have asked for a better place to stay while in Zurich. Had so many great options for restaurants and shops at a couple of minutes walking, a lot of beautiful sightseeing locations nearby, and felt private at the same time. I recommend it to anyone staying a couple of days in this beautiful city.",0
7761,9299992,2018-11-14,"Coco is a such a sweet person and her apartment is proof of her kind personality. We enjoyed to spend time in Zürich and the stay made it better. Coco even got some time to talk with us and shared dinner, which she cooked herself. We recommend to stay at Coco’s and walk around this beautiful city.",0
7766,9299992,2019-08-24,"Coco is super nice and considerate host. She gave extraordinary suggestions to local food, sights and everyday life, and is willing to chat on details of Zurich native culture. I recommend this great stay and would love to visit again if I have the chance.",0
7786,7673510,2016-07-01,"Rossana is a very friendly Host, plus the Room was super fresh and clean.",0
7800,9519509,2016-08-28,"Peter was very communicative and both check in and check out went smoothly. The room was very nice and all amenities were provided. However, we were sharing the bathrooms with many others and we often had to wait a long time to use them.",1
7806,7673510,2020-09-18,"287/5000 Beautiful place, quiet part of town, cozy house, beautiful room. A small room, but enough space. Overall clean environment, the possibility of washing and drying clothes. The other rooms are occupied by other tenants. Approximately 20 minutes to the center, excellent transport links. I would definitely come back again.",0
7833,9519509,2022-01-31,"It is simple, you have to share the bathroom, that’s uncomfortable, but the room is big enough for one person, it is good to move around the city, the kitchen is small and simple so you should take into account before buying things that need an oven.",1
7844,7737458,2016-07-05,The apartment is lovely and located in a nice building with a beautiful garden. The hosts are really nice and helpful. We will definitely come back to their place when in Zurich!,0
7847,7737458,2018-12-01,"I stayed for one month in Peter's place. The apartment is exactly as shown in the pictures. The best thing of the whole place is the host. Peter was an excellent and very friendly host, and always willing to provide all any help that one may need. During my stay, he even brought new fresh towels, even though I didn't need more, since the apartment is equipped with a washing machine, and I was washing them. I must say, however, that the apartment had clearly not been cleaned up when I entered. There was visible dust in many corners, under the bed and on top of some furniture. There were even several spider webs in the corners of the ceiling. Except from this, the rest of the apartment (kitchen utilities, restroom and bed) was in an excellent state of cleanliness.",1
7854,7739547,2016-09-19,"Nice place, clean and near to the center.",0
7861,7739547,2018-04-28,"I stayed at Peter's place for a week with my dog. The apartment is ideally located, directly by the Tram Station 5/6 and the Buss 33 that bring you to the middle of the city and the lake in only a few stops. The apartment was clean and has a good feel, perfect for 1-2 people. Peter and Engin are very friendly, helpful and offer a service that is hotel-like with all the little details. The best part about the apartment was the garden space which is very nice and makes for a nice summer evening experience. I would definitely go back there. Loved it! Thank you so much for your great hospitality!",0
7872,9520586,2018-09-28,"Very friendly hosts. Don't expect something fancy, but the place is good value if you, like me, move to Zurich and need a home base for few weeks.",0
7878,9520586,2021-01-04,"It is a great place to be. Very nice and cozy room to stay also for a longer period. Near to all important places in Zurich. Great neighbourhood. The host is very kind, answers fast and will help you in a fantastic manner. I really recommend this host and place. Also for a longer stay. Thank you.",0
7896,7741739,2015-09-04,"Peter was perfect in giving us the directions, and helped us to check-in when we had the possibility. The house was perfectly clean and we found everything we needed. The position of the house is perfect, the city center is easily reachable using public transportation.",0
7901,7741739,2023-08-06,"Peter & Engin are great hosts. They are very helpful and responsive. The place itself is cozy and has a rustic charm. I had a great stay. Small quibble: The dishwasher was not working. I did not cook much so this was fine for me. But if you plan to do so, check with the hosts before booking. Overall it’s a great place with very accommodating hosts.",1
7904,7746167,2015-10-11,Farrat was out of town but his friend opened up for me and showed me round his great place. He was away for the whole time but the place was fantastic and super clean.,0
7916,7746167,2017-05-19,"Ferrat is very hospitable and thoughtful, I truly felt as if I was at my own home. He went out of his way to make sure that I had the best Airbnb experience. Everything about my stay was excellent. He arranged his plans so he could offer me his help weather it was for my check out or even giving me tips about my travels. The apartment is very nice and in a perfect location.",0
7928,9526343,2017-07-10,My stay at Olga's was wonderful. The location is excellent for quietly working and getting a good break with easy walking to the water and a very short tram to the OLD Town. Olga is very quick to respond to any questions or concerns. She is full of generosity and hospitality! One of the best places I have stayed!,0
7929,9526343,2017-07-13,"I thoroughly enjoyed staying at Olga's apartment. The place was neat, tidy and spacious and had a very nice homely character. Great kitchen area and everything you need to cook. The location is perfect, public transport was very easy and frequent and there were local supermarkets close by. I would highly recommend Olga's apartment to anyone wishing to enjoy Zurich.",0
7934,9590886,2016-05-19,"A friend an I only stayed for one night at Sylvia's and was unable to meet her until checking out. She gave very clear instructions and even described the best way to get to the apartment. Upon arrival, everything was set up and there weren't any problems at all. The neighborhood was a short train or bus ride away from the center and very quiet. The room was sufficient for a short stay and nicely decorated. Sylvia was also very easy to communicate with and checked in with us as often as she could.",0
7939,9590886,2026-01-02,"Very nice apartment in a pleasant neighbourhood. Not super close tot the city centre, but still walkable and enough options. Sylvia responded, was very friendly and clear and contacted me proactively. For Zürich, nice price quality balance.",1
7940,9598058,2015-12-16,"The apartment was wonderful. It was tidy and very comfortable. It looked just like the photos. We had very smooth communication with our host. Instructions and directions were clear. When I got a little lost, I was able to make a phonecall to get some directions. Our host also checked in on us a couple of times to make sure everything was ok. Check-in and check-out was very smooth. Overall, it was a good experience and I'll look them up if I do go to Zurich. =) Thanks Zaynar and Sarah.",0
7941,9598058,2018-06-18,Zanyar is an excellent host and he was quick in response. The place is located in a scenic hill region. The apartment has a nice terrace with excellent view. The connection to the city centre is very good. Shopping places are nearby and the apartment is well equipped. I recommend Zanyar's place for short stay.,0
7955,7756218,2016-10-01,"The room is very nice it quite big and bright. The apartment is located in the beautiful area on the hill so if you stay on the second floor you literally can enjoy the lake view from your room. Peter and Engin they both very nice host friendly and flexible. However, it quite hard to reach them by phone it faster contacts via email. They also have the good laundry service not expensive clean and smell good. Thumb up!!",1
7959,7756218,2022-05-14,"Peter and Engin were really kind to us. Their house is located in one of the best neighborhoods of Zurich, which is well connected to the city center with tram 6. It is an ideal place for one working at ETH, as it is only within walking distance. There are three markets just next to the apartment (Denner, Spar, and Migros). It is very convenient for shopping. The house has everything you need! We had a big room with authentic furniture and a balcony. Engin and Peter were always there when we needed sth, they replied very fast and always solved if a problem occurred. They are amicable and honest people! We definitely recommend it, especially for people just settling in Switzerland.",0
7983,7841685,2016-07-15,"the flat is very well located—so close to grossmünster and right next to great small bars, cafes, and restaurants! the apartment was nice and well-kept :). the only downside was that the apartment is kept by a service instead of a human, so the provided snacks / drinks with surcharge felt like a hotel minibar. regardless the stay was lovely, and i would certainly consider staying again next time i'm in town!",1
8007,9781471,2018-04-09,"You can’t beat the location and value for Old Town! The studio was clean and bright and we loved having the kitchen to cook one night for dinner. It’s located across from a park, but the street is very quiet at night. We did the Old Town walking tour from Viator and learned so many fun facts about the area. Thanks Tania :)",0
8049,7841685,2025-08-21,"This apartment was perfect for our first trip to Zurich. The location was awesome, the apartment very functional. The only challenges were that Zurich was unseasonably warm while we were there and the AC units had limited capacity, and the bedroom ceiling took a bit of getting used to :) bob",1
8064,9781471,2020-03-15,Unfortunately our stay was cut short due the US Travel Ban but the accommodation was I'm the city center and very clean. I would recommend staying with Tania,0
8088,8093940,2017-09-07,"This is a lovely place, Peter and Engin are fantastic hosts, caring and helpful. The room was spacious and the bed felt very comfortable and we had a view of the lake.Not only is there a fridge, but a coffee machine in the room and we had our own dishes. The location is perfect in an upscale area of Zurich. Since there is a shared bathroom and shower to be shared with several people it might be a bit inconvenient. But then the price is right for this beautiful accomodation!",1
8099,8093940,2023-12-22,"My partner and I stayed in Room 9 for ~4 months and we were instantly made to feel right at home. Engin and Peter are very responsive, and went absolutely out of their way to ensure we were comfortable, and settled into our temporary home. We managed to cook essentially all of our meals in the space, and the room itself is lovely. Thank you both again!",0
8103,8094116,2020-11-01,"We rented a room at Peter & Engin's place for our start in Zürich. They were very helpful and forthcoming to our needs. The house and shared areas were cleaned daily. Our room was big enough for a couple. The kitchen is a bit small but it has everything you need for cooking your own meals. They even bought a new microwave during our stay. Regarding the location, stores are just a few steps away next to a tram stop. The tram connection takes you to the main train station. You can also walk to nearby hill / forest for a great view of the city. Very good stay!",1
8126,8094116,2024-01-31,"Peter and Engine are the best, always so helpful. The place is beautiful, and incredibly well located 10/10.",0
8134,8126239,2017-09-16,"Joy's apartment is spacious and centrally located, with trams going to the HB and also to scenic spots like the Opera House and the lake. We arrived early in Zürich and asked to check-in early, and Joy graciously agreed. She also responded promptly to messages and provided a hair dryer for us upon request. The apartment has a kitchen well-equipped for a homemade meal. The beds are soft and comfortable with clean sheets and thick duvets. There is only one toilet but the three of us managed just fine. Would be nice if some breakfast foods or snacks could be provided, but we managed to go grocery shopping and had a nice stay overall.",1
8175,8126239,2019-09-29,"My husband and I enjoyed spending a week and a half at this well-appointed, airy and convenient condo. The deep bath tub was especially delightful after full days of sightseeing. The air conditioning unit in the main bedroom worked fine, but we usually kept windows open for the cool air and breezes. The only drawback to this is that the cigarette smoke from the bar downstairs wafts up. Otherwise, the flat is in a pretty and quiet neighborhood with a nice bakery, restaurant (Rosengarten, very good) organic grocery store and pharmacy just a few blocks away, and it's just a few minutes' walk from two different tram stops. I can definitely recommend Joy's place.",1
8214,8158459,2016-01-15,"Lovely room, very clean and spacious. Looked very similar to the pictures and was very easy to access as it was central to Zürich city centre. However, as the walls were very thin we could often hear people in and around the building throughout the night inc. a man who continued to tell loudly for hours. Despite this, the overall stay was lovely and would definitely recommend :)",1
8294,9783843,2024-10-11,"Dimis place is in the city centre ! It is just 50meters from the tram station and the supermarket and other need stores are in the vicinity of 50meters . The house was spacious , kitchen had all the required arrangements . Washing machine is not there in the house , that is the only point we felt mentioning . We had a wonderful stay at Zurich",1
8303,9783843,2025-07-06,"This apartment is perfectly located, 5 minutes from the lake (good for a morning swim!) with 2 supermarkets nearby. There are also many restaurants, cafes and bakeries close by. It was an easy 30 minute walk to the old town but there were trams if you prefer. The apartment was very clean and the kitchen well-equipped. The beds were comfortable. We had a great stay, I would definitely return!",0
8318,8158459,2021-10-17,Good apartments in the center of Zurich city and very pleasant host! Thanks you,0
8339,9785013,2016-05-30,"The host was very welcoming and gave us a good rundown of the neighborhood. The room itself is not that big in size, but is decently cozy and very clean. Pretty good location as well. The only downside was the side 'bed', which wasn't very comfortable. Overall we had a great stay!",1
8351,9785013,2017-06-02,"This is a lovely building situated in the financial district with easy access to streetcars and the train station. The apartment is small but had everything we needed. The bed was comfortable, the bathroom was a good size, the shower was great, there was a kitchenette with a refrigerator and stovetop. We loved being able to keep the windows open. The floor fan was very much appreciated.",0
8365,8160075,2016-10-04,Tania is amazing and she is the perfect host. I highly recommend her!,0
8367,8160075,2017-05-25,"Tania's flat is the better place to be in Zurich. Very well located, spacious, net , nice and modern decoration, with all the usefull and home appliances you need . Plenty of natural light , only one block distance to the lake. I strongly recommend Tania's place!! Virginia Lee",0
8419,8169064,2016-03-18,"This room is quite bright, clean and neat in an apartment located in quiet area. It takes few minutes to walk to bus station and conveniently get to the downtown. There is also supermarket nearby.",0
8433,9892141,2018-05-27,"Really lovely place in Zurich. Very central. I had a small room and my own shower, but the toilet was next door shared with 3 rooms. No big deal. I would definitely stay here again for convenience.",0
8491,8271883,2016-04-22,"I stayed at Jens's place only for one night and unfortunately you didn't meet each other. However I only have good things to say about my stay. Jens organize every thing perfectly and I didn't have any problem. I was very easy to me to find the apartment thank to his indications. Everything was clean, the bed is confortable, the neighborhood is very nice and quiet. And is very well comunicate. I deeply recomend it.",0
8562,9892141,2022-09-25,Good hotel for affordable price. Great experience but the only downside was that the mattress was a bit hard and uncomfortable,1
8601,8271883,2024-07-15,"Thanks Jens! Very good at communication and fast response. Gave me a lot of info on the email. The room was as described, the only issue was that there was a spider web right next to my bed.",1
8621,8370018,2016-09-10,"This apartment was the best to date I've stayed at. The openness and airiness made me almost want to spend more time in my apartment then out exploring Zurich. The location near the train station was ideal. Most of the restaurants I had researched and wanted to visit ahead of time were within walking distance. Old Town is within walking distance along with almost all the other sites of Zurich. Cannot say enough good things about this apartment. Also, the host service was extremely helpful and responsive. Would give it 5 stars plus!",0
8628,8370018,2018-12-09,It’s amazing there enough space really local and so much fun. The apartment is a dream i couldn’t be more satisfied. James is a super host. I would definitely re-book it.,0
8774,8658138,2025-08-15,Nice apartment but unfortunately it didn’t match the photographs - completely different flooring and furniture - and Dimi didn’t seem particularly concerned about the difference. Said that it had just been renovated but it really didn’t feel like the same apartment. Would have preferred a more honest response to our concerns.,1
8778,8658138,2025-12-15,"I stayed with my family (my spouse and 2 children) at Dimiter's apartment for 4 nights this December. It was a wonderful stay in every way - great apartment, great location and a great host. The apartment is spacious and well fitted for family needs. The location is perfect - pleasant neighborhood with eating and shopping places, proximity to the city center and connectivity by trams really close to the apartment. And Dimiter makes for a great host - very communicative, proactive and prompt in providing support. I will come back to his apartment any time I am in the city again.",0
8920,9929768,2018-03-18,"We enjoyed our visit enormously and enjoyed the convenience of the apartment to Zurich and the local area. The apartment was clean, well furnished met our full expectations. However, our apartment was on the ground floor on the side of a busy street that meant it was noisy at night. There is nothing that could be done about this but it was our only negative. 4/ 5",1
8921,8658489,2024-12-25,"Very spacious place with two bathrooms and large kitchen in very quiet location that is near to downtown, transportation and many amenities. The only important thing to remember is that nearby supermarkets are closed on Sunday, you’d have to travel to the station where supermarkets are open.",0
8924,8658489,2025-10-05,"Good stay , but the host provide a little more essentials like hand wash soap and cooking oil It was mentioned in description but not present",1
8943,9929768,2025-05-06,"Great place! I have been traveling through Switzerland for over a week and this was the best place that I got!! Great location, spotless clean, great communication and paid parking as well! Stephanie was always reachable and responsive! Worth each penny!",0
8954,8658898,2016-06-13,"The apartment was fabulous, very clean and new, well located in the center of Zúrich and walking distance to public transport. After a long day enjoying the city it was great to get back to the apartment as it felt like your house. And Tania was a great host!! I totally recomend it for a short stay with your couple or friend in the city!!",0
8985,8658898,2017-04-24,"I stayed with my family at Tania's place. This looked exactly like what was shown in the photograph. Very clean and tidy. Also this place is near to most of the places like Zurich lake, Lindenhof Hill, St. Peter Kirche, main station etc. We truly enjoyed our stay and want to come back.",0
9199,10044960,2025-07-31,"Beautifully appointed flat in an unbeatable location—right in the historic first district, steps from the Grossmünster and Bahnhofstrasse. The space was spotless, stylish, and well-equipped. Communication with the host was excellent. The only drawback was that the Wi-Fi wasn’t working during our stay; the host was very apologetic and tried to fix it. A great place to experience Zurich from the heart of the city.",1
9241,10044960,2025-12-30,"The apartment is in a fantastic location, close to restaurants, coffee shops and shopping. Dimi is very responsive and friendly. Things to note: the apartment needs maintenance. The bathroom has black mold, tiles are cracked and stained. As well, only one small bar soap was provided for our family of 4. Dimi sent extra cleaning but unfortunately it did not help. The bedrooms and living area were clean.",1
9254,8915577,2016-06-15,The apartment was spacious and comfortable and close to the downtown which is easily accessible by walking or tram,0
9286,10095770,2017-06-02,Great little place to stay! Very clean and nice. Large room with lots of space for all your things. The only downside is that it is about a 25/30 minute walk to the city center. But I enjoyed the walk and seeing the city. Great little kitchen and bathroom.,1
9312,8915577,2020-02-07,"Flat is in a good location and quite spacious, but the place was not clean. We contacted host and she resolved it. However the WIFI was not working the whole time we were there.",1
9317,10095770,2017-07-06,"Michal is a really kind, laid back but very knowledgeable and patient uber host. I really enjoyed our brief conversation; he has a warm spirit to him that, for me, is crucial to solid hospitality. The room is exactly as pictured (immaculately clean, nice comfortable bed, very functional desk with reliable WIFI, in a perfectly located sector of Zurich. 100% recommend and will stay there again next time I'm in the city.",0
9373,10121853,2016-03-30,"Everything went fine. The apartment was in order, very bright and easy to reach with the car. Public transports are also very close and there is a good supermarket near by. Unfortunately I haven't had the pleasure to meet Filippo but he provided to us all sort of information via email before our arrival and anyway we received a warm welcome from his friends giving us the apartment keys. It has been a perfect stay for me, my wife and our two kids.",0
9466,12819700,2018-07-04,"Very good host; was very responsive and addressed a couple of issues quickly, including giving us some tips on where to pickup a few things on a Sunday. Excellent Location - a short walk to the tram station, and to the lake. Being summer, and not having AC (apparently a Zurich/Switzerland thing), we had to crack open the windows to get the air moving and to cool down the place - which also let mosquitoes and bugs into the apartment, something to keep in mind. More importantly, the open windows also let in the sounds of the trains - light sleepers will definitely be affected.",1
9469,12819700,2018-07-16,"Our host was great and very accommodating. Location is in a quiet part of town and get to live like you’re a native. We didn’t learn about the public tram system until the last couple of days but very useful. The stop is only 1 minute walk from the apartment and the only tram that goes there is number 7, which goes directly into the middle of Zurich and Zurich main train station. Felt like a safe neighborhood and clean apartment.",0
9542,12860185,2016-06-24,"Sofia was a great host. To my surprise, I was not able to communicate with her upon my arrival because of issues with my phone, but she was very accommodating and friendly. The room was very nice, safe and in a great location.",0
9549,12860185,2019-03-16,"Super location and reasonable price! No elevator, be aware if you have a big suitcase, you must climb up. However, on the check-out date Sofia’s partner helped me to bring it down, very nice and thanks a lot!",1
9586,13060550,2016-06-27,Rebekka has a very nice apartment with amazing view on the river. Flat is very clean and really well organized. I will definitely recommend it for anybody who want's to spend a week in Zurich.,0
9624,13060550,2018-07-15,"Rebekka place was amazing , extremely clean , tidy and cozy .Great location just right on the river with stunning views . Felt like home. Communication was quick simple and she was very friendly. Would come back any time. All stars for this place.",0
9658,10215725,2019-06-20,Place has good connectivity but the host is too slow to respond and some time also not responsive,1
9670,10215725,2020-01-12,"Tania’s place was absolutely wonderful! The tram is just around the corner of the building, the place was sparkling clean, spacious, and comfortable. As mentioned in the description, there is no coffee, tea, snacks or shampoo/conditioner but there is a grocery store around 5 mins by foot. Would definitely recommend this place :)",0
9724,13071400,2019-05-22,"I had a great time in Zurich. Ruth is very helpful and kind,she is very careful and quick with the answers, always willing to help! The apartment is really clean and well located, very convenient to go from Zurich main station and other train stations, and a short walk away to bus and tram stations also. She allowed me to use her refrigerator and kitchen, just like in my own home. Check in was super easy,same as the check out.",0
9737,10382963,2017-05-28,"We had a lovely weekend in this beautifully furnished flat directly in the hub of Zurich life with gorgeous views of the lake from the apartment windows. The property was spotlessly clean with everything we needed and the check-in process could not have been easier with our own access via a password without the need to meet a host. The only two issues we encountered were the noise from outside the windows as it is located on a very busy street full of bars, on a Friday and Saturday the volume continued until around 2-3am, and it was also extremely hot in the apartment, often to points of discomfort.",1
9740,10382963,2017-09-27,I would recommend staying here. Plenty of space for 6 adults. Right in town and parking nearby. Communication was quick and easy. The place was clean and quiet.,0
9793,13071400,2024-10-24,"The place is nice just near the center of the city you can get there in tram. The host was kind and let us do the check out an 1 hour later. The only issue we had were the spiders, there were spiderwebs everywhere I understand that special when it’s cold spiders are everywhere but I would recommend clean the webs.",1
9839,10418945,2016-02-26,"We absolutely loved our 2 night stay with Fabienne in her lovely apartment! Not only is the apartment in a great location, spotless and welcoming, but Fabienne is a fantastic host, offering endless advice and suggestions and full of fantastic travel stories. We would highly recommend her place for anyone visiting Zurich and wanting greta local hints :-)",0
9842,10418945,2016-05-04,"Fabienne was a fabulous host - easily one of the friendliest I've stayed with! Her place is nice and in a great area close to the centre of Zurich. The only downside is the bed...if you're anything over 5""5 (I'm 5""9) you'll struggle with a small, single bed. But otherwise a comfortable home and a great stay!",1
9849,10506470,2022-01-06,"My family and I loved staying at Asa's place. Despite requesting to book last minute, Asa went above and beyond to make sure that we could check in smoothly. Her place was central but quiet, and it's exactly as pictured. What was special was her continuous check in to ensure that we could enjoy her home to the fullest. Seeing the New Years fireworks from her balcony was a highlight of our trip. Thanks so much!",0
9850,13078820,2025-07-30,"Beautiful home- it was bigger than we anticipated. Sadly we didn’t get to utilize the pool due to the rainy weather all week. The short walk to the tram was very convenient. With a baby, the only slight negative was the creaky floor and stairs in the main hallway, but the house overall is pretty kid friendly. We loved our stay!",1
9863,13138331,2018-11-10,"The location of this place is great, close to public transport and close to the city. However, there are too many house rules and the house is not very clean (it did not get cleaned a single time in the 6 weeks I was staying there, except for the room which got cleaned once at the start of my stay). Most importantly though, the bed is not good. It is a double bedframe but only has a single and very thin mattress and the duvet doesn't fit the cover. If you open the window it is quite noisy because of the traffic, but with the window closed it is quiet. I would not recommend this for a long stay, as I found it hard to get proper sleep with the bed.",1
9868,13138331,2019-08-31,"I booked Fabio’s Apartment for a whole week to look for an apartment in Zürich. The location is perfect, close to the centre and everything you need is close by. Fabio was very flexible concerning the check-in, and also the check-out. I found a place after only a few days and he was kind enough to agree to a refund since I left early. Concerning the rooms, there are actually two, both are quite spacious; however one of them is facing a busy road and you have noise throught the night if the windows are open. The bathroom was super clean as was the living room, not too tidy, since nobody lives in the apartment permanently. All in all it was a good experience and I can recommend the room for a weekend trip to Zürich!",1
9906,13163060,2018-04-30,"It has been a nice stay in Zurich and a positive experience living in Sofia's apartment. It is tiny, true, but a comfortable base right in the city centre, a few minutes away from the main station. The apartment is in a very quiet and characteristic part of the city, just in front of the Lindenhof gardens. Two rooms, one en-suite, guarantee privacy and comfort. Every shop you need is just few steps away as well as the main university departments. The apartment is old as the building and the furniture may look a little oudated. However, being tidy and dry, is absolutely funtional and I heve never felt the need of something more updated. Just a note : some guests can be untidy and should be reminded to pay respect to the host who is offering the service.",1
9907,13163060,2018-06-30,My one-month stay at Sofia's apartment was a fantastic experience. She is very responsive and always ready to help. The location is also perfect.,0
9912,10506470,2023-07-28,What a marvelous location! The accommodations are exquisite and the rooftop can only be described as an experience. The only thing better than the place itself is the host. Asa clearly knows Zurich well and is a fantastic human being. The location is central to literally every and anything you may want to do in Zurich. I super highly recommend!,0
9922,10532613,2016-06-26,"The place was absolutely stunning and was located in such a beautiful district--extremely clean and walking distance to convenient tram stops and numerous nearby restaurants. The neighborhood is quiet and peaceful if you are looking to relax...and the bars/clubs are just minutes away if you are searching for nightlife. Unfortunately, we were not able to meet Tania in person, but she definitely made sure all of our needs were taken care of. This will not be my only visit to Zurich for sure...and hopefully, this apartment will be available the next time we travel there. Thanks Tania!!",0
9964,10532613,2017-05-29,"Tania's flat was great! Great location, laundry unit was a huge plus. Only one flight up and near the tram stop. Walking distance from nice parks and good morning runs. Spacious apartment. Tania was also great at communicating and getting into the flat was easy.",0
10009,13353575,2020-01-25,I stayed a month with Karen and she gave me a lot of tipps and information about Zurich. She and her son ensured that I did not feel alone in this new City. The room and house are like in the picture and it is in a very quiet area near the City Centre. The bus and tram stations are within walking distance and it was easy to find the house. It was an awesome experience:),0
10052,13353575,2025-07-31,"Karen was responsive, hospitable, and wonderful company. I ate at some restaurants in Zürich for most my meals, however, the 2 best meals I had were the ones Karen prepared. I would also like to thank Karen for the great recommendations, and lively conversations. Lastly, the value was extraordinary. Karen needs to charge more.",0
10069,13432999,2018-09-17,"Nice location, close to train station and light rail. The room was not ready at 3pm check-in, however they did allow us to drop off our bags. Greatful for the A/C, wish it had a washing machine. Overall good experience.",1
10072,10701017,2016-03-17,"Bettina was a wonderful host, very polite and courteous! The arrival was flexible, it was no problem to find a parking spot and the room was nice and cozy. As we only stayed for one night, we did not get to spend a lot of time with Bettina, but the talks we had about Switzerland and Zurich were very interesting! It was not recognizable that she just started to do AirBnB ;) The thai restaurant is 10 minutes by foot and the food is heavenly ;) Also, for breakfast, if Bettina offers her selfmade 'Zopf' , you should try it ;) The cats are of course lovely ;)",0
10082,10701017,2017-10-03,Host is really nice and helpful and easy to communicate. We were a little late to arrive but the host waited us. My friend said that she had a nice sleep there.,0
10130,13432999,2023-08-28,"The apartment was very clean. The bed was very comfortable (soft). The location was perfect! The AC was nice to have. It was cooler than expected when we visited, but the AC kept it nice and cold inside. Check-in and check-out was easy. They even let us drop off our bags early! Overall a great stay.",0
10132,10704449,2016-04-17,"Very good host couple! Friendly and meet us at bus station, only 10 mins walk, the department is really nice, warm and cozy, lovely place, the best Airbnb I've ever had, clean and convenient, you won't regret living in here, the only problem for us is the cozy room sort of let us stay in house more.",0
10181,10704449,2019-05-13,"I'm not sure that it's possible to find a better place to stay in the heart of Zurich. Maria's place is spacious by Zurich standards, in a comfortable neighborhood with plenty of cafes and restaurants and parks within a few blocks. Two bedrooms, a huge kitchen, a cute little patio, and lots of nice Chilean and Swiss touches throughout. Considering how pricey Zurich is, Maria's place was mind-blowingly inexpensive. There's a tram right outside the door that can take you wherever, but we barely used it -- Zurich is compact, and you can walk anywhere. The 10-minute walk from the train station is uphill, so if you have a lot of luggage, you might prefer a cab, but it's a great stroll without baggage. :) I can't recommend this place enough! Just do it.",1
10212,13514089,2016-09-17,"The apartment was clean, modern, and in a central location. We had trouble with the laundry machine (the breaker was off, so it didn't turn on), but they were quick to come fix it. We stayed with a 1 yr old and they had a pack and play for us. There is a grocery store just right around the corner and other shops and restaurants within walking distance. Apartment has portable AC unit, so it's not the best but we only had one day in Sep that was hot (low 80's). I'd stay there again in a heart beat!",1
10225,13514089,2017-01-01,This is a beautiful spacious apartment in the center of Zurich's shopping district. It was only a 15-minute walk to see New Year's Eve fireworks on the lake. James answered my emails very quickly and even anticipated some.,0
10252,10720130,2022-06-30,"The place is located in an ideal area. Close to the universities and the center. There are three supermarkets within a 5 minute walk! For laundry there is a service provided by the hosts, but there is also a laundry place about 1.5 km away. All in all, strongly recommend a stay!",0
10285,10720130,2024-02-07,"Nice place to spent few days in Zurich! It is like an hostel with shared toilet, bathroom and a very tiny kitchen. It is ok for few days. It would benefit a renovation but the price reflect that.",1
10289,10762056,2019-01-22,"Fabulous apartment, very clean with all amenities you need to cook a meal, is you want to but there are heaps of bars/cafes very close by. Great location within 5 minute walk from central train station. We travelled as a group of 3 which made it a little awkward as the accommodation is one room which includes kitchen, bed and sofa bed. In saying this highly recommended for couple.",1
10292,10762056,2021-07-09,"Had a very nice stay in Zurich. The apt was just as advertised and the view and central location were wonderful. Clean apt, and good communication from host as well. Overall a great stay!",0
10307,10871301,2016-07-22,"The apartment itself is s fab... clean, huge, contemporary and with sleek design furniture. It's managed by an agency who are friendly and professional. We had no issue collecting the key from the office which is just around the corner. The apartment is actually apartment 2.1 but the agents call it apartment 7 which stumped us for a while until we read the names above the apartment numbers and found 7! It's such a shame that there is a very noisy construction site immediately over the road. Work starts at about 6am and goes all day. When I raised it with Tania she was great and professional and resolved it for us with no fuss at all... The location is amazing. .. so close to the lake. A great place... just a shame about the noise.",1
10415,10871301,2020-08-28,Great place in the heart of zurich close by the lake. Tania is very responsive and always helpful 24/7 great hospitality. Will come back anytime...thanks a lot,0
10472,13517210,2019-07-02,Easy and quick to communicate with Tania. The place was not difficult to find. However there is no air-conditioning in the very hot days of over 30 degree. We could hardly sleep with just two small fans while all the windows have to be closed because of lots of flied in bugs.,1
10494,13517210,2022-12-20,Tania is very responsive and accommodating. The location is in the center but in a very quiet neighborhood so it is very nice!,0
10518,10892010,2018-08-28,"The apartment is fine. Very good location, overall clean, good amenities. However, the host is unresponsive on AirBNB messaging, and it was a bit of a challenge getting in. If you just need a place to stay in Zurich, I would recommend it, but it won't blow you away.",1
10524,10892010,2023-04-09,"Stephanie is a n awesome host. She responded to all my questions promptly. The description of the apartment is accurately but take note that this apartment is at the top floor. Although, there is an elevator but there is a part of staircase to the apartment. If you have many luggage, might need to re-consider. Suitable for family and friends.",1
10547,13720909,2017-10-22,"Check-in and out are very easy, as it is all done by yourself. My main complaint would be the noise at night. The street noise is rather loud, and I often heard neighbors while trying to sleep. Location is very close to transportation, but about 20-25 minutes to the Old Town Zürich. Overall, nice place to stay for a cheaper option close to town :-)",1
10549,13720909,2018-01-24,"The place was equipped with amenities beyond our expectations and was par excellent in terms of cleanliness. The location of the house is apt with respect to the distance to train, bus stop and supermarkets for daily needs. The host was prompt in addressing our queries. Would recommend this place highly for anyone looking to stay in Zurich.",0
10552,13738654,2017-02-23,Great location and apartment. The flat is huge and comfortable.,0
10555,13738654,2019-08-31,Tania is very kind landlord. She gave me an early check-in when she knew that I arrived early in the morning. The house is clean and tidy. It is very close to the tram station. It takes only 15 minutes to Zurich main station. Highly recommend this house.,0
10596,10973187,2016-09-22,The flat is a wonderful and well-maintained two bedroom place. All the amenities you need. Decent kitchen if you choose to eat in a bit to save money. Very quiet area with quiet well lit during the day and dark shades at night. Hyesook was very nice and easy to get in touch with. We had a great time and recommend it to everybody coming to Zurich.,0
10601,10973187,2016-11-06,"The apartment looked great on the web site and we were guided by all the positive reviews. However, when we got there, the apartment exceeded our expectations. It was spacious, bright, warm, and each room was well equipped. We felt very welcome and comfortable. The apartment building is also beautiful. The location is fantastic – just a few minutes’ walk from the main train station. Communication with Hyesook and her family was amazingly efficient and they were eager to be of further assistance (what to do) once we arrived. As you settle in, you notice little touches that have been added to make you feel at home – we’ll let you discover those for yourself. We highly recommend this apartment.",0
10625,13738854,2018-05-05,"Me and my girlfriend stayed here for ~1 month when we first relocated to Zurich. The apartment was lovely. The location is fantastic. Plus Tania always responded within a few mins to any requests or inquiries. The only thing I would warn future guests about is if you are moving to Switzerland to stay, the local kreisburos(government registration offices) can be a bit odd about registering you with an air bnb booking. I observed this not only myself, but with a lot of other people who started in my new batch in work. This is more something for airbnb to resolve with the Swiss authorities than anything specific to this property. Thanks a lot for having me Tania and I would certainly stay again or put up my family if they come to visit.",0
10626,13738854,2018-06-24,"I spent 2 nights in Tania's apartment and loved it. Close to the water and easy walking distance to the centre of Zurich. The apartment itself is very welcoming - spacious, light, well equipped and quiet, and Tania is easily contactable and very helpful. I would recommend this to anyone travelling to Zurich for a short stop over or a longer stay. Fabulous. Thank you so much Tania.",0
10801,13738980,2024-02-25,"Had a great time booking with Dimi, very responsive and helpful. The apartment was exactly as advertised and I would recommend it to anyone.",0
10875,13738980,2026-05-22,"Spacious, clean, quiet apartment 5 minutes walk to the lake. Excellent tram service and a good supermarket nearby. Demi was excellent at communicating.",0
10890,13740005,2017-04-19,"Great location, clean, and nicely equipped (really appreciated the N espresso machine). The two bedrooms go to the back, so very quiet notwithstanding the proximity to public transport. Check-in was easy, the host Tania was very responsive. Would definitely chose this place again.",0
10895,13740005,2017-07-20,"Great location, close to railway station, groceries, lakes. The living room by the street side is bit noisy, especially the place directly below the window open till after midnight. Those people talk loud. However, the two bedrooms (2+1) on the other side is quiet and comfortable. The place is clean and organized well.",1
11111,13821357,2023-10-30,Perfect accommodation for a Zurich stay. It is cozy and close to the tram and other connections all over the city. The place has its charm and the host is proactive and communicative. Very clean and well-equipped. Also has a hairdryer. Quiet neighborhood. Not good for disabled people.,1
11152,11075723,2023-04-03,"Perfect apartment just steps away from public transportation, great restaurants and shopping! Bus/tram stop is less than 2min walking distance making traveling and getting around so easy. Tania was an excellent host. Check in/check out was a breeze and she was so kind and responsive. The apartment was spotless and had everything we needed for a comfortable 10 day stay. This was the perfect place to stay in while in Zurich and the only place I would stay in Switzerland!",0
11220,13879118,2019-08-31,"This place could not be in a better location. It's right next to the bus and the train station, so it's perfect for those jumping on tours and stuff like that. The space is very spacious and comfortable. Hyesook was super nice and helpful if we had any questions. The only negatives we could think of would be the bedroom closest to the train station can hear the trains running all night, but the other bedroom was completely quiet. Not a huge deal at all, but it's more for awareness of people aren't used to that noise. Additionally, it's on the 4th floor, and you need to climb spiraling steps. Again, not a big deal for us, just more for awareness if you want to stay here. Overall, the place was wonderful, and we'd recommend others to stay as well!",1
11231,13879118,2020-09-02,We had a great stay at Hyesook’s place. Even though we arrived very late we were met by her daughter and check-in and check-out were both very easy. There are lots of great amenities including a Nespresso machine. The bedrooms are comfortable and quiet. The main space is really nicely decorated and fun to hang out in. Hyesook was also very accommodating when due to some unforeseen circumstances we needed to extend our stay by two nights at short notice. All in all highly recommend!,0
11290,11075723,2025-05-06,"Clean and tidy, excellent location, supermarket nearby, close to the trams and city center, hot water available, nice to stay here for my Zurich Visit. There is no washing machine, and unfortunately ant problem has to be fixed. But the neighborhood is quiet and peaceful, and just few tram stations away from the City center. Its still great place to stay. Dimi has been responsive and helpful. Great host.",1
11329,11092692,2017-04-11,Definitely one of the best Airbnb experiences. Ruth's house is located in central Zurich and everything is within the reach via either walking or tram (tram station is about 3 min walking). Her house was spacious yet cozy. The experience felt like real Swiss experience which we enjoyed. Ruth had been a great host as she is very responsive of our needs and did the she could do to provide the best experience for us. Highly recommended for sure!,0
11330,11092692,2017-06-29,"What a lovely place. I had a wonderful time in the house and the garden, with the river Limmat a stone's throw away and the city center close enough as well. Ruth made sure that everything was perfectly prepared for my stay.",0
11333,11128754,2017-08-13,This place was lovely! Beatrice's roommate took care of us and made sure we had everything we needed. Location is great--quiet but still close to lots of fun stuff. Bed is on the floor but very comfy. Just what we needed for one night after a long trip :) Thanks!,0
11334,11128754,2018-07-03,"Beatrice is an amazing host and her place is absolutely beautiful. Check-in and communication was perfect and easy. And her loft apartment is just stunning! We fell in love with it right away. Its very spacious, charming with a lot of light and it's very clean. The location is wonderful as you are surrounded by cafes, little insider restaurants, shops, little galleries, local markets and parks. The flat is very quiet as well and we could leave the windows open during the hot nights and we couldn't hear a single noise. This place is just beautiful and I hope I can come back soon again :)",0
11364,11152536,2016-05-24,"Raffaele was very welcoming and accommodating. He was also helpful with figuring out transport to the airport. The room was very clean and quiet, and it had everything I needed.",0
11395,11152536,2020-01-19,"Raffaele and Stella are very nice hosts,I am glad that their hospitability was great,the room was clean,apartment also,so I am glad that I stayed there!Wish you all the best! Stelian",0
11427,13907213,2018-08-11,We had a pleasant stay at Lukasz's place. It is convenient from the apartment to reach any attraction in the city of Zurich. Quiet and safe neighbourhood.,0
11432,11266276,2020-01-02,"It was far better than I expected. The room was big, well-designed, comfortable, and fully-equipped. The host was fast responding for everything and considerately prepared more than we could have thought of. There is a train station and a bunch of supermarkets nearby, with one that opens until late night. It was a bit far from city center — checking the train timetable before leaving the apartment should save a lot of waiting time.",1
11435,11266276,2024-12-13,"Very nice stay near the Affoltern region of Zurich. Fairly quiet and very clean place, contained everything that was needed for the stay. The hosts were very responsive and solved any issues immediately. Would recommend the stay for anyone looking for a nice place with good connections to the main city",0
11447,11334434,2016-09-27,"The apartment is very spacious, clean and tidy. The infrastructure is very well-organized, very convenient for cooking and very cozy for relaxing. Great location for a short holiday in Zurich, train station 5 mins walk, supermarket 1 min, and a lot of green lands in the neighborhood. We were very much positively surprised at the rooms and very helpful contact of Simone. Great thanks to her flexibility and assistance! Should we have another chance to visit Zurich, this place would definitely be the choice.",0
11449,11334434,2017-10-29,Perfect location; Close links to the hub at Oerlikon and Bahnhofstrasse. Handy local supermarkets. Exceptionally clean and comfortable home. Well worth the booking and definitely the place to stay again next time we’re in Zurich.,0
11463,13907213,2025-01-18,"Lukasz was a great host, responsive, careful and kind. His artwork is great! The apartment is located well and with local transportation everything is quickly accessible.",0
11478,13927064,2018-08-26,Julian is a friendly host. The communication is good with privately prepared house guide and travel guide. They are useful. The house is tastefully designed. The bed is comfortable. The transportation to main station is good. Will recommend to other guests.,0
11487,11597416,2018-07-31,"Trudi is a truly amazing host. She genuinely cares that every person who stays in her place has a wonderful experience of the city and the house. The breakfast is so healthy and delicious. The rooms are adorable - really living in a historical house, but without lacking anything. The only thing I regret is that I had to leave so soon! Thank you Trudi!",0
11489,11597416,2018-09-03,"I had a really great time by Trudi. The location is almost perfect as in the old town but the residential one, which a quite; and this was enjoyable! Trudi is a warm and welcoming person and her house is well decored and charming. I had the opportunity to do Massage and i would also recommend it... really appreciate. To conclude, i will go back there for sure!!",0
11504,13927064,2023-10-05,Great location for our conference around the corner at the Sheraton. Nice Bakery right outside and some food bars. Grocery store “Co-Op” very close by,0
11617,13980689,2024-03-24,"Fantastic apartment, full of everything you need, the only downside was it was quite noisy at night being by so many bars and restaurants",1
11629,11949543,2017-07-17,"Excellent location. Nice and close to central Zürich. Good public transport. Limmat is nearby for a swim. Quiet at night. Beware that you do have to like cats to stay here as the cats are very curious and do love the visitors place. So it does take some chasing around to keep your room cat free. It's not great value for money, sharing the bathroom and kitchen with the host, however nor is any hotel in central Zürich. And for our short holiday trip it was excellent.",1
11635,13980689,2024-08-22,"Everything was perfect except no AC(there was some kind of fan, but I find it very noisy and not useful) , so I had to open the window during night, which was quite noisy (bars in the street). In all other aspects - it was perfect(flat itself, location, check in) and of course city ❤️",1
11658,11949543,2017-08-03,"Cute, cosy room within 10 min walk from the main train station. You can hear the church's bells inside the apartment. There seems to be quite a few flatmates living in the apartment. Unfortunately, the host wasn't present to receive us and one of the flatmates did. Communication was limited.",1
11718,11977829,2024-04-28,The place was like the description and for the price it was a deal in Switzerland. The only negative note is that there were big noticeable stains on the mattress of the sofa-bed. The location is a bit far from the city center but well connected with the public transport. Overall was a nice stay for the price.,1
11719,11977829,2025-04-10,"I only stayed in this flat for one night unfortunately although I would have preferred to stay for longer. The flat is well connected by public transport, it is in a quiet and relaxed area, all the rooms were clean and equipped with all the necessary supplies, from the oven to the dishwasher. Excellent, I would stay there again with pleasure! Thanks, bye.",0
11721,12316807,2022-10-25,"The house is big, nice furniture, the neighbourhood is full of restaurants, supermarket. The tram stop and bus is in few minutes. David was very nice and quick answering. The house is silence and the street too. But the house was full of things, clothes, books, food… if you are staying for a long time. Think twice to stay there, because there is not much space for your own stuff. Also the neighbours are in my opinion too much strict with the not noise policy. If you arrive late due work or whatever reason… think twice before renting the place. Apart of this all was great, highly recommended.",1
11723,14113525,2017-01-06,It's still my favorite place to stay in Zürich. It's always a pleasure to come back to Karen and Jakob. It was my 4th stay at Karens Apartment and not the last one for sure.,0
11806,12469141,2017-01-04,"You will got as described. The place is in a good neighbourhood environment, clean and warm with a free wifi. Jung Soo is a good host, highly recommended..",0
11886,14113525,2026-05-03,"Karen and her son were lovely hosts. The room was spacious and the apartment was located and very quiet and nice area. However, we weren’t informed that we would be staying with an additional guest in the apartment.",1
11894,14165529,2017-07-12,Sabine's place was very nice! The bedding was super comfortable and exactly as described. I also liked how it was relatively close to the airport!,0
11902,14165529,2022-05-01,"The flat is clean, spacious, luminous, well-kept, has a nice view and is located in a quiet area. We were welcomed in the flat by Sabine's flatmate, who showed us around and offered us a tea. Sabine is kind, gave us easy-to-follow instructions, and communicated well with us.",0
11931,14189519,2017-07-21,"Lorenzo's place is small yet quaint, and perfect for our 3 day visit in Zurich. It was clean, and had most things that you would need. The bed was comfy, the wifi worked great and it was an easy 5 min walk to the bus. It was a 15 bus ride into the centre and very easy to navigate. We did not meet Lorenzo but the communication was great, check-in was easy and he responded quick to questions during our stay. I would recommend Lorenzo's place, it is perfect for a couple.",0
11934,14189519,2018-06-30,"I've stayed for a week in this calm apartment, it's cool and cozy. The kitchenette has most of the equipment you may need, the Wi-Fi is portable and you can take it to wherever you go and avoid paying for your cellphone's roaming! and the apartment is rather in a good location if you go to the city center by public transportation, however by walk it's a bit far. The only problem was about the neighbor who had a child and was crying in the mornings, and they use to watch TV loudly! All in all, I highly recommend it...",1
11970,14437525,2017-08-01,"Giselle's background in hospitality shines through in the way she treats your stay. Her breakfasts are amazing, and she is very generous and organised. From her place it is very easy to get into the main part of Zurich.",0
11995,14437525,2019-04-08,"Lily's place is a great bolthole for exploring Zurich in walking distance (albeit a longish walk) to the old city, the lake and the bars on Langstrasse. There is a handy Lidl round the corner for cheap supplies and transport links are good (though Zurich public transport is expensive). The place itself is well-decorated and you are given a large room with a very large bed and lots of space. You can cook in the kitchen and use the espresso machine. Lily is a very kind host - as long as you don't take her directness in the wrong way and are respectful of the space, you will get on very well! Thanks Lily for your hospitality!",1
12041,14477404,2016-10-11,"I had a great stay at Lea's - she and her flat mate are super nice, communication was easy and the place is very central in Zurich. Would definitely stay there again!",0
12080,14477404,2023-05-20,"I stayed in one of the rooms for 15 nights, it was really pleasant! The two other rooms were also occupied but the guests were really silent and friendly. Kitchen has every equipment that you would need to make some meals or breakfast. The internet connection was really great and fast, so if you want to work from here it is really great! Lea was really nice and friendly! Thanks for everything!",0
12204,14497537,2019-05-11,"Beautiful apartment in an amazing location - really couldn't have been better for access to the city (we used the tram one day, walked it the next), local shops and the lake. It has everything you could wish for and all really good quality and spotlessly clean. We loved Zurich and honestly can't wait to come back. Would recommend 100% without hesitation. Thank you!",0
12247,12469141,2025-12-29,"Great stay, the location is in good distance to Oerlikon train station where you get easily and quickly to all spots in Zurich. The place is quiet. The host has been super friendly, reliable and reacting fast to my requests. Thanks Jung Soo!",0
12270,12664810,2016-06-11,Thanks to William for a last minute request from us. The apartment is very spacey and only few steps from the central. We enjoyed a lot in Zürich :)),0
12290,14497537,2022-03-11,"Dominique's place is superb. There is a lake with pretty view just 2 minutes walk, so does the tram stops. The place is clean with complete cooking utensils. The neighborhood is interesting with a lot of options for food, coffee, and bakery. The only catch is the check-in procedure is a bit confusing since we do not know at first which floor/unit is Dominique's. Once settled, everything is absolutely splendid! Definitely will go back to Dominique's if I had the opportunity to travel to Zurich again.",1
12310,12664810,2016-10-14,"Highly recommended! William's place is awesome: conveniently located with a great view and comfortable atmosphere. A similarly priced room at the Marriott across the street would be upwards of $300 so it is an amazing deal! Though we didn't get to spend much time with him, we could tell that William is a really great and sincere guy. Stay here and you will not regret it!",0
12313,12786627,2016-05-11,"Balbir was really nice and caring. He gave me good tips on how to spend time in Zurich, so I enjoyed his support. The apartment is as described, really nice and perfect for a few days stay.",0
12344,12786627,2019-12-16,"The flat I had originally booked wasn’t available, but Balbir went out of his way to find me an alternative which was bigger, better and in an even nicer part of town, all for the same price. Fantastic service as a host.",1
12403,15672243,2018-07-30,"We loved our one month stay at Anna & Karina's place. It was clean, comfortable and quiet. The location is perfect - close to several tram lines, the airport, grocery stores and very good restaurants. Highly recommended.",0
12428,15673613,2021-01-31,Anna & Karina's place was clean and in a great spot in the city. It has everything you need for a long or short stay. Highly recommended!,0
12448,14497922,2017-04-05,"Roland's place was well-equipped and easily accessible to the tram station. His house was also spacious and fit 2 people well. You will find that Roland's kitchen was well-equipped with everything that you might want to find, from cup noodles to ready-made food, it has everything. Roland's house was also equipped with a handy washing machine and dryer which we found to be particularly useful as we are travelling around for a long period of time. Roland ensured that we got to the apartment fine and ensured that we had everything that we needed. Definitely would recommend!",0
12456,15674116,2021-10-03,"This is a house with rental apartments/studios conveniently located close to Oerlikon train station. There is an abundance of grocery and other shopping opportunities and food (excellent Vietnamese right across the street) options. The Studio itself is nice, laundry can be done in the basement (buy your own detergent), has a Nespresso machine and dishwasher. The only thing I was missing for a fully equipped kitchen was a water boiler. -- The main downside of the location is that it is quite loud, also during the night, due to street noise etc. Overall, definitely recommend to stay there if you want to be close to Oerlikon station and don't mind a bit of noise.",1
12460,14497922,2022-05-30,"Convenient location to access downtown with the train and nice neighborhood for walking. Lots of parks and playgrounds in walking distance. Inside the house is also comfortable and quiet. The host is very kind that they went out their way to find a bulb on a public holiday so that one of the bedside reading lamps weren't out of order. As stated in the description, suitable for individuals and couples. Stairs and extension cords might be a little bit challenging if you are with younger kids.",1
12467,14652186,2017-02-19,We loved Marco's place and would stay again. Marco was a great communicator and stayed in touch throughout our stay to make sure we were ok and comfortable. Everything was as described in the listing. We were very happy.,0
12485,15781029,2023-01-12,Stephanie was very responsive and made the check in/out process very easy and flexible. Easy to find place with lots of space. Within walking distance of bus/tram stops. Covered parking garage located about 800 meters away.,0
12499,14659604,2018-10-04,The location is very good. You're just off of a metro line and Zurich HB is 10 minutes by train. The space itself is also beautiful with a super comfy bed. Cristian is super responsive and will help with anything you need!,0
12572,15782017,2017-02-12,"We really enjoyed our stay at Beata's flat! It was comfortable, clean and had everything we needed for a long weekend in Zurich. The flat is within easy walking distance of the centre of town, and also very close to loads of public transport, supermarkets and great restaurants/bars. Beata's mum was lovely and helpful when we checked in. We would definitely stay again :) Thanks!",0
12594,14659604,2026-02-28,"Great home for visiting Zurich. Cristian communicated very well and his apartment felt very homely. There was even a bottle of wine ready for us! That's a first for me on Airbnb! Top marks for that. The apartment has a kitchen with a lot of equipment like Moka pot with coffee, tea supplies, condiments, even a fryer, and in the bathroom were most supplies you would need, even new toothbrushes if you forget yours! Location is great, really close to the University Hospital and a fairly short walk from the centre of the city. It was not a problem for us but some people might find the walk back up to the apartment a little steep. The only other small negatives were the sofa bed wasn't very comfortable to sleep on, and there was a slight smell of smoke in the apartment.",1
12601,14781925,2020-09-23,"Hi Alex, I would give 6 out of 5 stars if it would be possible. It was really nice staying at your place. Thanks for the nice amenities and nice talks. Also thanks for the food. It was yummy. Best Airbnb so far. Cheers Damir",0
12604,14781925,2023-09-08,"I stayed here a week for work, and Alexandra is the perfect host. She is very responsive and incredibly accommodating despite herself being very busy. The room is great, with a comfy bed and lots of storage space. You get your own fridge/freezer in the kitchen, too. What I like most is that it's a lived-in house, so it feels homely and not some sterile show-room type place. You can get a bus/tram to HB in about 25 minutes, so it's convenient and in a really nice area. Wholeheartedly recommended!",0
12638,15782017,2020-09-15,"The apartment is located in a nice area of Zürich: it had a lot of great terraces and restaurants. We walked a lot, and the citycenter was about a 30 minute walk. You could also go there by public transport. The apartment itself is bigger than it looks on the photos. However, it's a bit outdated: for example the couch has a lot of stains on it, and it's covered with a blanket. Furthermore, the apartment smells like cigarettes smoke. As none smokers, we didn't appreciate that. An upside of the apartment is that it offers a free parking space! Great for people who travel by car. All in all, we would recommend this place, but don't set your hopes to high, price/quality wise it's ok!",1
12643,14784853,2019-08-01,"Lis place is very cute, sparkling clean and has all the amenities even for a long stay like mine! The neighbourhood is quiet and pretty but at the same time close to the center. Lis is also a very helpful host. I can only recommend it.",0
12646,14784853,2020-10-01,"Lis is a very caring host and the place is already equipped with everything you would probably need. It is perfectly located. Very close to downtown and ~5 min away from public transportation and ~10 min away from my working place, ETH, on foot. It would be good to know that it is up on the hill, which could be a decent exercise, but not a big deal without heavy luggages. I'm going to stay longer than my original plan as I was satisfied.",1
12674,15796209,2023-04-09,"We felt very well during our more than two weeks stay in Thomas his apartment. It has a very modern feel, very clean, every room is correspondingly fully equipped. Good wifi, comfortable bed, fantastic sofa… Thomas is a great host, welcomed us at the apartment, showed and explained us everything. A wine, cheese and some cold cuts offer by Thomas made a great welcome arrival after a long journey. We would definitely like to stay here again .",0
12677,15796209,2023-07-01,"A roomy, elegant, and modern apartment close to public transportation (tram, train). It offers a view of a beautiful mountain and a railway station. The only drawback (which we knew in advance) is the noise from the passing trains. Thomas is a very efficient and kind host.",1
12703,14823254,2023-10-26,"Staying with Jung Soo is exactly what I was looking for! As it was the first time I travelled alone, I wanted to stay somewhere I felt safe and comfortable. Jung Soo gave clear instructions of where to go, was very responsive when I had questions and made me feel at home. I would definitely recommend to someone wanting to stay with a friendly, helpful and safe host. The only advice I would give to someone staying here is bring a good pair of ear plugs to ensure a good nights sleep. The walls in the flat are quite thin so you hear others living in the other flats around.",1
12717,15796740,2026-06-04,Good place to stay. Clean and spacious. Just as shown in the photos. Stephanie is a great & communicative host.,0
12728,14823254,2025-06-17,"Overall, everything was pretty good. I only stayed here to sleep and to be close to the train station since I had an early flight the next day. The apartment looks quite appealing, but there's one big problem: the old, very noisy locks on the doors. Every time my neighbors went in or out of their room, I heard it, even through sleep. The same goes for the bathroom door. If you're a light sleeper, you'll definitely need earplugs. I wasn't prepared for this, and unfortunately, it prevented me from getting a good night's sleep before my early departure. I also think the price for the accommodation is quite overpriced.",1
12756,15853113,2021-09-30,"Perfect place for your stay in Zurich. After almost 3 weeks there, all I can say is fully recommended. Great location, with close bus and tram connections, and also Oerlikon station. The apartment (and the room) is spacious, fully equipped and clean. Daniel and the other flatmates were very nice, and they try to make their guests feel at home. Upon my arrival, they even gave me a tour to know the neighborhood.",0
12759,15853113,2022-08-11,"I was in this accommodation for 6 weeks and had a great stay. The room was really comfortable, clean, light, had everything that you could need. The guys in the flat were super friendly and helpful, yet totally respected personal space. I was welcome to use the kitchen and the common areas, and found sharing a bathroom to be no problem at all. The apartment is in Oerlikon, so may not exactly be close to the centre of the city, however with the bus stop right outside the house and the transport connections being very frequent, you can actually be at Zh HB in just 15-20 mins. Would stay here again if I come back to Zurich :D",0
12767,15862347,2023-10-28,"Walter's house really exceeded my expectations! (I can say it was twice as spacious and beautiful as the pictures. The pictures are great, but the rooms are even better in person.) ) The views of the mountains from the patio were especially nice, and the kitchen is very well equipped. I also really enjoyed walking in the hills behind the house, Walter was very friendly and made my stay enjoyable. Definitely recommend!",0
12786,14861181,2018-06-16,"Apartment itself is quite nice, located under 15 min walking from the train station. Place is clean, spacious, located on the first floor. Fast reliable WiFi. The windows are facing the street with 4 bars basically under the windows. Bar customers create a lot of noise even on week days and at night. The noise is quite disturbing even with closed windows. The place itself was very nice, but it is REALLY noisy and the noise did not stop until 04.00 in the early morning!! It is very difficult to sleep. Please know that the apartment is located in the red-light district of Zurich. We did not know this until we arrived. The place is well equipped and Jacqueline is a lovely person.",1
12828,14861181,2019-12-20,Great apartment in very convenient location which was accessible to both the train station and central Zurich,0
12877,16263857,2017-11-01,"Sarah's loft flat was literally right in the heart of the old town, with its cobbled streets and traditional architecture. The loft was small and cosy, and had absolutely everything necessary for a comfortable stay. Although I didn't get to meet Sarah, we kept in touch through messaging and she was very responsive. I would definitely recommend this place to anyone wishing to stay in Zurich!",0
12878,14921512,2018-02-25,"Thank you so much Tania for the wonderful hospitality. The property was very cozy, perfectly equiped and in a very quite area. The problem we had with our modem was repaired very fast. Again thank you for everything. We will definately visit you again.",1
12885,14921512,2018-11-25,"Pricy appartement - more expensive than most hotels, but quite close to the city center and the interior is cosy and nice. Communication and check-in/out is very easy. Convenient spot to stay in whilst in Zurich.",1
12947,16263857,2018-07-01,"My mistake was not to read previous reviews properly. This air bnb would be great for anyone coming to Zürich for fun and spending time out enjoying all the central attractions. Location is fab. Communication with hosts very good and they kindly let us check in early. But for us it wasn’t great. We needed a good nights sleep but the room (and it is a room with an ensuite rather than an apartment) was boiling hot , even with a fan as it’s at the top of the building in the eaves. Open the windows and half of Zürich seemed to be outside in the square partying. My teenage son would have loved it probably. So overall not a bad place but just didn’t suit us. Maybe better in the winter when cooler.",1
12996,14924969,2016-09-25,Nice business flat near to the lake and center! Good friendly host/Service Thanx,0
13037,14924969,2022-05-06,"Beautiful place, convenient to explore the city, and detailed instructions for ease of staying",0
13071,14925431,2023-02-09,"Flat was really great, though it was not in the center but the area was well connected and easy to reach everywhere, and the surroundings also had everything, supermarket, restaurants… etc Place was clean and we enjoyed our stay",1
13073,14925431,2023-02-27,Very clean and spacious apartment. Very comfortable for my family of 4 kids. All appliances are brand new. Easy commute to Zurich town. Even though near to town but the area were very quite and private. The check in process very easy. The owner can be contacted easily. Will recommend to others definitely.,0
13139,15169764,2019-01-21,"Great appartment with nice central location. Quick and efficient reactions from Tania. Quiet surrounding. Nice terrace on the roof, while it was cold enough to enjoy it)) I would love to stay here again in the future",0
13214,15169764,2019-03-10,"2 min. from Bellevue = very central, but completely quiet. You won't think you are in the middle of Zurich. If you have a lot of luggage, be aware that there are 2 stairs to take to the flat. Very big bathtub (only the whirl is missing) and big shower, very big sleeping room (e.g. no problem to do yoga with 2 people) and a lot of space for placing your stuff in a lot of closets. In winter you will be happy to have a floor-heating system - you are in Switzerland = winters can be cold...",1
13320,16329215,2018-11-04,Deborah was an excellent host to us. I visited Zurich with 3 other friends and we all had an excellent experience. Starting with her written out directions from the airport to her apartment via train. She was also very thoughtful to welcome us with some fruits and chocolate. Apartment was very clean especially the bathroom and kitchen. We had 2 beds and they were comfortable. Neighborhood was quiet at night. I'd definitely stay at her place again if I should visit Zurich in the future. Thank you Deborah,0
13375,16329215,2019-10-31,"The apartment is spacious, well-furnished and very clean. Location-wise, it's about 15 mins away by tram from Zurich HB (central train station). The neighbourhood is peaceful and there's a large grocery store nearby. Our host - Deborah - is thoughtful and caring which made our stay very relaxing and stress-free.",0
13380,16435353,2017-05-19,The place is perfect for business or tourist/family stay. Tram/bus station 12mins from city center is right next to the flat and the location itself is suitable for walks and beautiful view over the city and it's surroundings. We had beautiful evenings on the terrace with the view over the city. The only little disadvantage for those who likes the full silence during the night is the near tram line. The owner is kind and responsive in communication. The flat is fully equipped and is in very good condition.,1
13401,15172572,2023-11-23,"We had a great stay at Petra's home. It is in a quiet street but very near public transport, supermarket and everything else we needed. While check-in went with a key in a lockbox, Petra also met us personally on the day of arrival and departure -- something which not many hosts do and gave the stay a more personal touch :) The apartment itself had all the amenities we needed, including a cosy living room and enough toys for our daughter to play with. Recommended!",0
13435,15172572,2025-05-17,"Petra was a very kind and attentive host. She allowed us to check in early and always responded clearly and quickly. The house is very nice, comfortable, cozy, and spacious. Using Zurich's excellent public transportation, it is very easy and quick to reach the location. There are markets nearby as well. My parents and I really enjoyed the experience and we thank Petra for welcoming us so warmly!",0
13467,16435353,2024-09-26,"Rakhal is an excellent host—always available and highly responsive. The flat offers a fantastic view, which you can enjoy from the terrace. Situated in a residential area, it is very quiet, yet well-connected by public transportation with direct trams and buses to the city center. Additionally, grocery stores are within walking distance. I would definitely book it again!",0
13469,16735328,2017-01-30,"Lara's apartment is a peaceful retreat with easy access to the city centre and the airport. There are 2 tram stops and 2 grocery stores within 2 minutes of the front door. We loved the roof top views, the sunshine on the balcony, the cool fireplace, the comfy bed and high quality bedding, and listening to all the church bells. If you are up for a walk with a fantastic view of Zurich, we recommend taking the funicular (also around the corner from the apartment) to the top.",0
13482,15250857,2023-05-15,"Excellent and very friendly, the owner and all the staff. Thank you for everything",0
13484,15253929,2017-08-25,Ales place is great and only 5 minutes from Wipkingen station and supermarkets and well connected with local buses. House cool and spacious bedroom. It is only a single bed as seen on the photo so as expected. Would stay again.,0
13489,15253929,2018-01-17,"Alessandra was very helpful giving me information to get to her place from Zurich airport (very close and easy connection). The room is big, with a chair and desk which was great for me to do work in the evenings. The room is on a busy street but the windows etc help block out the noise. Thanks Alessandra!",0
13500,16735328,2017-09-23,"Lara's Loft is indeed a cozy place for a longer stay nearby downtown Zurich. The Tram stations are within a stone's throw away, which is very useful for ppl traveling without a car. The apartment is clean, bright and very tastefully furnished. Book it, you won't regret!",0
13504,16791727,2017-03-21,"Thierry's house was absolutely gorgeous! My husband and I were traveling with my parents, and my sibling, and one of her friends so 6 of us in total. The one bed doesn't have as much privacy, but works absolutely perfectly for families/groups of friends/etc. The master bedroom is absolutely gorgeous, and the house overall could not have been cleaner or more tidy!",1
13561,16791727,2019-01-03,"Actually, I quiet surprise that it is not a three bed rooms apartment, it only have one bedroom, one bed in the common area and one bed near the stairs. Besides, the cleanliness of the kitchen and dining room can be improved a little bit. However, the bath room is perfect, clean and large. The location is also convenient and the host is really nice.",1
13590,15341716,2017-05-03,"Michael's place was perfect. His place is easy to find. Laura, his associate, welcomed us when we arrived. She was very accommodating and even let us borrow her converters when we realized the ones we had didn't work. Good walking distance to old town. Overall a very pleasant stay. One thing I will say, is there are a lot of steps to get everything up so keep that in mind if you have heavy luggage. Otherwise, I recommend this place to anyone who wants a relaxing visit to Zurich.",1
13659,15341716,2017-11-24,"Great place for couples or two friends. Small space but it gets the job done. Only a few minute walk to the train, plenty of bars, restaurants and entertainment. Shopping is close by as well. Very clean.",1
13824,16819240,2017-10-26,"Lovely apartment with everything we needed for our stay located in a beautiful and convenient area very close to the lake and city centre. Tania was a great host, friendly, cooperative and responded to our enquiries quickly.",0
13835,16819240,2019-02-10,"After a bit of a rough start with my first Airbnb booking (first booking request never responded back and first apartment I booked was unavailable due to damage), this ended up being a very pleasant stay in a very nice and centrally located part of Zurich. I had been traveling around for awhile so the best part of this flat was the washing machine in the bathroom. (Bring your own detergent.) Tania was a great host. Check-in was a breeze. Lack of elevator was the only minus.",1
13882,17083952,2022-08-10,"Wonderful place. Close walk to everything, very comfortable and Patrick was so kind the whole way.",0
13891,15363618,2019-06-17,"We spent 1 week at Campell’s Mansion. The studio was beautiful, very modern and the view from the windows is stunning. The stairs to get to the 3rd floor can be a bit challenging if you have suitcases but once you are at the top of the house it is very satisfying! Even if you are in the owner’s house, it still feels private. It is very quiet and the neighborhood is quite lovely. We loved the breakfast: champagne, homemade tart, and local cheese...",1
13913,15363618,2022-04-08,"I have stayed at Duri’s place three times now for work trips. The location for me is ideal, walking distance from the main train station, the old city and the University. The check in is always seamless. The apartment is perfect for a single business traveler. I will certainly be staying at Duri’s the next time I’m in Zürich.",0
13919,17083952,2024-10-20,"Lovely stay! Very convenient for a family, especially if you're looking to have a relaxing home base with plenty of space for the kids to run around, and the ability to cook instead of going out for every meal.",0
13930,17261980,2017-09-06,"Great apartment convenient to many activities and public transport. Laundry facilities were available when we needed them. Very clean apartment, the neighbors were all very quiet. Great experience!",0
13956,17261980,2017-09-15,"We had a very nice stay at Tania's place. This home is clean and spacious and very close to public transit (or you can walk ~20 mins to the city center/near the train). The kitchen is fully stocked with cooking supplies like pots and pans, but there is no oil or seasoning so if you plan to cook you need to buy those things for yourself. Overall, a great stay!",0
14015,17267151,2025-08-03,"The Villa is beautiful, quite and intermediate decoration (which is enough). Very close to public transportation (20mins). 10 mins driving to city center. Two up-floors plus one under-floor. When we checked out, there was a misunderstanding that the staircase was broken. And the manager thought it was us. However, we took some pics when we check in, since it's really gorgeous. And the pics showed that it was already broken (first floor to second floor). Luckily, everything is fine, and we do cherish our time in Zurich.",1
14017,17267151,2026-01-30,The property manager was extremely reasonable with us and our many requests. House was better than the pictures in many ways. However it was a bit empty and there wasn’t much in the home entertainment wise. The check in process was a bit more cumbersome than expected but in the end it’s the only place I’d stay should I return to Zürich in the future.,1
14041,15381261,2018-06-07,Nice cozy apartment in very good location. Tram and Train station at 1 min walk. Bahnhofstrass and Lake Zurich are walking distance. Apartment is well furnished with well equipped kitchen. One thing to note is that parking is difficult in this area. There r not parking on same street. You may have to go around and park in back streets. Good thing is that for overnight parking you can park in white spots (8pm to 9am). But the challenge is getting the parking. Parking garages are a bit far. You don't need a car for moving around within Zurich. I was driving from Geneva so had the car for the night.,1
14049,17343387,2018-08-16,"Gecy is honestly the sweetest lady and I’m so happy I booked a room with her. She does not speak English, however when we were communicating she used a translator and it worked out great. She left us very sweet notes on the door and was overall a great host! I would recommend staying here.",0
14055,17343387,2019-07-07,Gecy’s apartment was spotless and amazing! Even though she didn’t speak English we were able to translate everything and she was very kind! The room itself is spacious and comfortable! Would recommend to anyone :),0
14084,15381261,2019-09-27,"Spacious and clean, even the dishes were sparkling. Location for value was great. There is noise from upstairs (mostly kids, so it’s acceptable) but they quiet down after 10pm. The tiny elevator was much appreciated after long days of walking. Would gladly stay again.",1
14103,15519676,2017-02-19,"Arno's and Danielle's place was exactly as described by pictures. A very nice, clean, spacious apartament perfect for 4 people. We had a very good time. The only negative are the thin walls but I think this is a general problem in Zürich. I would recommend Arno's place.",1
14129,17471935,2026-01-16,"Excellent option. Very clean, space very well used, everything works well. The location is quiet, with a handful variety of restaurants, grocery shops and a few steps from the tram and bus stops that can take. The host is very responsive, friendly and helpful. The price is quite good for what you get.",0
14131,17471935,2026-05-22,"A small, but clean and well furnished place, perfect for a week or two of business travels in Zurich. Kitchen has everything you need. The only downside was a bit of a smell from the drain, due to the older plumbing, which brought it down to 4 stars. It wasn't a problem for me because I could open the window, but in the winter might be tougher.",1
14140,17506390,2022-04-20,Good place and very near the station! It’s not as noisy as what other reviews say!,0
14144,15525696,2017-07-31,"Ernie's apartment is very modern and comfortable, which was perfect for our stay in Zurich. It is in easy reach of the city centre, with very local transport services. The apartment block is quiet and attractive. The apartment is also equipped with everything that we needed to have an amazing time away. Ernie was also really helpful, providing useful information to find the apartment and was very responsive to WhatsApp messages. My two sons loved the PlayStation 4 and selection of games and access to Netflix and music/Sonos. I would definitely recommend Ernie's apartment to anyone planning a trip to Zurich and we will be back in the future.",0
14149,15525696,2019-01-07,"Wonderful flat, one of the best AirBnB flats in terms of style, equipment, and space. Wonderful kitchen, great living room with a huge TV viewing spot using a projector. All is new, modern and super well maintained. Zen like feeling due to lot’s of space and cleanliness of design. Unfortunately no really nice view but compensated by all of above. Good connection to city and a new hip area, a short walk from Frau Gerolds Garden. Easy self check in and a trustful host. Even a balcony with a barbecue. Everything first class. Thank you for this great experience!",1
14158,15527370,2019-08-31,"I stayed at Ernie's apartment for two weeks when I moved to Zurich and I really enjoyed my stay there. The apartment is modern and stylish and has everything I wanted, a nice balcony, fully equipped kitchen, private bathroom, a cellar for storage and a comfortable bed. The location is great and there are many good bars and restaurants within walking distance. I was never short of options, even at late hours or on Sundays when most of the places in Zurich are closed. Ernie is a great host and is very thoughtful of the things his guests could need. It was fun to talk to him and get to know more about Zurich. The best part of the stay though was Bert, Ernie's dog, who is way too cute and fun to play with!",0
14161,15527370,2021-10-12,"Wonderful flat in Zürich West ! I stayed at Ernie's house for 6 weeks and every thing was superb. The accomodation is super clean, garnished with modern furniture and Ernie is both welcoming and funny. He let you feel at home, but is always available if needed. Last but no least : Bert is probably the cuttest dog you’ll see in your entire life !",0
14170,17506390,2023-06-30,"Really cute place, could’ve used some extra pillows, but otherwise great. The location is perfect, however if you keep the windows open it is a bit loud and bright!",1
14192,15541196,2017-01-14,"The apartment is very clean and comfortable. It is located in a super quiet residential neighbourhood, very close to public transport (tram and suburban railways). Internet connection works flawlessly. For those who forget or just don't realise that AC sockets in Switzerland are not compatible with most of the usual plugs, an AC adapter is provided. Check-in is fully automatic, so I didn't have the chance to meet the landlady, Ms. Gabi, in person. However I spoke to her on the phone and has always been extremely kind and helpful. It was a great pleasure to stay in Gabi's apartment.",0
14224,17529228,2025-03-16,"Would really recommend Norell’s flat to anyone looking for somewhere to stay in Zürich. The flat is absolutely beautiful, and very well equipped with everything you would need, including a coffee machine ! It’s also conveniently located - it takes about 30 minutes to get to the airport, and it’s also walkable to the city centre (about a 20 minute walk). Norell was also a very helpful and communicative host. We had a really lovely stay here.",0
14227,17529228,2025-05-23,"Great place, spacious and light - and it really is in the coolest area of Zurich, with cafés, bars and restaurants in all directions. Would book it again for sure!",0
14244,17648054,2022-08-19,"Patrick’s place was great for my dad and I. Transit was super easy because the house was right next to the tram stop. Best part of the house is the super comfy couch! Great value for the price, we’d stay here again.",0
14262,17648054,2023-06-16,"Great place to stay in Zürich for a tourist or business trip - very clean and well located apartment, super responsive Patrick and overall “feel like home” vibe made my short trip very comfortable and pleasant. The only thing that has nothing to do with the apartment is neighbors that were sometimes a bit louder than I expected (I barely was at home so it didn’t bother me much!).",1
14308,15541196,2023-03-14,Gabi’s place is great. Very clean. Nice quiet neighborhood. Close to train station and only 1 stop from the airport. Gabi is a great host. Very responsive,0
14319,17706352,2018-11-02,"Solid and good quality apartment in a wonderful area of Zurich. Quiet neighborhood. Close to the lake (5-10min walking distance). Spacious apartment. Well equipped and simply decorated. Apartment is directly above a simple Swiss restaurant; this is an advantage if you do not want to cook yourself. However, can be a disadvantage if you are sensitive to noisy restaurant guests.",1
14392,17706352,2019-10-03,"Great flat to stay, clean and tidy, quick response, I especially love the balcony, sit there and hear and see the waterfall. It is really close to the botanic park. However we didn’t have time to go there. I hope next time I can stay here again and visit the park.",0
14410,15578517,2017-06-09,"Lovely flat in a beautiful and interresting area. Quiet neighborhood, but the old floors in the room are squeaky. Good accommodation to recommend and nice hosts who give you freedom and trust. I also appreciated that I could make coffee and leave my luggage until the afternoon. I am convinced they will welcome You well and you will enjoy your stay.",1
14419,15596713,2022-01-04,"Good value airbnb near a lot of nice places near the edge of Zurich. City centre is extremely accessible through tram or car. Somewhat small but useful if only plan to sleep. No problem with WiFi, towels and other amenities. Room was not ready at time of check-in unfortunately. Had to check-in 2 hours later and the lady that came out to speak to us did not speak much English. Other than that, completely fine.",1
14420,15596713,2022-07-09,You can't beat the location of this apartment! Awesome park across the street and central to kreis 4. Friendly hosts that were present and helpful. Unfortunately we did not have hot water during one day of our stay due to maintenance which we were not notified of before we arrived. I would recommend bringing a fan if you are staying during hot weather and sleeping in two rooms as the apartment got pretty warm even with all the windows open and only had one fan.,1
14448,15596845,2017-09-19,"Close to Zurich main station, reachable by tram or 20 mins by walking. There's no AC but there are fans however it didn't bother us because the weather during our stay on September was a bit cooler. Overall we had a great stay and would recommend. It can accommodate 4 guests.",1
14454,15596845,2019-12-15,Clean apartment with excellent amenities within walking distance of the main train station and many city attractions.,0
14457,15596933,2022-06-10,The apartment and its facilities and furnishing were clean and well maintained. Not so great in terms of location as one had to still take a bus/tram from the Zurich main railway station with heavy luggage. There is a park/playground directly opposite the apartment and there were many eateries and a supermarket nearby.,1
14483,15597068,2023-02-01,5min driver from ZURICH HB. 10min walk from Zurich HB. beautiful apartment facing the park. Spacious apartment. easy check in- check out. lots of restaurants and convenience stores are just around the corner. we were on 3rd floor. it had lift too and easy access. very functional; nothing fancy but the apartment had homely vibe and we loved it.,0
14490,15597068,2024-07-02,"The place was great — clean, great communication, and spacious. We didn’t feel super safe as women with a young family walking around past dark. Strip clubs, men approaching women for favors, and late night parties in the park. The space was clean, well-equipped, and felt like a safe haven.",1
14504,17739331,2018-03-07,"Perfect little studio apartment for 1 person, maybe 2. Very central to old town Zürich, shopping and dining. The bed is comfortable and the view is fantastic.",0
14544,18456292,2024-09-16,"This B&B has the perfect location in the middle of the old town. The appartement is tiny but fits very well for 2 persons. The only pain point was the curtains didn't block out the light as they were orange and made the room very bright and the view from the window was beautiful and straight down to the river, which could bring too many lights in the morning. Otherwise, the appartement was perfect!",1
14545,18456292,2024-09-20,Our stay was very nice. The place was very pleasant and comfortable. The location was very convenient to restaurants and shopping. The only complaint I have was the mattress on the bed was a bit too soft for us. We arrived a bit late and the host was flexible with our check in and the process was super easy. Last year we stayed in Zürich was a nightmare! This time was very pleasant 😊,1
14558,18966169,2017-08-12,This was a great place to stay in Zurich! Very clean and quiet area! Tina and Sasha were extremely nice and helpful. Need to use public transportation into the main part of Zurich but the bus stop is close to the airbnb.,0
14559,18966169,2017-08-15,The room is really nice! Everything is clean and you can find a lot of green areas near the apartment with many benches where you can relax..,0
14579,17739331,2019-09-12,"Chris’s place location is perfect, heart of Zurich, near many good restaurants and markets, 10 mim walk to the Hauptbahnhof (central station) and right in front of the Limmat River (beautiful view). Inside it has everything you need but no kitchen sink, the only sink is in the bathroom.",1
14631,19040977,2021-03-21,"Thank you Stéphane for a lovely stay at your great place. I loved everything about it, location first of all, but the amenities and equipment no less. Will be happy to come back!",0
14684,19061852,2025-10-24,The apartment was clean and comfortable. The location was convenient. Our hosts were accommodating and helpful. We very much enjoyed our stay.,0
14685,19061852,2025-11-05,"Great stay! The place was clean, comfortable, and the host was very friendly and helpful.",0
14696,19064159,2024-09-18,"While the apartment was very lovely, the photos on the listing are not of this apartment. It is one large room - no separate bedroom. The photos on the listing are of a different apartment. We requested extra towels and pillows and were ignored, however we were allowed to check out a little late, which was great. Overall it was a pleasant experience. The location was perfect.",1
14721,19064159,2025-04-27,"The location and space of the apartment is extremely good - 15 min walk to the main station and within 5 minutes you're on the main street with access to tons of bars and restaurants. Apartment is very big for sleeping 2 people. Our stay was great but we were there during Sechseläuten which meant the bells at the church next door went off quite early for a long time. If you don't like early (8am) wake ups or are a light sleeper it can be noisy as you're on a street near to bars and by a nice public area. Being on the top floor did mean the noise was less obtrusive, but still audible. Overall a great stay and would heavily recommend if you don't mind the bells.",1
14834,19133540,2022-09-06,"To be honest, not our favorite Airbnb we’ve stayed at. There was no paper with WiFi information and the password on the back of the router was incorrect. There was no shampoo, conditioner, or shower gel either. I didn’t like it that the apartment also has insect traps all over it. However the location was great.",1
14838,19133540,2023-04-10,"The flat is really nice and it matches the description and the pictures. The only negative aspect was the mattress which is a bit too soft and shows signs of overuse (it is bent and sinks in the middle). Appart from that, everything is excellent and Marco is a great host!",1
14939,19152408,2017-07-17,"Fantastic location, really great view, loved the place. Located very near the tram / bus station. and 10-12 min walk from the train station. Perfect for families. Above all a very good host Julian, response time was very quick, everything was ready and setup when we arrived, was kind enough to wait for more than 45 mins for us to check in - as we were late, greeted us really well..OVERALL HIGHLY RECOMMENDED",0
14954,17854285,2017-08-29,Tania's apartment was in the perfect location! Very walkable through charming old town Zurich. The style was clean and minimalistic. Obtaining access was easy and seamless. The only area to improve would be providing simple amenities such as soap for guests. Thank you for our stay!,1
14976,17854285,2018-06-17,"I couldn't have been more pleased with this apartment! It was clean, modern and well appointed. My favorite things were the big windows, the slide-down screen on the front-right window, and the roll-down sunshade on the back windows. These items helped keep the apartment at a pleasant temperature even on hot days. Location: It was in a quiet little neighborhood that happened, as if by magic, to be close to everything. Things I'll remember: the park across the street! It was wonderful! Kids and parents would appear there throughout the day and workmates would arrive to have lunch and a game of table tennis. Nothing loud, but with the window open, you couldn't help but smile.",0
15000,19220952,2021-07-30,"Great older apartment. Plenty of space. Comfy beds. All amenities. Very handy to shopping and transport. Directions to the apartment for public transport could be clearer though as there were traffic diversions in place when we visited and for those unfamiliar with Zurich buses/trams and language - it was a challenge to find the place initially. However, once finally there, gaining access to the apartment was simple. While I didn’t meet Daniella she was easy to communicate with, and the apartment manager, Prince was very obliging and helpful. Be aware though that there are 4 floors and no elevator. I would definitely stay again when in Zurich with family.",1
15010,19220952,2023-12-05,"Fabulous place that is a cosy and welcoming space, very close to transport The supermarket is just across the road. Thanks Daniella for a lovely place to stay.",0
15117,19310604,2017-12-25,Simply one of the best apartments i stayed in. Its vintage but the appeal is in the classic design and space. I enjoyed exploring zurich from the apartment. It is very close walking distance to the stations and ammenities!,0
15164,17915734,2017-12-31,"Vanessa's place simply made you want to enjoy Zurich by not going anywhere! It's fully facilitated, very clean and super cozy. It's also really close to the city centre, only around 10-15 mins to the Zurich main station. Although we did not have the opportunity to meet her, but she's really responsive. Totally recommended if you want to spend some time in Zurich!",0
15189,19310604,2018-11-11,Very pleasant stay at Lizzie's place with the curious and nice dog ;) Also she made our stay more comfortable becauae we could leave our stuff after check-out. Very appreciable,0
15200,19359438,2017-07-29,"This is a very comfortable and large apartment on the city fringe. It is a bit of a hike to get to the center of Zurich (10 minute walk to the nearest tram, then about 25 minutes on the tram to the main station). However, the walks in the nearby forest were very nice for us as a family. We were a bit put out that there was no washing machine available (despite it clearly saying so on the ad on Airbnb). The nearest public laundrette was again a good 40 minutes on public transport, so if you need to wash clothes during your stay, you would probably be better off staying elsewhere...",1
15224,19678667,2021-03-07,"Apartment highly recommended. The house is simple, but has everything you need. The cleanliness is impeccable. Be careful only to the parking that must comply with the rules of the area, but the host is very kind and will inform you about this too.",0
15231,19678667,2023-03-06,"I was staying at this property for 9 days from 25/2-6/3 and sadly this flat didn’t meet my standards or expectations . It’s completely unmodernized with creaky floors , very bad soundproofing, a lot of appliances didn’t work , especially essentials like oven. Very dirty communal washing machine and the dryer . Very dated kitchen and the bathroom . Over all very disappointing stay , the flat isn’t worth what I paid for. The only good thing is location.",1
15250,17918837,2022-01-29,"This apartment is a true find, comfortable, bright, with kindly touches of every sort -- a nice coffee maker with plenty of coffee; a package of pasta and sauce just in case you arrive too late to get to the store, some fresh fruit. The beds are VERY comfortable, blankets too. Really you could not do better. Oerlikon is not where everyone needs to be while in Zürich, but the apartment is convenient to the train and within walking distance of everything local, including a surprisingly nice park with a 14k running/walking loop. Peter was also very kind and helpful. Highly recommended.",0
15255,17918837,2022-07-12,"Our stay at Peter and Ursula’s apartment was like a home away from home. The apartment was cosy, spacious for our family of four, very clean, and extremely well appointed. Everything we could of needed was available to us and one of the best parts was the amazing Lavazza coffee maker. The only slight drawback is that you must take a 7-minute train ride to the city center but the quietness of the apartment was a nice reprieve from the hustle and bustle of downtown Zurich. I highly recommend this place and Peter’s designation of Super host is well deserved! Thank you Peter and Ursula!!",1
15385,17969667,2017-05-04,"Five people stayed here for two nights. I recommend it for larger groups, like perhaps 3 couples. It's a good location, slightly out of the centre of the city but extremely close to the lake and to trams and shops and restaurants. The neighbourhood is stylish... but then again, everything in Zurich is pretty up-market. We felt very comfortable here - one nice feature is the large dining table where we could all eat and discuss things. The kitchen is wonderful, too. The bedrooms are huge and comfortable. There's a lift and the access and communication with host was good.",0
15393,19743179,2024-11-11,"Sandra’s place was adorable and perfect for a stay in Zurich. She left clear directions and notes to explain how the AirBnb works and was there to answer any question! The room was cozy and the WiFi / Ethernet adapter worked very quickly! The only slightly negative point is that there is no lock on the bedroom door and you can’t keep the main door key with you. As a solo woman traveler this made me a bit nervous, but the area was safe so it was acceptable. Overall I would recommend Sandra’s place as a cozy and clean stay in Zurich! :)",1
15425,17969667,2018-05-26,"This place is fantastic and we loved it! It is very connected to city center and available via tram to travel everywhere. Coop is nearby and convenient. Host Tania is a great host. We enjoyed our stay here and would like to come again!! The only thing which we mention to host as well was that the website of airbnb display two baths but in apartment we got one bath and one toilet which is incovenient for 8 people. we managed by adjusting wake up time, some got up very early and some got up once they were done. The house is pleasant and clean. The office staff is friendly and helpful. Highly recommended! Thanks again for everything.",1
15440,19743179,2026-06-21,"I enjoyed drinking coffee in the garden and reading in the room. I hiked to the highest point in Zürich and walked to Coop for meals every day. It is a beautiful home and perfect location. The train and tram are so close you can get anywhere! I was in Zürich finishing some work from studying abroad in Italy, and this was the best place to get everything done. The Ethernet works extremely well and the room and desk were perfect. Despite how hot the weather was, the room stayed comfortably cool. I can’t describe how wonderful Sandra’s place is!! And, she is very smart, helpful, communicative, and warm. I only briefly met her son Baldus but he is very sweet. I felt at home. A cozy, beautiful, and tidy place! Also, Sandra’s instructions are charming and clear. Thank you :)",0
15488,19755371,2019-08-09,"My 17 years old daughter and I, visited Zurich in August 2019 for a couple of days and stayed at Marina's place. The apartment was even better than the pictures posted here! Marina was so welcoming and on time on our arrival. She even helped with carrying our luggage with us while she didn't have to. I do highly recommend for couples or small family.",0
15518,19755371,2019-11-23,The apartment was perfectly clean and conveniently located near the tram stop.,0
15753,18031424,2018-06-17,"We enjoyed our stay at Magalie’s. She was very fast to respond and let us check in in the morning straight from our early flight, allowing us to leave our suitcase in the flat to go explore the city (although it’s good to know there are lockers in every station in Zurich). The area is very quiet, with a supermarket close by, as well as public transports to easily access the city center by tram (15-20 min to the central station). The flat is nice and quite spacious. The bathroom very nice and clean. The bedroom also nice although the bed was quite hard (maybe the only down side) but we still slept ok. There is a lovely terrasse very nice for a summer day. Magalie is very friendly and hospitable. A nice place to stay at!",1
15754,18031424,2018-08-15,The house is big and surrounded by a nice garden; the whole neighborhood is very quite and relaxing. Magalie has been welcoming and was always available. We really had a great stay!,0
15787,18178310,2020-01-03,Simple apartment. The bunkbeds are actual children bunkbeds and not entirely for older people. Everything was neat and organized but the building itself looked strange.,1
15795,19776405,2024-09-22,"I have been staying in at the apartment for five years. The experience is always enjoyable, restful and very convenient.",0
15799,19776405,2024-12-19,"There were some minor issues with the check-in process, but the host quickly resolved everything and provided alternative accommodation. Great service!",1
15815,19794268,2017-07-31,"Very nice room , clean. The area is quite . Close to messe center. And in few min with bus in city center. Very welcome feeling by irina. And with very good price for Zurich. Looking forward to stay at her home again.",0
15856,19794268,2017-12-22,"Irene was the best host we could hope for. We arrived earlier than her check-in and she arranged to work at home in order to receive us on-time and trouble-free. We booked her place in order to look for apartments over there and her place served as our bunker. We cooked there lots of meals, she lent us everything, we where like in our house. Towels and bed essentials are really great. The bed is comfortable. Irene also helped us with everything in our burocratic journey and giving us local tips for touring. She also let us store one spare luggage after our check-out so we could travel lighter in a holidays eve trip to Berlin. It is really a home away from home and we felt like we were staying at a friend’s place. Would stay again there without hesitation. Thank you for everything Irene!!",0
15883,18233101,2018-05-15,"Strahinja is a great host. The apartment is as it is in the pictures. Very clean and comfortable. Toiletries, towels and all a amenities were there. Kitchen is excellent with well stocked utensils and basic groceries. Close to Coop so easy to cook and eat. Thoughtful of the host to keep snacks and drinks. Would strongly recommend to families.",0
15910,19904561,2021-05-21,"Great hosts, quiet and large guest room. The only “challenge” for some would be the hike up 5 flights to the apartment/flat.",1
15932,19904561,2024-01-15,"Andrea was a great and helpful host. The space was clean and very stylish. The only downside was the 100 steps up to the apartment, but we knew this was the case and are much fitter for it!",1
15954,18233101,2018-10-20,"Great place, great hosts!!!! Everything was even better than expected with all the details, goodies and information that we received. Definitely would recommend this place to anyone.",0
15970,19929239,2019-09-06,"My priority was to have a great sleep. And this place is ideal, with absolute silence during the night. Near downtown, walking distance.!",0
15978,19929239,2021-11-13,"A very lovely place to stay, the apartment is at a perfect location, very easy to get around with public transportation and in close proximity to the centre. The place is great, very clean and has a lot of amenities you need. The accommodation of pets is also a plus. Rudolf and his wife were very helpful since the beginning, available whenever I had any questions and direct with their answers, which was very much appreciated. Totally recommend to visitors or people who are moving to Zurich and need a place to stay for a short term whilst finding their feet.",0
16034,20079919,2018-07-31,I have stayed in 5 star hotel all over the world but the luxury of this apartment is estonishing ! From the jacuzzi to the huge patio ! The great amenties and the amazing TV and speakers ! The check in is also quite easy ! James is a fast responding and professional host ! He tried to help us as much as he could but in the end there was a little misunderstanding as we had to leave the apartment because there was a different guest that double booked us ! That was sad but overall i would definitely stay here again perhaps in winter would also be nice ! 10/10,1
16037,20079919,2021-07-03,"Beautiful apartment in the center of the city, good and efficient communication with the host. Unfortunately the Jacuzzi was not working, which was a disappointment. There's also noise sensors in the apartment, which we found a bit intrusive.",1
16045,20098001,2020-01-01,"10 min walk to a closest train station. Some restaurants within a walkable area. Clean room and shower. Although the host wasn’t home when we stayed, the room is next to the host’s room, so it is something to note if you’d like some privacy. Also there’s some noise from the trams because the apartment is along a street. But, It was overall an amazing stay!",1
16047,20182402,2018-05-19,★★★★★There is everything you need. I can't believe it that I stayed such a nice place at really good price. You can easily go to the main station and coop.,0
16050,20182402,2019-01-19,"Andreas’s place is exactly as described and centrally located (1min from the main station). I would definitely stay there again if I could and recommend the place to anyone looking for great place to stay in Zurich. Andreas is a wonderful host, super responsive and accommodating.",0
16129,20246499,2017-09-09,"Vanessa's place was a great stay for our 1 night in Zurich. Though we never got to meet Vanessa, Luis was great communicating with us and helping us get settled in. We had a car and even though there was not a spot provided, Luis was kind enough to help us park it on the premises with some help from the neighbors. The location is great, and even though it has been mentioned before it is on a busy street - however for us personally it was not a bother. Bathroom, room, and kitchen were all clean and great. The only downfall I would say is that the quilt on the bed seems to be for a single bed which can be a tug of war in the middle of the night if there are two of you.",1
16161,21890929,2018-03-02,"Tania runs the best Airbnb’s in Zurich. They are always clean, well appointed, and in get locations. I highly recommend.",0
16240,21890929,2024-04-02,"Overall the place is great, very central and upscale neighborhood. The elevator was unfortunately broken during our stay",1
16277,22023471,2023-09-18,Christian was a very nice and kind host. The apartment it’s a little small and old but it’s correct. The location is in a quiet neighborhood near everything. It’s a good place to stay.,1
16279,22023471,2023-11-17,"This apartment is in a great location, close to Tiefenbrunnen station, which has a direct train from the airport (S16) and trains that go along lake Zurich. It was very useful to have the basic kitchen. The host was responsive and helpful. However, the apartment was not particularly clean, with dirt on the blanket on the sofa, visibly dirty bath mat and bits and hair on the bedding. One of the pillows had extensive rust coloured staining and another had what looked like staining from mould on the pillow case. There is no temperature control in the apartment and I found it unbearably hot, particularly at night. I couldn't have the balcony doors open as mosquitos came in almost immediately (in November!). Overall, I probably wouldn't stay here again.",1
16323,22137695,2018-01-20,"Easy to find, spacious and clean with all the amenities as well as snacks. Very good experience and great communication",0
16422,20246499,2019-06-05,The location is great and the neighborhood as well. Hosts are really really nice but the price we paid was not worth the quality of our stay. The room was very dirty and the building was old. We selected this place because price was high and we thought it is indeed a studio apartment. But to our disappointment it is not.,1
16497,22137695,2022-08-07,The place was very nice it was very centrally located and easy to manage the public transport... I would definitely stay here again,0
16514,20397857,2022-08-21,"Patrick's flat is very comfortable and well furnished. It has a wonderful terrace where you can relax while having breakfast or at sunset, the views of the mountains were beautiful. Well connected to the city centre and the Central train station with trams 2 and 3 stopping nearby. The communication with Patrick was great and his friend Agnes, who showed us the flat, was lovely. We had a fantastic time in Zurich and will not hesitate to come back to Patrick's flat when we return.",0
16589,20397857,2023-07-22,Patrick is a great host and greeted us warmly at arrival. We had a homelike stay with all amenities available. The place is perfect for a couple. House was clean and well maintained. We loved the large balcony and open outdoor area.,0
16631,20429590,2024-04-09,This place is in a fantastic location close to the river.And also close to a beautiful shopping street with nice restaurants. The host is very easy to communicate with flexible and a pleasure to work with. This part of the city is a wonderful place to visit.,0
16634,20429590,2024-06-28,Location is perfect in a beautiful neighborhood right by the lake. Lots of restaurants and coffee shops within a couple of blocks. Master bedroom bed wad very comfortable and Bernhard was flexible and easy to communicate with in english. Highly recommend this place.,0
16650,22216757,2025-10-17,"The apartment was in a great spot close to Zurich HB and tons of restaurants. The balcony also had an amazing view. However, there were stains on sheets left out for us, food leftover in the fridge and dirty carpets/bathroom rugs. Besides needing a better cleaning between guests, it was overall an ok place to stay if you’re willing to overlook a few things for the convenience of the location.",1
16671,20621446,2020-09-06,"Mario was very attentive and replied within seconds. I felt very welcome and he also made sure I had everything I needed. Zurich can get quite hot during the summer and I had a little fan, however it broke. Mario went immediately to buy a new one and bring it by. Theres a big balcony where you can sit and enjoy some fresh air. The location is fantastic and it has everything you need within walking distance! Definitely recommend.",1
16698,20621446,2023-06-14,"Great apartment in a perfect location, 3 minutes walk from Oerlikon Station (1 stop from the airport and 1 stop from the city centre) and surrounding shops, bars and restaurants. Mar was a great host sending all the relevant information and the place was exceptionally clean. Had a great stay here and would thoroughly recommend.",0
16720,22216757,2025-12-26,Great location. Upstairs felt a bit dusty. There is one queen bed. The other beds can are short and can only fit a child comfortably,1
16754,20636301,2018-08-04,An eclectic top floor apartment great for a Zurich visit and only a short walk from the main train station. It is an easy walk to all the activities the city has to offer. Our favorite family fun was jumping off the bridge and swimming in the river to cool down during the Zurich heat wave!,0
16825,20636301,2022-12-04,"Old style building, plenty of space. Clean, warm and cosy. Only thing to note is the toilet is on the landing outside the apartment door. however you are the only apartment on the landing so it is no problem at all. 😁",0
16862,22323761,2019-06-26,"This apartment is extremely spacious. There were only three of us, but the apartment easily could accommodate five or six. The location is excellent. There is a grocery store nearby (about a 2-minute walk), and it's only about a 10-minute walk to the train station. I definitely recommend this apartment.",0
16894,22323761,2021-12-04,Good property. Centrally located. Short walk from the main train station. Layout is a bit disjointed but mattresses were good and it handled our party of four adults easily. Large master bedroom has sloped ceiling so you need to be careful. All in all a good place. I would rent again.,1
16952,20779394,2018-05-20,"Janet, What could I possibly say other than what a fantastic place to stay! Through my many travels internationally I've never had such a terrific host. The place was very clean and comfortable. The bed was great and the convenience of being near Uetliberg and the city were all added bonuses. Janet always made you feel like you were home. Her place had plenty of kitchen space and supplies and my bed was one of the most comfortable beds I've ever stayed on. She also has a great washer and dryer and a nice bathroom with excellent water pressure. She is very nice and caring. I highly recommend staying at Janet's if you find yourself in Zurich. A truly 5 star experience! Thanks, Brian",0
17006,20779394,2019-06-02,Janet was hospitality and helpful in anything. Feel so comfortable with her. And the location is so convenient.,0
17023,20830377,2018-06-18,"What fabulous hosts!! House had a piano and lots of other wonderful musical instruments for the children to play. We were across from cows grazing on pasture, there was a farm stand across the street, we could walk to town easily and stroll to the beautiful fun lake.",0
17026,20830377,2018-08-22,"This is a great place to stay with family. We were a family of 7 people spanning 3 generations. As soon you enter the house you feel this is a true home away from home, lovely decorated, a real warm feeling. The location is great with a nice view and only about 10 min. away from the lake shore. Grocery shopping and public transportation is also close by. A great place!",0
17073,22364826,2020-01-01,"Dorothea was very nice. and she responded quickly to our emails, and the apartment was already warm when we arrived, that was a nice gesture from her. The apartment was perfect for our trip, 10 minute walk to downtown. We also used the tram a lot and the polybahn all that was 2 minutes away from the apartment.",0
17076,20977621,2023-04-16,"I had a Fantastic stay with Mr. Rodríguez, he is a super nice and friendly person, as well as everyone in the house, I truly felt like in home, and really enjoyed my stay. The neighbourhood is very pretty, calm, and sorrounded by nature. Thank you very much for everything Mr. Rodriguez! I loved the experience to stay at your home. Thank you very much for having me.",0
17092,20977621,2025-06-15,"Rodriguez was a great host! Very detailed, professional and the place was very nice. He is a very kind person; I wouldn’t hesitate to rebook with him next time I’m in Zurich!",0
17146,21086485,2025-08-05,We booked this place on 26th July 2025 for a family trip to Zurich from 4th Aug to 9th Aug. Unfortunately had to cancel it due to my son's unexpected health concern. He is a autistic young person. Our son’s health & wellbeing needed more attention at that point of time. Hence we informed the Host Dimi immediately on 29th July 2025 that we will not be able to make it for this trip and requested her help in terms of a giving us a refund. She declined our request despite we explaining her our situation multiple times. We found that humanatrian/empathetic approach was missing from the host side. With a heavy heart we are writing this review.,1
17160,21086485,2026-04-21,I think for the its price the place was okay and location is great. But the host does not even provide hand soap and washing machine capsules. Floor was quite dirty. Doors make cringy noise.,1
17203,21109761,2019-12-21,"Sebastian’s place is cozy for two. He is responsive and very accommodating to our every requests. However, room is quite cold during winter as there is no heater except for a dehumidifier. The walk up a steep hill to the apartment is challenging with luggages but can be resolve using other pathways. What you see is what you get.",1
17206,21109761,2020-01-29,"No steps at all, perfect location between airport and downtown on tram 10 which run constantly. However, a very steep hill from the tram. Super quiet and gorgeous neighborhood.",1
17226,22364826,2022-08-26,Had 3 nights in Zurich and we really enjoyed it. The apartment was very nice and was close to centrum. There is a quite steep hill you have to force if you come from train station/downtown,1
17447,21294062,2020-01-19,The apartment is in a good location and everything was very clean. The available space was used very well and the Host replied quickly to questions.,0
17451,21294062,2021-05-15,Cozy apartment with the tram running just next to the building. Staying there was very nice and convenient.,0
17528,22566124,2018-02-05,I loved my stay at Larissa’s Place. It was beautiful and clean. Larissa was so kind and offered me coffee and a yoghurt or sandwich breakfast. The kitchen was great to use and the bathroom very spacious. I loved the attic style apartment within a building with a rich history.,0
17561,22603157,2023-06-02,"The location was good and it was clean, but the air was hot and repressive and the tub didn’t drain. Just not quite as good as the other Airbnb properties we have stayed in",1
17564,22603157,2024-07-10,The place was very hot - the AC h its weren’t strong enough and when we came they were blowing heat with all the sunlights in the house warming it up without blinds. There weren’t as many bedrooms as advertised and people had to sleep in common space including a nook under the stairs (no real space to keep things and no privacy). It is actually 2 apartments and each apartment got one different piece of paper with instructions/rules but there wasn’t much helpful and two differing instructions was confusing. The place is very nice and modern but not the sleeping situation we expected. When it was overheated the host wasn’t helpful and forthcoming in solutions. I wish there was more than one set of keys per apartment given how many guests it holds.,1
17576,22609828,2019-08-11,"Great place, very clean and stylish. Close to public transports and grocery shopping facilities just around the corner. The traffic on the “Wehntalerstrasse” in front of the apartment however is pretty loud.",1
17580,22611779,2024-05-20,"It was just great, everything from the linens, kitchen and appliances were super! Even great soap products, and a little bag of cooking treats for the first day. Lots of towels. Hot water, great water pressure, three balconies (one for each floor). Close to transportation (train and bus), grocery stores and some restaurants.",0
17588,22768705,2018-05-25,Alexander's apartment is lovely and spacious! He was super kind and generous as a host and I felt like I was truly in a home. The apartment is light and airy and the beautiful kitchen made cooking easy. Thank you for a wonderful stay!!!,0
17593,21381593,2018-10-11,"It was okay, nothing special though. The room was clean and had everything we needed. The rest of the flat is shared with other flatmates and thus was not clean. Furthermore it was repeatedly noisy in the evening - however they were quiet after we complained about it. It is a cheap place for Zurich, so if you just need a bed for the night and are not a light sleeper, it's ok.",1
17594,21381593,2018-12-09,"Excellent place! Very clean, very private. Far from the city center but there is a bus station right outside that is very convenient and Zurich public transportation is very good. Definitely recommend!",1
17611,22768705,2018-08-05,"Alex's apartment is at a great location, right in the heart of Zurich. He is excellent in communicating and accommodating requests. He has great taste in art and decor and has set up the apartment really well. We enjoyed staying at his home and definitely recommend it.",0
17639,21466718,2023-10-22,Amazing stay! Very large apartment close to local transit and close to the city center. Tania is very responsive and kind. Highly recommend!,0
17640,21466718,2023-10-26,We really enjoyed the stay even the weather wasn’t so good. The location was very convenient for visits and supermarkets! The environment was also very calm and quiet but there are plenty of public transportation around! The rooms are large and warm enough to feel at home. We will definitely stay again when we visit Zurich next time !!,0
17688,21468955,2019-06-29,"Large, quiet home in a very charming neighborhood. Extremely close to a large shopping center (grocery stores, etc...) and the train line to the center of the city. Had a very positive experience here.",0
17701,23035346,2022-06-22,"Chris’s apartment was located right across the River in old town area. Great for a short stay! Only issue was the lift wasn’t working for the first day and had to go up to the 4th floor with my luggage 🥵 haha. Obviously, it was not his fault and it was fixed the next day, so not to worry about it for the next person to book here. The only other thing is that no air conditioner during this heat wave in June made it a bit uncomfortable while sleeping at night. The fan and open windows helped a bit, but from what I hear, it’s difficult to get a permit for A/C in Switzerland for apartments. I’d definitely stay here again due to proximity to main station as well as the lake/river.",1
17704,23035346,2023-01-02,"Location 20/10 Cleaniness & accuracy 1/10. You literally can’t do better for location and view. Truly. It’s amazing. But that’s where it stops. The place was very dirty. Holes in bedding, food stuck on all dishes, bird poop on inside windows, stains on curtains and walls. I have pictures. I literally cleaned every kitchen item before using. The description is inaccurate. Nothing luxurious about it. Very small for two people, missing TV, only had one coffee cup so we shared, you do dishes in the bathroom which is unsanitary. There’s just a lot. The host said he upgraded me to this location but when comparing listings I noticed it was much smaller and cheaper then the one I originally booked. He become a little combative when I brought it up. Still waiting for my refund….",1
17721,21542690,2019-08-16,"The place is very stylish and a bit out of town but near a very convenient bus stop which goes in town in about 15 minutes. I did have to kill roaches but the apartment seems like a shed extension of the house so perhaps that's expected. It's in a very quiet and residential neighborhood and Kaithrin was excellent at communication. Full amenities and nice little touches such as tea, olive oil, spices, etc already included.",1
17725,21542690,2020-08-27,Kathrin is a fabulous host. The place is lovely and we were extremely happy. They are super helpful in fixing any issues that crop up,0
17833,21760542,2024-07-07,"Highly recommend staying here!! It was very clean and peaceful, and the views were gorgeous. I found it to be very walkable to the center and there was public transportation right outside the building to get you to the center. I will definitely be coming back!",0
17839,21760542,2025-04-26,"The place is beautiful and the view even better. The only thing that was too much for us was the malfunction of the cooktop. We couldn’t get it to work and couldn’t cook there, which was our intention from the get-go. The kitchen appliances could also be better. Key pickup is a bit hard to get especially with the hills. It’s a hike especially with heavy luggage. You need to climb a steep hill. Tips: take the Tram, much faster to climb.",1
17861,23047265,2022-10-10,Very well thought out and executed space. I had everything I needed and felt very comfortable during my stay while my husband was in hospital. Extending the stay for a night was no trouble for Rossana to organize. No stress for me. Thank you.,0
17882,21761038,2025-04-20,"We felt very fortunate to stay at this Airbnb. the location was excellent, right near Tram stops that could connect you to anywhere you want to go. The neighborhood was very quiet and we got great sleep every night. the host was responsive and we had no trouble for our week in Zurich. Thank you very much!",0
17886,21761038,2025-12-22,"We spent 5 days in the apartment and the location was perfect. The space is very spacious and it was easy to enjoy the city with a lot of shops, restaurants and transportation available. Unfortunately the apartment was not very clean and there was a very strong smell of food or cigarette in the kitchen. The kitchen was especially dirty with traces of oil, the balcony had cigarettes on the floor and we found dirty tissues below the bed… the washing machine and dryer were dirty with black spots. Very basic hygiene products were provided (mini soap, dishwashing product and tablets but that’s about it). Overall I would recommend this apartment because of the central location and spaciousness bit for the price I would expect a clean apartment.",1
17901,23047265,2024-11-23,Nice place close to the public transportation that made it very easy to get around. Space was comfortable and clean,0
17929,21764617,2018-06-09,"Really clean, nice place. Perfect for a night before leaving on a trip at Zurich Airport. Many public transportation options to get to the airport at <1 minute from the apartment. The only default is that there is no elevator and the apartment is on the third floor. Be mindful of that if you are bringing strollers and heavy suitcases. However, Vincenzo is very kind and offered to help carry up my things. :)",1
17953,23322898,2022-06-12,"This is a perfect place for business and pleasure. I loved the location, the amenities, the ambiance, the staff and the host. I can’t imagine staying anywhere else in Zurich.",0
17970,23322898,2024-07-17,Great apartment. Nice appointments. Great bathroom. Great location. Only downside is it is quite noisy front the street. The AC’s run through the windows so it will be quite noisy. Other than that the place is excellent. James communicates really well and was extremely accommodating to an early bag drop.,1
18016,21764617,2019-08-12,"The room was rather spacious for one person. There is no common ""chill-area"" which is why there is not much interaction with the host. However, Vincenzo welcomed me nicely and was flexible regarding the time of my arrival. A good place for people who will be out most of the time. The apartment is right next to a busy street, so sleeping with an open window was not an option for me (but I guess that also depends on your tolerance, I am rather sensitive). The public transport is great though, so it is easy to get around town.",1
18074,23323768,2026-01-19,"Hello, Had a bad experience with the radiators as they were not working for a day and the temperature outside was -2°C and infant were freezing inside the house, one of the bathroom shower was having cold water until the day i checked out, One of the clothes rack (Heated) was not working until i checked out, On the second 2day of my stay the lift/elevator stopped working which was sorted in about 3-5hrs time frame where in half of my day was wasted. By paying 650/Euro per night i was not rewarded any compensation. Additional heater provided after 24hrs. House is nicely done and right in the city center 1min walking to bahnhofstrasse. Thanks",1
18075,23323768,2026-05-17,"James is an outstanding host - he’s very responsive and flexible. The apartment is super clean and modern. The location is great and walkable to the train station, trams, restaurants and coffee shops.",0
18104,21823543,2018-12-25,the place is nice but the lights in the bathroom is too dim and not enough water pressure otherwise we had a nice stay there.,1
18131,23324274,2020-12-21,I tried already another apartment in this building. Love it every time and loved this one even more...great location...amazing set up in the apartment and loved both the sauna and the bathroom,0
18134,23324274,2023-01-20,James is consistently great with all his listings. This one in particular has such a convenient location especially if you plan on using the train. Very clean and modern.,0
18196,23325594,2019-04-29,"The James-Team is absolutely kind and caring. I was really looking forward to this great apartment. Unfortunately, I had a to cancel due to a serious family issue. Thanks to the James-Team, who took immediately care of this I got a complete refund. Awesome Service!",0
18237,21823543,2025-06-22,This apartment is in a nice location super close to multiple tram stations making it easy to get around the city! The host was super helpful and always responded quickly to our needs and questions. As listed there is no AC and it was very hot during our visit. Fans were provided and appreciated but the heat was very uncomfortable.,1
18252,24768262,2018-08-12,Beautiful modern apartment with all comfort and well linked with trams and busses to go anywhere in the city,0
18279,23325594,2026-03-27,"The apartment itself is outstanding - very modern, beautifully designed, and thoughtfully detailed. The space makes a strong impression, and I’m happy to give it the highest rating. The team was responsive and addressed any questions that arose, which I truly appreciated. At the same time, the only discomfort for me was related to technical issues that were already present upon arrival and had not been taken care of in advance. I would gladly return if all technical aspects were fully taken care of before arrival and did not require the guest’s involvement during the stay.",1
18329,24925488,2018-08-03,"It was my best buy in AirBnB for my business trip so far. Josie is charming and kind, friendly and good at cooking as well, The room kept very clean and organized perfectly, The location is just next to Oerlikon station where many train lines stop. It This new redevelopment town from industrial area has everything such as nice restraint and decent glossary market but unfortunately there is no historical feeling of Zurich",1
18330,24925488,2018-10-02,The place is very clean and conveniently located directly next to a major train station. Oerlikon itself is mostly built in the late 1980 or later so you won't find any of the historic attractions nearby. City center however is easy to reach with public transport. Host has long term experience in renting out that home. She is very welcoming in the beginning. I even got a cake when she and her partner were staying at the flat. For a business trip this room is a good fit.,1
18351,25072390,2019-09-29,"Our family of 5 stayed for 3 nights at Daniel’s apartment. It was clean, large and the kitchen was excellent. Daniel always responded quickly to our communication. This apartment is not in the old town, but there are two trams that go past and the public transport is so easy and fast to get into town I would say it is a very good choice to stay. We would recommend this to friends.",0
18357,25072390,2021-05-16,Top place to visite the city and the communication with the owner is very good!,0
18425,23422713,2023-04-28,"Overall value for money. Sonja was responsive, very helpful in assisting the check-in process. The place also offers washing machine and dryer, which is really a good perk. Unfortunately the house is a bit dusty.",1
18451,25182723,2019-01-26,"Perfect accommodation for short, mid and long stays. The whole house is for the quests of the 4 rental rooms. Common part is well maintained and the individual areas are kept with respect to privacy. It is nice to meet other people and have a chat. Rossana is open and ready to help or explain local live. She helped me with a place, where I could park a car (parking in Zurich is a bit complicated). A place definitely worth recommending!",0
18477,25182723,2019-12-01,A fantastic and good value place to stay. The room is just like a hotel room with only the small downside of not having any light blocking curtains. There were privacy curtains so it wasn't too much of an issue. Rossana is an excellent and very quick at responding to any questions you may have. The house was lovely and was in an ideal location for my travels. I would highly recommend a visit 😁,1
18485,25272988,2018-08-26,Judy was not there when we checked in and out. But everything was so good organised that we could not feel to ask anything. The apartment was neat and clean and very centrally located. It was great pleasure to be able to reside in her apartment and I would definitely recommend her place to stay in Zürich.,0
18496,25272988,2024-08-12,Judy gave perfect instructions so that everything from arrival to check-out was very easy! She was also very flexible and kind and gave us lots of important information about the city!,0
18501,25424250,2018-07-09,"The apartment is wonderful! It felt like abhome away from home. The sofa bed is enough for 2 people, the room and bathroom are clean, the kitchen has utensils, WIFI works, the owner is friendly and kind, the rooftop was a plus! It has a nice view of the city 😍. The apartment is near the lake, so bring swimwear because if the weather is good, you’d definitely want to swim! 21 minutes walk from Bus Station, 20+ minutes walk to the city, but there is a tram station nearby if you don’t want to walk. Would definitely stay here again if I would visit Zurich again. 😊",0
18505,25424250,2024-07-26,"Henri was extremely helpful, he made sure check in was as easy as possible. This stay is in the perfect location, very clean and with great views! Highly recommend :)",0
18515,25436446,2022-07-03,"Paula's place is the best location that one can imagine for business or leisure travel. The apartment is located in a green area, very close to the city center, the bus stop is in front of the building just 1 min away, supermarkets are just 10 min walk. Everything you need is available in the apartment, the room is very bright with wood floor and balcony, bed is comfortable and the atmosphere is very relaxed. Paula and her dog are the best hosts one can have, kind and warm, she is taking care of everything. It was a great pleasure to stay at Paula's place and I am very happy I made a new friend:)",0
18517,25436446,2022-08-27,"Outstanding experience at Paula’s place!! Great location, clean and cozy flat, bright room, relaxed atmosphere: absolutely enjoyable! But the best part is for sure Paula’s hospitality! She makes you feel welcome from the beginning on; she is a wonderful, warm-hearted person who shares the true traveller’s spirit:) Her dog Toshi is also very sweet! Wholeheartedly recommended!!",0
18534,23422713,2025-03-19,"The place is well connected to the city center, the area is quiet. The hosts were really responsive and always available for any questions. The only thing that could be slightly improved, in my opinion, is the general cleanliness of the floors both in the room and the common areas (which also depends on the people staying in the other rooms).",1
18573,25716104,2019-02-08,This apartment was perfect for what I needed. I was in Zurich for a weeks work assignment and I had everything I required including cooking facilities. The bed linen and towel smelled fresh and there were toiletries incase I needed them. It was warm and cosy.,0
18575,25716104,2019-03-17,"The apartment is located within walking distance of Zurich Main Station and Langstrasse, and also has a bus stop, convenience store and restaurants nearby. Communication with Bandula was easy and he even came to explain how to use the washing machine and dryer. The apartment was smaller than in the photos, but there was enough space to store all of my luggage and rest comfortably.",1
18594,25878304,2019-10-03,"Jelena was a lovely host, very warm and friendly. The place is very clean, quiet and has some characterful touches. The bed was very comfortable :-) I was expecting the place to be further from the centre, but I could walk there in about twenty minute or so. There are also trams nearby.",0
18635,25878304,2023-07-13,"Comfy stay. Easily accessible by transport. Jelena is courteous and polite, she was nice to help me with my luggage and offered coffee in the morning. I slept like a baby after a long flight however it can get a bit warm in summer and there’s no AC or fan. I would stay again with Jelena.",1
18663,23424207,2023-08-19,"Such a great place to stay on a budget! It was a beautiful area, the bedroom was clean and the bed was very comfortable, and it was nice and quiet at night— slept great! Would definitely stay here again when in Zurich!",0
18696,25995484,2021-10-15,"Great place in a quiet neighborhood, but walking distance to Kinkelstrasse tram stop where you can catch several different trams (direct to Zurich Train Station and Airport). Flat is very modern with good wifi and seems to be recently updated with very nice fixtures. Entrance and exit is through a keypad code which you get to choose, which means you don't have to worry about carrying around a key. There is not a cooktop but there is a machine called a Thermomix, which I had never seen before. Its like a big metal cooking blender and it was easy to make pasta in. There is a microwave as well and the washer dryer does both the washing and drying in one go. Really nice place.",0
18700,23424207,2023-10-25,"Was a really comfortable and private place to stay, not so far out from the main hub in Zürich. There was some noise from construction, but of course that’s out of the hosts control. Other than that this place was perfect!",1
18715,25995484,2021-11-08,"Very comfortable studio within 15 minutes by tram of the city center, close enough to access but far enough for peace and quiet. It’s very clean and spacious with a beautiful, minimalistic design sensibility. The bed is large and very comfortable and the views out the window of the surrounding neighborhood were pleasant to wake up to. A 5 minute walk from the apartment up the hillside is Zürichberg woods. Go get lost in them for a few hours at sunrise, and when you get back don’t deny yourself the breakfast that is offered - it’s superb. Thank you, Duri and Luzia, see you next time.",0
18791,26006157,2019-08-07,"It's a beautiful space, very stylish and well thought out. It has every little thing you could need, has a great location near public transport (direct tram line to the airport), wonderful view, comfortable bed, and super friendly hosts. I really look forward to coming back.",0
18821,26006157,2022-12-05,"A very nice apartment. The room and the bathroom are very comfortable. The neighborhood is very quiet and not far from the Alte Stadt to walk. The shops aren’t so far, as so for the public transport. We recommend you",0
18856,23445727,2018-06-12,"The big attic apartment is very nice and clean. It is on the top floor of a nice building and although it was a bit warm during our stay, the open windows allowed for a nice cross breeze and we were very comfortable. The kitchen and bathroom were well stocked, including any toiletries that you may have forgotten. The lift was broken and Strahinja came over during checkout to help us get our bags down the stairs. He was very friendly and helpful. The only thing I would caution against is staying there with young children as the loft bedroom has a very steep ladder to reach it. This was fine for our teenagers but would be a worry with young kids. We enjoyed our stay and will definitely book again if we are in Zurich!",1
18928,26046317,2019-10-16,"Great location, really pleasant and clean rooms, but the thing that makes this such a good place to stay are locality. Everything is nearby and you will enjoy the near by places as well. It was one of the nicest places we stayed in the two weeks were in Europe.",0
18963,26046317,2022-07-15,"We really enjoyed the stay. Simon was friendly and helpful, and the rooms well appointed and spacious. The location was very convenient for us, especially being close to some wonderful swimming spots and to public transport.",0
19029,26142789,2024-12-28,"My stay in Christians place was very pleasant. Great location, clean place and cozy whilst having pretty much all amenities you need. Good communication with the host. I would stay again and for sure recommend.",0
19030,26142789,2025-05-24,"Great place to stay, walking distance from most of Zurich’s touristic places. My only consideration is that it’s more of a room with a private bathroom, there’s a little small cooking area with limited space and appliances. The price is Ok considering that Zürich is extremely overpriced, however I still believe it’s expensive. All that regarded, cozy place with a beautiful view.",1
19036,26195945,2018-09-16,"We had a great stay with Trudi. The Airbnb is in a beautiful historical building and the gardens are spectacular. Trudi is the perfect host! She is welcoming and kind. We looked forward to breakfast with her each morning. Check-in and communication was really smooth. The location in Zurich's old town is on a charming, quiet street and you are still close to the main sights and the lake. It's a great 'home base' while visiting Zurich. We will be staying here again and are already looking forward to it! Highly recommend!",0
19150,23445727,2025-06-26,Thank you for allowing us to book so last minute! Our family of 7 was displaced after a missed flight and we needed a place in Zurich just for the night. It was great!,0
19153,26195945,2022-03-12,"Trudi was nothing less than a superb hostess. We felt so welcomed by both she and the house, really feeling like we found our home-away-from-home. Trudi provided us with delicious breakfasts, wonderful conversation, and fantastic advice on wandering throughout Zurich. The house itself is magnificent, and the location is perfect. We hope to return again one day! Thank you for everything, Trudi. Take care :)",0
19172,26223531,2018-09-30,"Anouar is very warm-hearted. We had dinner together, talked about jobs, culture, and he even helped me find an apartment for longer rent. The place is cool, with all necessary stuff for a short stay. Staying there is definitely recommended.",0
19173,26223531,2019-03-15,"I had a great stay at Anouar's. There's a tram stop right nearby, so it's super easy to get into the downtown areas; or, head up the hill and get to parks! Had a great time chatting with Anouar, and he was super flexible. I had to work remotely while there and the wifi was great.",0
19188,23477793,2018-04-07,"This apartment is in the perfect central location in Zurich, walking distance to scenic locations, trendy bars and restaurants, main train station and public transport. Even though it is so central it located on a quiet, safe and cute street. The apartment is very cosy, clean, stylish and very spacious. We did not get to meet Natalia personally but communication was very quick and easy and she made sure we had everything we need, including an extensive list of personal tipps for the city! Would highly recommend and hope to stay here again. Thanks Natalia!",0
19189,23477793,2019-01-02,"Stylish and very clean apartment in a cool neighborhood. Very close to public transport, grocery stores, trendy shops and great restaurants & cafes. The place was equipped with all we needed and plenty of space for a family of 4. Natalia was a wonderful host and very responsive. Check in was easy. We’d definitely stay here again next time we are in Zuerich.",0
19207,26414826,2018-10-05,"Great location. It was quiet and very near public transit. The #8 was literally on the corner a 3 minute walk away, close to the grocery store and a good cafe. Very convenient. I was on my own so the studio was good for me. Mia was helpful and I had everything I needed.",0
19214,26417842,2021-09-25,"Nice flat, small but comfortable. The situation is great, very close to the language school were my daughter stayed. Mia was not here at arrival and departure but gave us clear instructions to find everything.",0
19252,23492726,2018-09-17,"Our staying was great, I have never experienced such a warm welcoming such as we did. Ceco, his mom and his family were outstanding, gave us many tips about the places around and what to do in Zurich. It was such a pleasure to stay there and I highly recommend the place 100% no doubts.",0
19260,26524803,2024-06-22,"I used this Airbnb during my last Interrail stop in Zürich and was able to rest very well as I was already quite a bit exhausted because of all the prior trips Unfortunately I didn’t get to meet Nana herself as she wasn’t home during my stay, but she sent me all the right information to check in myself The apartment itself was very clean spacious and cosy with a well stocked kitchen with all kinds of spices and African foodstuffs. I recognised some of them 😊 This Airbnb isn’t that far from Oerlikon station but I would recommend taking bus 80 for the last part. I did the walking two times but it was at least 20 min each time Highly recommend this place for a trip to Zürich",0
19264,26524803,2025-08-23,"Nana's home is very homely. The checkin instructions were easy, and she was very friendly and accomodating.. The place is very well connected. Just 3 min from a bus stop which connects to a train station in 5 min and from there it's 10 min to Zurich central station. The apartment is on 5th floor, but there is lift available. there are just a 4-5 steps that you might need to carry your luggage to get to the apartment. The home was very homely, clean, and very homely. Washroom was very clean and pristine.",0
19307,23492726,2019-04-09,We really enjoy the time that we stay in this house. It's really nice and has the good location.,0
19376,26703294,2019-07-03,"This is an amazing place to stay in Zurich. The rooms are spacious, well kept, and will meet the needs of large or small groups. It is just outside the city center, but the tram stop is only a few meters away, and you are at the train station and city center in 15 minutes. I especially liked the view from the rooms, and that the neighborhood is quiet and very safe. And the obvious added bonus of a great breakfast.",0
19445,26703294,2022-05-26,"The host, Judy, is fun and kept us informed of anything needed for check-in and check out timely and the villa is decorated with very good taste as if it came straight from Instagram. The garden and lake view are contributing to the charm of this villa. We had conduicive teambuilding discussions in the dining area, with enough space at a large oval artistic table :)",0
19547,26812516,2019-11-30,The apartment is very nice and the host is very helpful. Everything was very good. I was just surprised that the apartment was full of guests - there are 3 AirBnB small rooms in the apartment so there is quite a lot of opportunity to meet other people ;),1
19582,26812516,2025-07-20,"The terraces are amazing! It’s such a pleasure to spend the morning out on the terrace before heading off for the day. The location is super convenient, just two minutes to the tram and a 15-minute walk to Lake Zurich at a relaxed pace. The only downside was that the apartment wasn’t very clean… but that’s something easily fixed with a bit of tidying up :) Overall, I definitely recommend it to everyone!",1
19590,23532672,2022-03-26,"Great, central location close to the train station, with modern and spacious rooms. Very friendly and helpful staff.",0
19591,23532672,2022-04-01,The hotel location is near to public transport and close to the shops. The room was clean. You can find everything you need to feel very well in this hotel.,0
19643,26954275,2024-07-20,"The neighbourhood was quiet and the tram station was walkable. Sabrina’s apartment had a huge balcony where I often drank my morning coffee and did some yoga. My sister says Sabrina has an excellent tea collection. We did cook dinner every night, we carried some Indian spices but the bonus was her kitchen too had some. Me and my sisters had a good stay. There was also an elevator, of course we are not the light travellers. Great stay over all !!",0
19648,27130790,2025-08-08,My children and I were very comfortable in the apartment and we loved it. The apartment was couple of minutes away from public transportation which was great and there was a small shopping mall couple of minutes away also. The only only minus I would say was the continues church bell ringing and disturbing our sleeps☹️ The apartment is very close to the church so you can here it very well. The church bell would ring every hour from 7:00- 22:00.,1
19660,23738232,2022-06-13,I loved this place. Close to the lake and old town. I walked everywhere. The flat is very spacious and light and I loved the design touches. Ana was very helpful with everything.,0
19683,27144951,2020-10-06,"My stay at Chris place was simply perfect! Perfect space, location, communication,amenities. This is the place to be when in Zurich, 2 blocks from the lake, 10 minutes walk from Bellevue, supermarkets, restaurants, pharmacy in less than 1 minute and trams number 2 and 4 at your doorstep. Do you think this is all? No! The best is that although super central, the isolation is so good that you don’t hear anything, so your good night of sleep is guaranteed. I can’t recommend this place enough and would for sure stay here again! Thanks Chris!!!",0
19713,27144951,2023-05-13,Great comfortable quiet spotless studio in Seefeldstrasse. Unit has amazing new soundproof windows and apartment is right by tram stop and great markets. Close to the beautiful lake and wonderful green uphill hiking. Navigation to all Zürich destinations is easy and efficient. Enjoyed coffee on my tiny terrace.,0
19789,27400610,2018-12-27,"Cher was a wonderful host, always reachable and giving us useful tips. The apartment was super clean. From fast wifi to bathroom amenities, it has everything you need. We can highly recommend this place and would always come back!!",0
19860,27400610,2019-08-01,Very convenient to get to and from. Only a few bus stops from the main part of Zürich!,0
19926,23867310,2019-09-07,"This was a perfect stay for our trip to Zurich! It was right near the local tram, and a doable walk to the main station. They also left thoughtful snacks and had great communication! Would recommend :)",0
19940,23867310,2020-01-04,"Location was great. Walking distance to nearest team was less than 5 min. The communication was excellent. We'r did share 1 shower for 7 people, but never ran out of hot water. Washer and dryer was a plus. It was perfect for our big group. However not really a place to all hang out as one of the bedrooms is also the TV room with the couch. Very comfortable.",1
20164,23868386,2019-08-06,"The house is very clean, and is very close to a lot of tram stations (Englishviestrasse, Klusplatz, Romerhof, Kreuzplatz- the one we use when we go to Zurich HB). 2mins walk to the English-speaking Catholic church. Restaurants and grocery stores close to Kreuzplatz. Jens also provided coffee, tea, toilet essentials. The sofa bed in the living room is very large and very comfy. Probably can sleep 3 people. However the airconditioner that is mentioned is NOT for the whole house. It is only a portable one for the living room. The other rooms are cooled by electric fans. Not a big deal when it is not that hot as you can also open the windows. Just a note also that you have to climb up some steps to get to the ground floor apartment. In all, this is a good place for staying in Zurich.",1
20172,23868386,2019-11-05,"This is a very nice and clean apartment with a beautiful veranda and access to a small courtyard. The house itself is located near the old town - 5-7 minutes by tram (the stop is right next to the house) or 15-20 minutes on foot. Jens is very welcoming, he quickly answers all questions.",0
20180,23890113,2019-05-06,"Nice, convenient place not far from the city center. I never met Rachelle in person as she was in Hawaii. But check-in and communication with her was easy. When I had a minor complaint after check-in, she immediately addressed and solved the issue from the distance, which was great. It's easy to get to the center by tram. And I really liked the nearby Irchel Park. What I found a bit confusing was that the hard wood floor trembles a little bit when neighbors walk around. However, the place was nice and quiet most of the time. Definitely recommend it.",1
20201,23890113,2024-03-17,"I had stayed at Rachelle’s place earlier and I remembered it as a cosy apartment for a single person. So, I stayed here again for a month this time and it was quite comfortable. Transportation and shops are nearby and the building is quiet. The apartment is quite well stocked with essentials, so even though I was there for a month, I didn’t find anything lacking and used the washing machine/dryer in the basement too. Rachelle was friendly, helpful and responsive. Would love to stay here again.",0
20254,27412907,2018-11-30,"The apartment is at perfect location,very easy to get around with public transportation and walking distance to awesome bars and restaurants. The pace is great, very clean and has everything you need .Totally recommend it.",0
20292,27412907,2019-03-12,"Strahinja was an amazing host, offering us extra items for our little ones to make our stay more enjoyable. The washer and dryer are clearly marked with clear instructions on how to use them. I also appreciated extra toiletries that were provided!",0
20355,24054809,2021-07-17,"The location easy to get to via tram. Just a bit walk once you get off. The only thing, if I were to nitpick, would be I wish the place had a fan. The open window bring cool air in but a fan would help circulate it better. The check in was easy. The hose sent detailed directions with pictures for location and process to get the key. She was responsive and the place was very clean.",1
20466,24054809,2023-06-28,"Convenient location, a few tram stations away from Zurich HB. However, I’ve trouble opening the main entrance, it’s difficult to figure how it works. It was noisy at night, and the lights were a bit dim, but others are all very nice. The bathing room was clean, and the kitchen had all we need.",1
20507,24193619,2018-05-14,It was a wonderful stay and the flat is even nicer and larger than the pictures capture.,0
20509,24193619,2023-06-17,"One of the best locations in Oerlikon. We had the most pleasant stay and Micaela is very responsive and accomodating. The apartment is clean and spacious with multiple balconies. Easy access to public transportations, groceries, cafes and restaurants. Will stay here again in our next visit. Thanks so much for hosting us Micaela!",0
20514,24366384,2018-08-15,"Bandula is a great host and responded very quickly by whatsapp when I had a question or problem. The place is tiny but clean and very well located just off Limmatplatz. I especially appreciated that he put a Nespresso machine in the kitchenette for me because I am a „coffeeholic“. I have not met Bandula in person, but I would definitely book this place again.",1
20524,27497241,2018-10-28,"Clean, cozy, and trendy spot. Everything you could want and more. Very easily accessible from the train station and airport as well as near a very cool bar that Sebastián recommended. He was the best host!",0
20525,27497241,2020-02-02,"Well located between the airport and downtown, very clean, the space is comfortable and nicely decorated, the communication was efficient, all in all a flawless stay.",0
20529,27519163,2018-09-12,Pascal has an absolutely immaculate apartment just 20 minutes into town with the team. Close to public transport and beautiful park. Thank you!,0
20533,27595070,2021-03-06,"Great location and window view, you can easily walk everywhere and the main train station is just a 5 minute walk away. Clean, well-stocked apartment with kitchen utensils to cook a meal. Easy check in. The wifi worked well. Great hosts, very helpful. Would recommend.",0
20557,27595070,2022-07-04,"The location and view from this unit is unbeatable. The host was quick to respond and very accommodating. However, we came over a warm weekend and found the place to be unbearably warm, we stayed out of the unit until late enough to go straight to bed. The shower has been mentioned already but it is quite small and gets water everywhere each time someone uses it so fair warning!",1
20583,24366384,2019-09-29,"This is a good option for a solo traveler. The building is somewhat secure as the front door may or may not be locked. The apartment is cozy, and suitable for one person only. There were no amenities as properly noted in the listing. I stayed on the 4th floor. Since there are restaurants and bars on the street level, the noise travels up. If both the bedroom and bathroom windows are closed, then the noise is minimal. The unsettling part of my stay was the amount of bug stains on the walls where people have squished insects. I found a couple bed bugs on my pillow and sleeping pad. Also, there was a distinct odor in the pillow, blanket, and sleeping pad provided. Despite 36 hours passing and two showers, I still faintly sense the smell in my hair and skin.",1
20602,27596262,2021-06-01,"The host was very accommodating and responsive. The place was clean and well kept, with plenty of appropriate cookware. The area, Altstetten is beautiful and close enough to walk to the Limmat River, old town Zurich, and Uetliberg. Public transportation is also a few steps away and very convenient however, we preferred to walk most places.",0
20617,24515415,2019-05-10,"Great place to stay. Exactly as advertised - great location, close to public transport, very clean. Note that the space is small and on the 5th floor - but it is all clear in the advertisement. The host was great: he communicated clearly, check-in was painless and he helped me with luggage storage after check-out. Wifi is also very fast. Highly recommended.",0
20620,24515415,2019-06-30,Great place close to the main station. Lots of great local bars and restaurants to help get a local feel. Grocery store just s couple blocks away. A little bit of a hike up the stairs but there was a fan which helped tremendously during the heat wave.,1
20641,27596266,2019-12-20,"The apartments is very nice, clean and it has everything and more. I wasn't expecting an apartment as nice as this one. From the pictures all the apartments look nice but this one really is. It was indeed a perfect stay. The best ever I could say.",0
20660,24566855,2018-09-26,The host is very reachable and helpful. The apartment is well located and if you're willing to walk 20-25min you don't even need to worry about public transportation to get to most touristic spots. Would stay there again if needed.,0
20668,24566855,2019-08-04,"This is a perfect place to stay for one person for a few days. I found the location to be great, it’s right in the middle of the Sri-Lanka community and the area is quite alive day and night. About 25 minutes walk from the old town but the walk is quite nice. The space is tiny but private and clean. Overall it was perfect value. I had a nice stay.",1
20677,27596273,2023-07-14,"The apartment was clean and had everything we needed. It located about 15 minutes away from the central, but the tram station is in front of the door.",0
20679,27596273,2023-07-21,Great stay. Location was really convenient for the tram into town. We had really clear instructions for self check in and for leaving and everything worked really smoothly. Apartment was clean and had everything we expected. Would definitely look to stay again next time in Zurich,0
20685,27607825,2019-04-22,"The house is big and spacious but unfortunately when we opened the door it did have a strong smell like it had been left closed for a long time and no fresh air circulated in there. The sofas in the living room were dirty full of durst. The table and chairs in the backyard were not cleaned at all...we had to clean them ourselves despite the fact that we had paid € 150,00 for cleaning services WIFI did not work Cleaning material was left in the kitchen Well what surprised us the most is that the owner did not even feel sorry about all this he insisted that he had checked the house the day before and it was ok. We thought it was a 5 star apartment but it turned out to be a 2 star. Will never go back there.",1
20687,27607825,2019-06-17,"Vishvala was an amazing and gracious host and went the extra mile to make us feel welcome and at home. The apartment was beautiful and was a two minute walk from the nearest train stop. The bathrooms were leaking, but it wasn’t a huge deal. There were a couple bugs in the apartment but the host gave us some spray for it. This was the most welcome our family felt from a host. Overall a great experience, and would definitely stay again if in Zurich!",1
20698,24688807,2018-07-08,"The room is one of some AirBNB rooms located in a very old and beautiful house (hostel - like) in a great location (Züriberg) in Zürich. It´s easy to get to the airport and center by Bus/Tram. We lived in Room 1b which has a picturesque and sunny balcony. According to the house´ age and its thin walls and the Tram passing by it might be noisy, if you´re sensitive for it. But the place in all is quite calm, for us the noise was no problem. Peter and Engin are friendly and helpful people.",1
20701,24688807,2019-09-30,"I stayed here for a month and really enjoyed my stay. Peter and Engin were very helpful and friendly and the room was beautiful. The only thing I didn't like was that the kitchen was quite small and dark, but otherwise the place is perfect.",1
20735,27833401,2020-02-01,"Marie is a wonderful host. She was welcoming and easy to communicate with. I only spent one night at her place before catching a flight, but the apartment was a perfect place for a solo traveler. Everything was clean and well organized. The location was perfect for getting to the airport.",0
20786,27833401,2023-08-17,"Very responsive and friendly host. Bed is just a sofa, but for that very comfortable. Windows are facing the street and tram station with a little noise. There is a fully equipped kitchen, soap and towels, which is a nice extra!",1
20798,27841494,2018-09-06,Easy host and a small cosy place at a walking distance to the train station.,0
20801,24744786,2024-07-11,"There were not basic amenities present - not even a bar of soap to wash our hands. I stayed there with a friend and we specifically booked because it was advertised and pictured as having a pull-out couch, but upon arrival that “couch” was only a chair. The drapes were falling off the windows. There was a noticeable odor in the kitchen. No extra towels were provided. There was no air conditioning and the weather was extremely hot, however a fan was provided. Overall the experience was fairly average, and I wouldn’t recommend staying here. The two good things were that Dimi was very responsive and it was a good location.",1
20806,24744786,2025-02-17,"We had a wonderful stay at Dimi’s apartment in Zurich! The location was perfect—peaceful, easy to find, and well-connected to everything we needed. From the moment we booked, the host was incredibly responsive and helpful, making the whole process smooth and stress-free. The apartment itself was comfortable, clean, and well-equipped, making it a great place to relax after exploring the city. One small thing to note is that the washer and dryer are shared with other apartments, so availability can sometimes be a bit tricky. However, this did not take away from our overall experience. We truly enjoyed our stay and would highly recommend this place to anyone visiting Zurich!",1
20818,28196760,2022-05-11,"The flat was just perfect, featuring a nice small balcony for 2 people to relax, a big living room and a bed with an actually comfy mattress to sleep on. Also the kitchen had everything you need to cook (which comes in handy since Zürich isn't the cheapest city) The communication with Mirjam was always swift and accurately. The location is close to the city center, you can even take public transportation or walk to the city center. An added bonus was the flexibility Mirjam offered when it came to checkin/checkout. When visiting Zürich, I definitely recommend staying at Mirjams place.",0
20819,28196760,2022-11-18,"It's a lovely apartment. Pretty, cosy and comfortable. Mirjam is a lovely host. It's a place where she stays and the place has her personality. Will stay again if i come to Zurich if the place is available",0
20825,27841494,2025-12-01,"The apartment is nicely located, close to transit. Within walking distance to some good restaurants and several grocery options. The apartment was very clean and warm in the cooler November weather. Thank you",0
20830,27890435,2025-03-31,"Really nice and adventurous place to stay, for a very good price. Jakub is really nice and communicates well. The place has everything you might need - except shower which can be arranged from my understanding. You can also make yourself a tea and coffee. We went in March and it was a bit cold weather but the van has heater and it wasn’t that cold. Extra blankets were also provided. Great experience for a van!",1
20840,27890435,2026-06-02,Jakub was such a pleasure to be hosted by. He is a very clear and honest guy dedicated to providing a good experience. Truly the cheapest bed in Zurich and worth the price!,0
20841,28234456,2019-02-24,nice appartment in the middle of Seefeld. Didn't meet Christiana & Chris but they message promptly and friendly. recommended.,0
20849,27894926,2019-01-17,"Olivier's place is great: a spacious clean room and your own bathroom. The apartment building is very modern, a very nice vibe with very nice people. Strongly recommended!",0
20860,27898567,2021-10-02,"The Villa is absolutely beautiful, the rooms large, bright and very comfortable. There’s a well equipped kitchen, a lovely garden and Judy answers any questions very fast. She gives updates on who is coming or leaving and let me park my car in front of her garage, which was extremely kind. I lived in the villa for 10 days and was happy there. The only negative point is that because it’s an old house, the floors creak and you can hear your next door neighbour talking, moving around, etc. This can wake you up on weekends. Apart from that, the Villa is a fantastic place to stay in Zurich and I can fully recommend it.",1
20863,27898567,2024-05-24,"We enjoyed our stay at Judy’s place, it’s such a beautiful home. I love that it’s so close to the tram so we had access to public transportation right up the street. I worried a little about the shared bathroom situation but it was just fine and we only shared it with one other person, not a problem at all. So don’t let that part hold you back from booking. I think the only thing that surprised me was that it did not include much of a breakfast, just you can make a toast and tea or coffee so you may want to bring your own if you need more. She has a fridge you can put things in overnight. Everything went well and Judy is very social and happy to answer any questions you may have. We had a great day touring Zurich!",1
20937,28234456,2024-11-30,"This is our second time staying in these apartments. This time with 2 units for ourselves and our parents while traveling to Zurich. We may be biased as we lived nearby for years in the neighborhood in the past, however the location of the apartments and proximity to the lake, tram lines and city are just so wonderful. The apartments and hosts are fantastic for a longer stay in the city/country as we use them for and have everything you need. We'll be back! Thank you.",0
20949,28245449,2019-01-27,"The room is very spacious, clean and looks exactly like the pictures. The hosts are great people! Loved to stay at their place.",0
20981,27986363,2024-08-21,"Great apartment. Maher was fantastic! I booked his place last minute, he was quick in responding and I was checked in within 30 mins of booking!! The location is great, about a 10 min walk to Zürich Enge train station. (Faster if you take the tram) There is an adorable cat that lives there, that was a bonus for me😻",0
20993,27986363,2026-05-30,"""I arrived in the afternoon and went out to look around. However, when I returned to the room at night, it was too hot. I looked for the A/C but couldn't find it. When I contacted Mr. Maher about the air conditioning, he told me there isn't any. I had to sleep in a hot room first night with the window open, which meant dealing with all the noise coming from outside. The next day, he brought me a fan. The second issue is the outside window, which doesn't have a curtain. Imagine having sunlight flood your room at 6:00 AM when you planned to sleep until 9:00 AM.""",1
20996,28049209,2019-12-25,"Amazing place! It's was a short stay for us but the apartment is fully equipped and it's had everything we needed it, very clean and neat with lovely modern stylish touch. It is about 15min away by tram to the centre of the city and on walking distance to supermarket/shopping centre We highly recommended this lovely place and thank to Franz, he is great host! Thank you Mimi&Ves",0
20999,28049209,2025-10-04,Franz was extremely kind and communicated very well and responded quickly. It was a pleasure having him host me and my girlfriend during our time in Switzerland. Franz gave great recommendations for activities and hikes in Switzerland and I highly recommend his beautiful home if you’re staying in Zurich it’s only a 5-7 minute walk to several of the Tram stations it made it very easy for us to plan quick trips with everything close by there are also several supermarkets close within 7-10 min walks if you need anything it’s very well located and I’m very glad that we chose to have Franz host us.,0
21007,28245449,2024-03-10,The place is very well located. You can reach Zurich center easily by bus+train. I stayed 3 days and it was great. Samir was very kind for leaving everything arranged for my late arrival. Yvonne is very kind and gave me good advice on the transport and a pleasant conversation. I highgly recommend this place. Thank you for everything.,0
21022,28272792,2018-12-05,"Judy is an amazing host , nice conversation with her, always looking for the best for me , she even gave me a ride! The breakfast is very good and the rooms are very clean, cosy and with amazing view!",0
21030,32441488,2019-07-24,"Jana's apartment's is spotlessly clean and it is very light and bright. The apartment is very close to Zurich HBF and only a few minutes walk into town. While it is close to this part of the city, it is very quiet at night. There is also two close by supermarkets and eating places. Of course the shopping in the HBF is also close by. We loved staying in Jana's apartment!",0
21046,32523536,2019-09-28,"The place really good and clean, missing on the complete address to be easier to arrive at the door but the rest fine.",1
21073,32523536,2022-05-23,"Not a bad location as it’s walking distance to many places and quiet at night. However, you really only get a small room with a bed and a small shared bathroom. And the heat was stifling! There is a fan that somewhat helps but I’d frequently wake up in a sweat. There was also a peculiar smell in the apartment that requires me to wash my clothing in another stay (the drying unit here didn’t seem to be working for others). Not a bad spot, but I’d probably do a hostel next time around.",1
21083,28272792,2019-09-30,"Judy lives up to the 5-star reviews she receives. Beautiful home, great location, and a helpful host.",0
21204,28426226,2021-08-23,I can't say anything about the apartment because we needed to move to another apartment due to a covid-19 person but the communication with Tania was good and easy.,0
21206,28426226,2023-07-21,"Súper friendly, informative and responsive host. Location is 5 mins walk from the waterfront, fabulous sunset. Cafe, restaurants all you need is in the surrounding. Enjoyable stay.",0
21222,32585235,2019-06-09,"The host is nice and friendly, but the room is too expensive for its size. The location is great tho if you just want a place to sleep.",1
21224,32585235,2022-10-08,"Lena is so warm and nice, her excellent preparation and explanation help me survive from many affairs after arriving at Zurich! The room locates in the best area of Witikon, quiet, clean and cosy. just a few minutes walk you can enjoy the wonderful scenery of the whole area!",0
21236,32626611,2025-02-22,"Excellent Apartment. Very nice and clean, close to the restaurants and pubs. Few minutes walk to Enge train station. Highly recommended and when I come back; surely stay there.",0
21237,28445279,2018-12-25,"We had a marvellous stay. Chris was extremely helpful in giving local tips and the place was wonderful. Clean and well located. The central town Altstadt is about 15-20 minutes walk but the location has all facilities available. A supermarket, cafe, and tram stop just in front of the building.",0
21258,32626611,2025-11-14,Dimi is a great host. Very responsive and friendly. The flat was exactly as described and my partner and I felt right at home. Will definitely return next time we’re in Zurich.,0
21285,32880154,2019-05-26,"As others have said, Maher's place is a perfect location for anyone visiting Zurich, on a direct route from the airport and in a calm, green part of the city close to the lake and to the shops. There's a great Italian cafe/restaurant directly opposite if you arrive hungry! Maher is a welcoming host but then gives his guests space to do their own thing. The flat has sunny balconies, stylist furniture, comfortable bed, clean towels and is generally a nice place to be.",0
21307,28445279,2025-06-19,"The place is located in a lovely part of town, close to the lake. Great for morning swims (if you're into it). The apartment is easy to reach by public transport, clean, organized and quite spacy.",0
21311,28484637,2019-06-26,"Emre’s place is beautiful. Apartment had everything we could want for an amazing holiday. Location is great only 15 min walk to main train station and less to walk to lovely restaurants. Close to the river for swimming too. Very comfortable place to spend time. We had a gig at Hallenstadion and walked home afterwards. Quick taxi to airport too. Great communication from the host. Perfect, thanks again Emre :)",0
21313,32880154,2020-02-04,Maher was really great with communication and his apartment has plenty of space! There are other rooms being rented as well so there can be several people coming and going at any time but everyone was nice and you can lock your bedroom door for privacy. There are also two bathrooms for convenience and your able to use all the kitchen facilities. Great place in a great location!,1
21333,33067330,2022-06-16,"Expect to be close to public transit and grocery stores and the store at the front of the building. You are also about a 45 min drive from Lake Lucerne and excellent hiking through the mountains. I loved walking by Lake Zurich 2 or 3 times a day. I bought a Zurich card downtown at the main train station and used it for public transit to go downtown to browse the scenery and window shop. Also took the short lake cruise twice. Inside the bnb, I found the bed comfortable and the bathroom excellent. I like to cook most of my meals. The kitchen is not set up for cooking every meal. The fridge is great. For cooking, there is 1 burner, microwave and a kettle. However, I did eat most meals at the bnb. If you are not a serious cook, I recommend Alex’s bnb. Have fun.",1
21340,28607214,2019-11-29,"I've stayed at Sigrid's place before, I've returned as it is the best experience. I've rented apartments and being in hotels, I still prefer staying at her place for she gives a lot of useful information, makes you feel very welcome, the apartment is spacious and very well located. The apartment have a fully equipped kitchen, laundry and is very comfortable.",0
21378,28607214,2025-03-18,"The room, the shower room, and the kitchen are clean and tidy. Sigrid is very kind, helped me a lot during the stay. Quiet and peaceful neighborhood.",0
21413,28620125,2019-08-10,"Fine apartment in the tram line. Very near are grocery stores, restaurants and bakeries. The bathroom has a great shower and the main bed in comfortable. Keep in mind it is on a busy road and therefore very loud. The kitchen has a few things for preparing basic meals.",1
21414,28620125,2019-09-01,Great location and fair price. But the place was not thoroughly cleaned (there was confetti and popped balloons on the floor from the Zürich Street Parade the previous weekend) and the host had the checkin time wrong even though we discussed it prior; we showed up and he asked us to come back in one hour.,1
21509,33085569,2024-12-03,"Convient location to the train station, bedroom was a bit small, but overall, we enjoyed our stay and the quiet atmosphere of the hotel.",1
21527,33085569,2025-04-21,"Great hotel, staff, and location! I really enjoyed my stay—the staff were friendly and helpful, and the location was perfect for exploring the area. The only downside was that the room was a bit too warm, and opening the windows let in quite a bit of noise from outside. Otherwise, everything was excellent!",1
21545,28679682,2018-11-11,"Tania's place is great--super stylish and comfortable and a good location. Kitchen is stocked w/ all the utensils you need to cook, although be aware that the it might be completely empty in terms of non-perishables like cooking oil (although there was s & p), but the super market a block away makes it super easy. Right by the water, it's about 10-12 min walk to the Opera House. Great cafes close by",1
21551,33147445,2019-08-10,"I almost didn’t want to give the apartment a good review, just to keep it to myself! Unfortunately I don’t have an excuse to be in Zurich that often. Really a fantastic apartment, with a great host. Beautiful secure building in one of Zurich’s more upscale neighborhoods. Apartment is a couple hundred yards from the nearest tram stop. Great selection of cafes, restaurants, and stores within easy walking distance.",0
21558,33147445,2019-12-03,"A great, well maintained place. Very close to Lake Zurich and a short walk from Old Town / Zurich HB. Tania responded promptly and accurately. A note for future guest, remember to carry your body wash and detergents. This Air BnB doesn't have these as supplies and unfortunately it is not mnetioned in the listing. We carried our own but when our stocks ran out we were left stranded on Sunday evening as all convenience stores were closed. Overall a great experience",1
21567,28679682,2019-01-13,Location is great: 1 min walk to train station and supermarkets. A few blocks down and you will be at the lake for a stroll. Washing machine in basement but it is a communal sharing so plan to do laundry during off peak hours. Clean with elevator. Apartment was warm in the middle of winter.,1
21577,33148119,2023-11-10,What can i say ? Worth IT! I Love the place big n clean .. near to the lake and shop… i feel like home .. wish i could stay longer… will come back again when im back in Zurich … the host is very responsive.. thanks again👍😀 recomended 5*,0
21587,33148119,2025-09-15,"Dimi was a wonderful host - responsive and helpful from the moment we booked. The apartment is in a great location, had everything we needed, and was very clean. Highly recommend.",0
21597,33150798,2020-10-11,A great place to stay over a weekend to see the city! Very central and near everything,0
21626,33150798,2022-02-26,"As comfortable as it is for a 3-star hotel stay. Room and bathroom were clean and comfortable for use. Located near the train station (5-10min walk) and close to restaurants and the river. Honestly a little too pricey, 3-5min walk further in the area are accommodations half the price.",1
21844,33152255,2019-10-11,"Love the style and the breakfast was good but at an additional cost. If you have to stay in the city and you're in a pinch, this place works. If you can stay outside of the city a bit you can save some money, have breakfast included, and get a more authentic experience.",1
21862,28681766,2019-07-14,"This space is just as advertised. The location is a quick tram ride taking the S11 from Bahnhofstrasse HB followed by a short two minute walk. We arrived early in the morning and were allowed to drop our luggage several hours prior to the scheduled check in time. The space was easy to access, taking the small elevator to the third level. Inside was perfectly clean and tidy, although there were no minor amenities such as a few coffee pods, sugar packets or cooking oil, which seem to be standard in most of the Airbnb’s we’ve stayed in. The space is comfortable and well organized, but there is a bit of traffic noise from the busy street below. The host arranged for a fan so we were able to close the windows and still have some air movement during the warm evenings.",1
21873,28681766,2023-08-10,"This is a great flat to explore Zurich from. Good transport links to the centre, walkable to the river, and more spacious than many of the other flats you will find. It's also close to a grocery store and good local coffee and restaurants. Has all the basic amenities, access to washing machine facilities, and lovely and tidy. There were reviews suggesting it was noisy and/or hot but we found with the blinds kept down in the hottest part of the day and windows open we were fine. You wouldn't want the bedroom window open at night due to street noise but the others were totally fine. I would certainly stay here again when back in Zurich!",1
21891,28700460,2018-12-24,The place is very convenient and just a 2 minutes walk from the station. Natalie was also very helpful and respond quickly to any enquiries. Her place is very comfortable and 100% true to the photos provided. Supermarkets and shopping malls are also very close by and easily accessible. Would definitely stay here again!,0
21919,28700460,2019-07-07,A really lovely place with really welcoming host. Natalie is so awesome and give us with helpful advices for everything. Equipments and things are so well prepared and the loft is so sweet and lovely. With train station and supermarkets nearby. Really recommended.,0
21970,28701312,2019-02-23,"Checking in and out was super easy. I loved the location because it's both quiet and very central. I also loved how restaraunts, markets, and the train stop are a very short distance away. The price is what you'd expect for Zurich. The only thing I'd request is weekly cleaning if booking for more than a week.",1
21988,33152255,2024-12-30,"For a two-night stay the hotel was conveniently located, a 20-minute walk from the train station and very close to the excellent Kunst museum, easy to spend six hours there. Lovely Morocco-themed cafe and bar. The hotel room was spotless and warm.",0
22028,28701312,2023-11-15,"3rd time staying in Christian's apartment (or maybe the 4th?:), great location with easy access to lake, public transportation, restaurants. Very clean apartment, comfortable bed, and well equipped kitchen. (If the windows are open, you'll hear the tram and some restaurant noise, but the windows are well insulated and when closed, you easily get a good night's sleep). Chris and Christiana are great communicators, and attentive to needs. Absolutely recommend staying there.",1
22047,33360498,2022-08-12,"It was an exceptional experience, I would recommend it to everybody. The villa itself is huge and beautiful and a rooftop room is very cozy. Judy is really caring host and everything is provided.",0
22078,33360498,2025-07-13,"Such a beautiful stay at the Villa! Judy is one of the most proactive hosts I’ve come across, exceptionally friendly and helpful. She provided awesome recommendations and even took the time to meet with me personally for a little catch up which I really appreciated. Everything was spotlessly clean, from the room to the bathroom and common areas. The home is stunning, decorated with thought and has real character, including the slightly squeaky floors that come with a historic home! Eating breakfast in the garden was the highlight of my stay - so incredibly peaceful! Location is fantastic, very easy to get around and the room itself was comfortable and bright. Would definitely recommend a stay here!",0
22083,33572316,2019-06-20,Very responsive and helpful. Enjoyed the stay - thanks.,0
22086,33740170,2019-06-23,Lazhar has been very helpful and extremely responsive. The apartment is nice and in a quiet area. The room was spacious and facing the garden including a nice balcony. We booked the room for my son who was in Zurich for an internship and everything worked very smooth. Can only highly recommend !,0
22109,28727397,2020-08-22,Nice apartment with all the amenities you need. The tram stop is 2 minutes walking and you can go to the centre in about 20 minutes.,0
22113,28727397,2024-07-27,"The location is great and close to the train and bus station. The view is great. However, the fact that he lives there and his personal stuff are everywhere was so weird and made us feel uncomfortable. Also the flat isn’t professionally cleaned which is not ideal. He is responsive but sometimes he is aggressive with his responses and attitude",1
22155,33800187,2020-06-21,"This AirBnB is superb. The hosts are very social, friendly, and interesting people. The room is private, large, has a fantastic balcony and nice and functional furniture. The location of the apartment is very central. Although it is in a busy street, the room is surprisingly quiet. For us, it could not have been better!",0
22161,33800187,2020-09-06,"My stay at Andreas's was just perfect. The apartment is ideally located, very well equipped and particularly clean. Andreas was very friendly, he was always responsive in our communications and attentive to my possible needs. I highly recommend!",0
22220,28766337,2023-11-27,"It is a cozy apartment, clean and comfortable. Its location is very good, close to the Opera (Opernhous) and easily accessible by tram.",0
22228,28766337,2024-06-10,"Christian's place had everything I needed. It was clean. Easy to find. Right next to public transportation and a short walk from the lake. It's a little ways from the center, but the tram stop is right in front of the door. The street noise is extremely loud so the sound proof windows are a great help. I recommend, especially if you don't need a/c in the summer.",1
22294,28792518,2023-07-20,"Had a wonderful stay, loved the location, apartment was good, host was helpful, it was a little hot without aircon and the tram stop was outside our door which made getting around super easy however a little noisy at night. Overall it was just what we wanted and would recommend.",1
22314,28792518,2026-04-07,"We found our “home away from home” when we go visit our son, daughter in law and grandson. The location was perfect with the tram right outside the building and the market right across the street. Two blocks from Lake Zurich, it was a dream. They were well equipped and the place was a perfect size, bigger than a hotel room and much more space. We did have a problem with internet service, but they worked diligently to help us find a solution that worked. Communication was excellent. We definitely will use them for our next visit to Zurich. Definitely recommend.",1
22365,33820792,2023-07-24,Lea was so nice and the apartament very comfy,0
22369,33820792,2023-11-02,"Lea was an excellent host, with superb communication throughout my stay. The apartment's location was perfect, offering easy access to trams, restaurants, and supermarkets. The cleanliness and safety of the place were top-notch. I would definitely choose to stay here again in the future.",0
22372,28848808,2022-03-14,"A great stay at great location. Close to both train station and Zürich attractions. The room was comfortable, clean and tidy - perfect for a few nights in the city.",0
22392,28848808,2023-08-21,"It’s a good residential place , bed was comfy , kitchen well equipped, bathroom good. I can’t comment on the local area as we did not go out there. Great that the busstop was right in front of the door and in no time you are at Zurich or the airport . Osaro has been a good host, always being responsive. I liked that check in was flexible, so perfect for that late arrival . The only downside for me was the street noise at night. So if you sleep with the window open that could be an issue. All in all we felt very much at home there and would not hesitate to recommend Osaros place.",1
22466,33854276,2024-06-27,"This was hands down one of the best airbnbs I've ever had the pleasure to stay at. And I've stayed at A LOT! Its beautiful, the location is perfect, we felt like a local, and they made us feel at home. Thank you ♥️",0
22470,33993690,2019-06-26,"Rakhals place was great, just a 20 min or less tram ride from the main station in Zurich and you’ll be at the door step! The only down side is we were there in very hot weather and no AC, so a fan for each room would hav been nice. Otherwise it was the perfect getaway!",1
22478,33993690,2022-05-08,"We had a really great time at Rakhal's apartment. It is perfect when you stay in Zurich with many people (we were 12) and also the location is great. Also Rakhal responded really fast when we had any questions. The only thing we were a bit unhappy about was the kitchen equipment. The pots and pans were in a bad shape, some things were a bit broken (although still working) and there was barely enough cutlery and glasses/ cups for everyone. But we were also really the maximum amount of people and it still worked out somehow. We will definitely come back next time we come to Zurich in a group. :)",1
22484,28884429,2022-04-16,"Wonderful host, truly made the trip less stressful. And the apartment is right next to a bus stop",0
22487,28884429,2022-06-10,"The description of the flat and the photographs do unfortunately not match reality: they are misleading. There was not one touch of luxury. The flat is modern but basic; it feels airless and stuffy on warm days as one cannot leave the window open because of the street noise. The best thing is the location: good access to the lake, the city and to public transport.",1
22539,34105681,2019-11-23,"Great location and price, super-clean, and stylish. It's very small, but that's just what I needed, as I didn't plan to spend hours in the room while awake. Bandula lives off-site but is nice, helpful, and forthcoming with messages. I had a short but pleasant chat with him as I departed.",0
22540,34105681,2019-12-08,"Good central place in Zurich, very small though, but OK for solo traveler Didn't meet the host but check-in was easy and communication was good",1
22554,34283991,2019-08-03,"The building is nothing to look at from the outside, but the 4th floor apartment is more spacious that I thought it would be from the photos. The bed was very comfortable, the kitchenette had everything we needed. Bruno even left some coffee for us which was much appreciated. The storage was great and the location is fabulous. Half a block to the river and right in the middle of old town Niederdorf. We would stay here again in an instant and would not hesitate to recommend Bruno's place and Bruno, who was very accommodating and helpful and easy to communicate with. I think staying here helped us love Zurich even more than we would have.",0
22564,34283991,2020-07-06,"The apartment was great! Super clean and had everything we needed for a four day trip. Location is perfect and in the middle of great bars/restaurants. Unfortunately, it’s a little loud at night because of the bars, but it was what we expected, so it didn’t bother us. Parking is about a 5 minute walk up the hill in a Blue Zone and we never had issues for the entire weekend. Tobias is a great host and I’d definitely stay here again!",1
22689,28909599,2023-06-22,"Great place in Zurich! Good location, within walking distance to tram and bus stations. Very nice and updated. The only complaint is that it is very hot in the apartment because it’s on the 5th floor with no air conditioning. Honestly this is a first world problem, but definitely couldn’t spend much time in the apartment without sweating. Overall, great stay for the price!",1
22693,28909599,2023-07-09,"A well-located and clean apartment in the heart of the city. Chris provided clear check-in instructions and communicated necessary information ahead of time. Certainly a warm apartment, but the fan provided definitely helped.",1
22752,28944839,2018-12-05,"Very charming old villa furnished with taste and modern style. Fantastic marble bathroom, very spacious room, very comfy bed. Judy's villa is really to be recommended and a much better place to be in Zurich than in one of the boring standard hotels.",0
22756,28944839,2022-07-07,The B&B is beautiful with stunning views and great architecture. It is far enough out of the main city for relaxation but close enough for any needs. Public transportation is right up the road. It was a perfect getaway and we would loved to revisit given the chance!,0
22795,34300920,2020-07-05,"Josefine responds quickly and check-in and check-out are quite relaxed and straightforward. It's a small room, but there's more space to use. From Josefine's place you arrive at a nature reserve within 15min of walking and are in the city centre in about 20min by public transport.",0
22821,34300920,2026-04-18,"I stayed at Josefine’s for a week while doing a course in Uni. The neighborhood was nice, clean and quiet, with good transport connections. The stay at Josefine’s place was really comfortable, clean and she provided everything you might need, but the best part was her hospitality. I enjoyed chatting with her over a cup of coffee at the end of the day!",0
22837,34411854,2021-12-22,Manuel was so kind and friendly the apartment was in the center of zurich it was so easy to walk around the city i recommend it,0
22839,34411854,2022-02-11,Manuel and his son were fantastic hosts! Always willing to help and really nice people. The place is also great. The room was clean and comfortable and the location unbeatable!,0
22852,34472705,2019-05-19,"Barbara is a very pleasant and interesting person. The room and the apartment are just wonderful. The area is fantastic, very close to the Train Station and the city center but in a quiet and green area with a beautiful forrest in fron of the door. Great for a city trip and recreation. Highly recommended!",0
22853,34472705,2019-07-18,"Barbara was fantastic. Her place is a gem! The bed is a little small and firm but everything else was excellent. Location was 10 min tram from most things, area is quiet with a cute forest near by. The bathroom was private and the space is modern and bright. Communication was great and her English is fantastic so it was really easy to communicate. She even helped me figure out an early morning train route that I couldn’t find which saved me a taxi ride. She is friendly and sweet. Would stay again for sure if I come back.",1
22891,34571687,2019-05-17,Great one week stay at Katarina’s! The appartement is super clean and conveniently located and Katarina is a perfect host. I will stay again !,0
22893,34571687,2019-10-05,"I had a very comfortable stay at Katarína’s place. It is located in the most beautiful part of the city. Tram stop, train station, shops and restaurants are all nearby. It was really convenient for me as my office is just 5 mins walk away. The place was kept very clean. This was my first visit to Zurich and Katarína gave me great tips to explore the city. She was also very patient while helping me with some german skills. I had a great time and would visit again!",0
22903,29009793,2020-10-28,"I loved absolutley everything about this Airbnb Rental. Fast communication, easy flexible Check-In and the view is just amazing! Probably the nicest neighborhood I have ever stayed in, in Zurich, with LOTS of sunshine on their large Balcony and a view to the lake and Ütliberg. A clean, full equipped kitchen, makes your stay even more enjoyable, if you like to prepare home cooked meals instead of eating out all the time. But there are also a lot of good restaurantes just walk distance from the apartment. Also lots of forest close by for some nice walks in nature! Everything was just perfect! Thank you!!!",0
22906,34674097,2021-03-26,"A cosy studio directly across the street from a train station in a nice part of Zurich near the lake. We visited during pandemic restrictions that kept restaurants and bars closed, which took some of the shine off the Seefeld neighborhood. The kitchen was sparsely equipped but the shower was nice. Chris is a friendly and helpful host.",1
22913,34674097,2023-02-07,"I stayed in the apartment for 3 months. The location is great, the park and lake close by, amazing, no need to comment. Of course you can hear trains as it is right next to a train station, but nothing too much disruptive. The apartment shows its age but has all basics you need for humble living including a laundry room in the basement. The balcony is really an added benefit for the price, you can chill there and enjoy a partial view of the lake. Chris is a good host, willing to help you with anything. Only sometimes I had to ask multiple times and some things stayed unresolved because I gave up trying. The important is though that overall I was happy with my stay and would choose this place again.",1
22944,34811356,2019-06-15,"The stay at Martina's place was excellent. Martina is a very nice woman who made sure that I as a guest had everything I needed. For example, I had forgotten my power socket adapter, Martina saved me with hers. She gave me tips about activities in the neighborhood, not only by indication like 'this and that' but by looking all the activities up and sending me the info to my phone. The neighborhood is very close to the lake, 4min walk. The tram/bus stop is just next door, the tram will take you to the center in about 20min. The apartment is very nice, there's enough space, good wifi for the internet, very nice kitchen with everything you need. The place was very clean also. Finally, Martina is a very nice person to talk to, she did everything in her power to make my stay very pleasant.",0
22952,34811356,2019-09-14,Martina is such a nice person that she answer all my question patiently. I feel like at home when I stay at Martina's house. The location is very convenient that tram station are just 1 minute walk away. The place is clean and comfortable.,0
22970,29050050,2019-10-25,"Fantastic apartment in Zurich. Perfect in every way and would have loved to stay longer. Convenient to all amenities, brilliant hosts who provided excellent communication throughout. Highly recommended as one of the best apartments in Zurich.",0
23005,34941952,2021-07-20,"Cristian's place is ideal for a quick stay in Zurich, ideally located to visit the city. It's clean and functional. The kitchen isn't much to work with, but there are some nice shops and cafes in the area for eating.",1
23037,34941952,2026-05-29,"Thanks for hosting us Cristian. Clear instructions were provided concerning check-in and apartment instructions. The apartment was as described. As described basic kitchen but plenty of eating options close by. Bakery and grocery market literally downstairs. Washing machine and dryer facilities available in the building basement. Located on the second floor, but there is a small elevator. Opposite Tram 3 and easy walk to old town. Lovely neighbourhood. Thanks again.",0
23038,34995176,2019-08-05,Great apartment near tram transportation from train and plane. Super location well suited for single or couple. Enjoy all the area restaurants.,0
23067,34995176,2019-11-10,"The flat is in a good and quiet location, nicely decorated and comfortable. Lots of nice small details that were totally unexpected, and communication with the host is perfect. I would definitely recommend for your stay in Zurich!",0
23085,35025688,2022-06-19,"All I can say is BOOK IT!! Fabulous place to stay, Juerg and Valeria were super helpful and kind especially patient with our kids and let us use the delicious herbs from their garden. We were a family of five relocating to Switzerland and I can’t think of a better landing pad. The garden was glorious and the apartment is perfectly located and equipped. There is a park at one end of the street and super market the other end and it is super easy bus into town. I wouldn’t hesitate to recommend.",0
23106,35025688,2024-05-26,"Valeria had a lot of recommendations for us, I landed with no plan and she helped chart our daily activities around Zurich. Juerg was super fun to talk to and the house is a beauty. Awesome views from the bedrooms and very clean. Bathroom is spacious and well appointed. Loved the stay, especially the walk down to Elephant River. On down days, we walked over into the dense forest area which was fun",0
23147,35123328,2020-02-10,"This cosy apartment was in a perfect location in the old town which made it so easy to explore Zurich. The hosts were very helpful and friendly and were quick to answer messages. The apartment was very clean and well set up for a comfortable and convenient short stay. There were basic cooking facilities, and food items provided for breakfast etc, which I appreciated. I enjoyed watching a bit of Netflix too! The curtains do let light in but the host thoughtfully provided an eye mask and ear plugs. I would be happy to stay here again! Thanks Karina and Dominic!",1
23152,35123328,2022-05-27,"We found everything we needed in Karina's apartment: the location is great, close to train station and right in the city center. Karina showed us the place and answered all of our questions.",0
23177,29050050,2026-04-21,"We were so happy staying at this little apartment in Seefeld! The place was neat, clean, and well laid out. We were blessed with good weather and spent some time having coffee or drinks on the balcony. We liked the neighborhood a lot--tram right outside, grocery stores across the street, nice people, and Lake Zurich just a few minutes away. The only thing we would have liked to have is a microwave. Otherwise, this place is perfect!",1
23183,35178707,2025-07-10,"Everything was as described, and overall, the stay was very good. Just a heads-up: the apartment got very hot during warm weather, and there’s no air conditioning or fan available for cooling. The only real downside was the dishwasher, which didn’t seem to work properly—dishes often came out dirtier than they went in. I did experience some initial issues with the WiFi, but the technical support team was responsive and helped resolve the problem quickly.",1
23186,35179129,2020-08-27,"The small flat is nicely appointed. It gets lots of natural light and was sparkling clean. The hosts are easy to communicate with and very responsive.... I recommend a stay here.... the bed is quite comfortable and the small balcony is nice since the space is small. The only thing I would say is that the pictures of the space on the AirBnb website/ app are not of the actual apartment. So, I recommend wholly, but the actual space is different than what is pictured.... at least it was when I stayed... mid - late August 2020. I wish you a pleasant stay in Zurich.",1
23195,35179129,2024-09-23,"Tania and others were quickly responsive to our needs and showed great care for our well being and comfort. The apt was very clean, lots of storage space. Kitchen functional for easy dinners. The location is not far from train station however it is straight down many stair and then back up again although there is a bus stop very close by. Grocery store several blocks away but is closed on Sunday so plan accordingly.",1
23216,29142984,2021-08-14,"This is one of the best airbnb apartments we've stayed in. Really stylish, very clean, and in a super location. It does get a little hot in the summer because it has lots of very big windows (you can't see this in the pictures very well) which catch the morning and early afternoon sun. But there are sunscreens that you can roll down. And in the afternoon the sun is gone and you can open up the windows and doors. Also, the big windows do make the flat very nice and bright. :) There is also a wonderful little outdoor area where you can sit and have a drink or eat. Despite the fact that it's in a very busy area, the flat is very quiet. The neighbourhood is also very cool - take tram 2 or 3 to tramstop 'lochergut' and walk to ida platz for a drink or a bit to eat, very nice!",1
23240,35182110,2024-08-11,"Nice place, comfortable and very well equipped! Great for longer term stays! Well connected to public transport and easy to get to by walking as well! It feels like they really put attention to details. I visited it in summer and it was a little too hot on the inside, but they did provide a ventilator and in Switzerland AC is hard to find out of hotels! All in all a great stay and would definitively come back!",1
23256,35184191,2023-07-01,"Overall the apartment was okay but there was no pan for the oven or extra trash bags and things like that. I had an extended stay for 20 nights and thought they should have provided a few extras of things like trash bags, dishwasher soap, and toilet paper.",1
23278,29142984,2023-01-21,"Really enjoyed our stay. Apartment was clean and spacious. Had a few issues with the wifi, but Harm responded immediately and we were able to fix it with no issues.",1
23285,35184191,2025-09-18,"Convenient location while spending a couple of weeks visiting ETH Zurich. Also a short walk to the old town and the main train station. The kitchen was well appointed and the apartment came with spare linen for the duration of my stay. While there were no washing facilities in the apartment itself, the shared facilities in the basement were very clean and well maintained (with complementary detergent!). The only negative was a small bit of mould in the shower, but it was otherwise very clean. If coming from the airport with luggage, I'd recommend catching the #10 tram - it's a little slower, but an easy downhill stroll rather than a very steep uphill walk (with stairs) from the main train station.",1
23301,35323413,2019-10-06,"We really enjoyed staying here. This apartment was well situation a little away from Old Town, but the train is close by and it is 10 minutes to that area. The apartment was clean and the amenities were great, including beer and coffee! Also, the shower pressure was incredible. Loved staying here.",0
23345,35323413,2024-06-27,"Jelena was very responsive and helpful. The Air BnB is located behind the park so anyone fancy something more quiet, this is the place. We have to take the train to St. Moritz the next day and it only takes 7 mins by team. Would recommend if anyone wants to explore Zürich city.",0
23454,29182814,2019-08-23,"Maria's flat is amazing! It is very close to the center and (that is my personal oppinion) very stylish! Our room was spacious, clean, full of light and we even had a separate door to the balcony. Unfortunately, we did not meet Maria but she was very nice in the messages. Her boyfriend was very helpful, kind, made us feel like at home. If we go to Zürich again, I would gladly return to them! :)",0
23488,35324463,2025-08-20,"Sophie was very responsible and communicative and her place is super adorable and beautiful. I had good sleep as it was very peaceful. I liked the dinosaur decorations, very cute! Totally recommend",0
23489,35324463,2025-10-19,"We had a lovely stay at Sophie’s place! Her studio is cute and cozy; it has everything you may need in terms of bath and kitchen supplies. The flat is located in a quiet area, however also very close to the town centre, so very walkable. We would definitely recommend this place! :)",0
23495,35492554,2019-11-18,"This is my new go-to place whenever I come to Zurich. The place is secure, is a very short walk to public transport, and central to a lot of places. Kitchenette is well stocked and there is plenty of closet/shelving space. Dayana was quick to respond to my questions at check-in, and the flat is definitely a safe place for single traveling women. (PS For long-haired folks, the water pressure is also amazing)",0
23538,29182814,2023-12-08,"Thanks to Maria and Beny for the space and privacy provided to us! Their local recommendations were well received, and Cinnamon and Pepsi ensured that we were never bored when resting back in our rooms. Will miss this place!",0
23588,35492554,2023-11-26,Great place to stay in Zurich It’s close to multiple tram lines that are a short ride into the city center. The space is clean and located in a beautiful neighborhood.,0
23689,35494092,2021-09-06,"Dayana is a good host who's communication was excellent and who provided great area information. The home is in a lovely neighborhood with reasonably priced street parking and easy access to buses/trams. The unit fit my family of 4 well and had a nicely stocked kitchen. The noise of the bells from the large church a block away was the only problem. The bells ring hourly (and some daytime hours every 15 mins.) from 3 am to 11 pm. Some hours are just a few rings and sometime 150+ rings (like 7 am & 11 pm weekdays). We learned some Swiss churches do this all-day bell schedule and many people adjust to it. Unfortunately, we have some lighter sleepers in my family and, even with ear plugs, the bells woke us up.",1
23786,35494092,2024-07-30,It is a really rustic and unique place. We stayed at the bottom 2 bedroom apartment that is past the stairs. There is one bathroom with 2 showers that you have to use stairs to get to. Rooms are pretty spacious but the kitchen is a little tight. The backyard is private.,1
23843,35512110,2019-09-18,Cher’s place is an incredible oasis in Zurich. She has thought of everything to make her air bnb feel like home. The outdoor patio is fantastic and the location of the apartment is outstanding. Literally everything you need is right at your fingertips. Cher was super responsive to any questions we had and is very organized and wonderful in her communication. Our family of four would definitely stay here again.,0
23853,35512110,2019-12-16,"Cher's apartment was perfect for our family! Everything was easy, the location is just the best you can immagine, railways are close and buses as well, everything is walk distance and the neighbourhood is very nice. The kitchen is well equipped and supermarket is so close. Cher is always very prompt to answer any question you may have and is very well organized!!",0
23881,29212259,2022-01-04,"Unfortunately I never got the chance to stay at Claudios place as I got sick, but the communication with Claudio was super and I'll stay at his place the next time I'm in Zürich.",0
23892,29212259,2022-11-06,"A great Airbnb find! A part of the house right under Uetliberg— amazing location and great value. The house has everything you need, a well-stocked kitchen and bathroom. A somewhat old-school feeling which I really loved—it really feels like a place with a soul.",0
24028,29232857,2020-08-07,Luca’s place was very great to rest after a good day. Not only was the flat clean and tidy but the whole building ! We felt safe being there. We had to buy some stuffs by ourselves but it didn’t matter much because everything else was perfect. The flat was sparkling clean and it was quiet outside as the flat is situated near a park/forest. Luca was always there answering very quickly if we had any request (Thank you for your kindness once again.) I would definitely recommend booking Luca’s place and will surely book his flat again if I happen to come back to Zürich. Thank you again for everything. Best regards Camille,1
24091,29232857,2021-12-21,This place is exactly as it says. Great view on a clear day. It was very clean when we arrived on the 73 bus. It takes you right up to the front of the building. Super convenient. It is a little out of the city center but only about 3-4 miles. You can take the 73 bus to the train station. I would recommend and even stay here again if I were in Zurich. Luca was a great host. Checkin was easy if you follow the directions given. Luca was very accommodating and answered any questions promptly.,1
24138,29293306,2019-01-27,"Katrin's room is super cozy & clean. The whole apartment has a great vibe and very nice roommates. The place is in a great location, close enough to the train station and very close to some great bars.",0
24165,35831060,2021-02-25,The ONLY place to LIVE BEAUTIFULLY in Zürich. Le bijou is just that - a BIJOU! I have traveled a lot and this is by far the best Airbnb I have ever stayed in. Without a doubt 5 star quality accommodations across the board. There are no words but perfection to describe this apartment in every area.,0
24169,29293306,2021-06-20,"Katrin and Janine were hands down the coolest and kindest hosts I’ve ever had. I really enjoyed getting to know them and Zürich through their stories. The apartment itself is bright, spacious, extremely well curated, and next to multiple tram stops. But the people made the trip unforgettable. Thank you for the experience Katrin and Janine — hope to see you soon!",0
24197,35831060,2025-09-15,"We stayed for one week last year and loved it so much that we returned this year for two weeks, even though the price had doubled. The apartment is spacious and the location is truly unbeatable. At US$1,600 per night, expectations are naturally high, and while we noticed a few small details, they didn’t detract from the overall experience. The only real downside was having to leave!",1
24228,35835296,2022-06-15,The apartment was perfect and the location could not be better!,0
24230,35835296,2022-08-12,"This was our second stay with James. We truly enjoyed the space, location, comfort and the features of this apartment. Everything is new, clean and exactly what we were looking for.",0
24242,29362212,2023-08-12,"The apartment was clean and very well equipped. Eluard was easy to communicate with and has provided all the necessaries in the place. The location is a bit far from the center but there is a visitor parking next to the apartment, and 2 min walk to go by metro. We have enjoyed our visit and definitely recommend Eluard’s place.",1
24249,29362212,2024-07-02,"One of the easiest AirBnB rentals I’ve ever experienced. Key and WiFi instructions were clear on check-in. Apartment had everything we needed for 8 night stay (including toilet paper, paper towels) My son slept on the fold out couch, which was comfortable. The only interaction I had with Eluard was where to put the key at the end. Really easy",0
24291,29404842,2022-08-06,"The location in Seefeld area is excellent, there are two supermarkets directly across the street, a nice playground and several restaurants and bakeries. Chris’s place is good, the apartment is a good size for a couple with a small child. Chris provided us a crib. The beds are comfortable and the kitchen has the basics we needed. Chris had prepared some nespresso capsules when we arrived. The only issue we had is that it was very hot in the summer with no it conditioning. The attic apartment gets super hot and it was hard to sleep even with the fan in the room. Thanks for a nice stay!",1
24300,36033611,2020-02-23,"It’s a very clean place, with very good host, but there is a one and huge problem, which declined all previous pluses: there is a bar located under this flat, so, I can’t fall asleep till 3 am, I’ve closed window, but I felt I’m on this party, but not in the bed. So, if you are partying person and come back at 3, it’s perfect place to stay, but if you are tired and prefer to stay at room and get some rest, it’s not place which I can recommend you",1
24302,36033611,2020-09-30,"Tor was an extremely kind and hospitable host. I stayed for one month and I felt really at home. The apartment is well located, with the train station just minutes away. The room is bright and well furnished. The stay was great. Thank you for everything!",0
24314,36088497,2019-07-22,"The flat is located in a hip neighbourhood of Zurich, in walking distance to many good restaurants and cafes. It is also in easy walking distance to the central station and town centre. The balcony is a real bonus on hot summer days.",0
24320,36088497,2023-12-05,"I loved my stay at Artel’s apartment. The place was spacious enough, super clean, modern, the kitchen equipment is amazing and I loved the location. Lots to do around and many nice restaurants. The host was very helpful and responsive. Solved an issue I had in no time! The only negative experience was related to the noise coming from the reconstruction next to the building. It started at 7:30am on weekdays, which was really annoying.",1
24333,36123934,2022-04-18,Tania's place was nice and clean. Great location near the train station and within walking distance to the lake and old town. Would definitely recommend staying here!,0
24346,36123934,2022-11-13,"Tania’s place is amazing! Very spacious and accommodating. It’s about a 30 minute walk to old town which is easy and doable. All basic necessities such as towels, soap, etc were provided. The space was clean and Tania was very helpful for us!",0
24381,29404842,2023-08-26,"Everything was perfect and fitted the description and the pictures shown on the site. The only negative part is that it is noisy because the flat is located in front of two very busy tram lines. It was particularly warm during our stay with vey high temperatures and it was impossible to sleep with the windows closed. Thus, we have to choose between high temperatures or noise from the street starting very early in the morning... I am sure that in winter time would be perfect and I would probably rate the stay as ""great"" instead of ""good"". Nevertheless, the place is highly recommendable!",1
24531,36346490,2022-05-25,"Make sure you take the opportunity to meet your charming host! She is warm and generous and so helpful. I had only one day in Zürich and she gave me excellent advice about how to see the lake, city, and mountains without breaking my budget! The trails nearby are great for stretching your legs, not exactly pristine nature; there was some active logging going on, but the views are nice, if you make it to the lake-side of the hill. The studio was perfect for one or two people, neat and clean with a nice garden area to sit in the sun for morning coffee.",1
24541,29655342,2022-06-02,Had an awesome stay in David‘s apartment! Loved the location: very quiet and close to the tram. The apartment was well equipped and the bed was very comfy! Everything worked well. Communication was excellent as well. Definitely highly recommend it to future Airbnb guests!,0
24567,36346490,2023-04-27,"We enjoyed our two nights at Grazyna's house in Zurich. It was clean and tidy, and the location is good. You can get public transport easily to the city, and a cab to the airport is not very far and not expensive. We had a warm, quiet, comfortable sleep, and Grazyna is upstairs if you have any questions. And her little dog Amelie is adorable too! Thanks Grazyna",0
24618,29655342,2023-08-21,"David was an incredible host, the apartment is exactly like the photographs and he was so responsive when it came to my inquiries. He was amazingly polite and kind. A perfect apartment for a couple, me and my girlfriend enjoyed our time immensely. Hot water was as described, would be a bit frustrating at times however, did not take long to get used to. Thank you for a beautiful stay!",1
24683,36477818,2023-08-14,"Erich was very proactive and helpful ahead of check-in, and when our trains were very delayed he kindly waited for us & showed us around. The kids were delighted with all the gadgetry and the flat was clean, quiet and very comfortable. Transport into Zurich centre was very easy. All round a great place to stay! Thank you!",0
24701,36477818,2024-07-21,"Erich is a great host - very friendly and accommodating. He even FaceTimed us to show us how to best get into the garage. And during our stay he always replied within a very short time when we had a question. The place is great, the pool and the bus stop are within easy walking distance and it doesn’t take long to get into Zurich. Good place for a trip to Zurich!",0
24770,36624110,2019-10-24,"The apartment is conveniently accessible from Zürich's Main Train Station, surrounded by plenty of dining options. The building doesn't look attractive, but the apartment is very clean, well-equipped and comfortable. Overall, very good value for money. The best part, Steffi and her boyfriend were extremely communicative and flexible at all times.",1
24772,36624110,2019-11-11,"This is a great place just a short distance from the train station. We only stayed a night but would definitely come back for a longer visit. Large, clean, comfortable room. Best bed of our whole trip around Europe. The bathroom was also the only one that had a tub and not just a shower. Overall a great stay.",0
24816,37087883,2024-10-14,"Firstly, the place is in a really accessible spot in the city, and that’s what is exactly needed in Zurich, be it a public transport or a private car parking 🅿️ (in a place like Zurich, getting an easy access close to the room is NOT easy). The place is extremely clean with well organized shelves, comfortable and rooms and guaranteed you’ll feel right at home, especially after having a busy day. Saving the best for the last: Piotr is one of the most amazing host. He made sure to take care of all the things and was extremely accommodating to my requests. He even went above and beyond to help me out. I’m not done with Swiss or Zurich yet, and so does my stay with Piotr. Wishing him all the best!",0
24832,29692684,2019-07-07,"Irina is a great host, really nice and very good reachable. Check-in is the best! The flat just fantastic, really just like the pictures just bigger. Very modern and a lot of space. Had a really good stay & time. The location is also good so I can only recommend staying ah hers. No regrets for sure! I‘ll definetly stay again.",0
24852,37087883,2026-06-07,"Piotr's place was great for my one night stay in Zurich! The room is huge with a very comfy bed. Only 10 min tram from the zurich main station and 30 min train to the airport makes it a super convenient location. Piotr was super nice and friendly, even gave me a few recommendations for my short stay. Highly recommend!",0
24856,29770166,2018-12-16,Loved my stay! Host is very friendly and easy talk to. Excellent value for the location and amenities provided!,0
24866,37203344,2019-08-27,"This place is such a good deal for how expensive Zurich is, and Blandine was happy to give tips on local places to check out or how to navigate the train system. Everything was clean and as shown in the pictures - the apartment is in a nice quiet area of the city but you can get on the train and be in the city center within 20 minutes of walking out the door. If I were to come back to Zurich I would absolutely stay here again!",0
24872,37389808,2019-08-25,"Bernadette's flat was amazing! It's stunningly beautiful, and well very designed and spacious. The patio and BBQ were fantastic, and we had a chance to grill and eat outside one night as the bells were ringing and sun was setting. Her apartment really helped us fall in love with Zurich. The location is fantastic. She's right between two tram stops, and the trams go everywhere in Zurich. If you're coming from the train station, it's well worth the $4 to take the tram rather than walk uphill, ha! It was one of my wife and I's favorite Airbnbs. Strongly recommended!",0
24873,37426680,2025-07-21,"Wow—we can’t say enough good things about Nadine and Marcel’s place! It was perfect in every respect. Really clean, open, bright, and airy with a beautiful balcony and lots of houseplants. It was quiet and peaceful but easy to take the tram to the city center. But the kitchen made the place. It had everything we needed and more. Nadine and Marcel were friendly hosts and offered us plenty of tips on places to go, even though we barely wanted to leave the apartment! Highly recommend for your trip to Zürich if you’re lucky enough to find it available!",0
24878,37478466,2019-11-03,"Charlotte and Matthias were exceedingly friendly and generous guests. The apartment was immaculately clean, the bedroom large and the bed super comfortable. They were also really helpful in navigating Zurich and helped me have a great time. I would stay again in a heartbeat.",0
24894,37479435,2022-10-09,"Very neat and tidy unit in a decent part of Zurich. ‘Excellent’ customer service to any needs we had during our stay. The only recommendation I might have would be a more comfortable mattress on the bed. Other than that, very nice experience!",1
24895,37479435,2022-12-22,"Really happy with my stay here. Location is central but quiet. Both the building and the flat were spotlessly clean, and well lit. There's lots of storage space. Plenty of natural light. I was there during a cold snap, but the flat was always toasty warm, and with a powerful, hot shower. The bed was comfy and the kitchen was modern and spacious, as described in the listing. I also used the washing machine and tumble dryer a few times, without any issues. WiFi was strong and reliable too.",0
24909,37683818,2023-07-03,"I had technical difficulties with airbnb, not having discovered the app (and not being fond of apps). But Shelly was very helpful, so that my insecurities disappeared, and I felt very safe and secure, that everything would be okay. I enjoyed my stay, found it very practical to be near Kreuzplatz and not far from Stadelhofen Bahnhof. Easy access to everything!",0
24915,37683818,2024-06-27,"Room had decent size bed and also a balcony which was amazing, top floor is an added bonus. Shelly is very talkative, approachable and makes the rules very clear. Place is not far from the opera House area and some good bars and restaurants. Will return if I need somewhere to stay in Zurich.",0
24919,29770166,2020-09-20,"Was a nice stay! Rooms are stylish, clean and comfortable. The bath is really good. And it’s very close to bus station. Worth your time here!",0
24932,29926557,2024-05-31,"The room was satisfactory, and I recommend the area. However, there is room for improvement in communication, particularly during check-in and check-out, and in the cleanliness of the room. Overall, my experience was positive.",1
24937,37762897,2023-10-20,"Unfortunately the cleaner had not completed their tasks (bed not made up / wet washing left in machine, in the dryer and on an airer / loaded dish washer etc) appropriately and the apartment appeared as if it was still occupied when we checked in. (This has apparently never happened before though - so very unexpected for the host) The host responded quickly also and refunded the cleaning fee. In our opinion, the pillows need replacing as they were very thin / little, but otherwise very nice secure apartment in great location with great rooftop views.",1
24943,37899561,2025-06-25,"This Artel apartment was perfect for our two week stay in Zurich. It had everything we needed and more. we especially loved sitting in the balcony to cool off in evenings during the heatwave in Zurich. It was close to restaurants, grocery stores, parks, river, and train station. Our host was easy to communicate with. Would totally stay here again if we could!",0
24947,38141312,2024-11-16,"The place is located in the city center, next to a tram stop, and just a 5-minute walk from Zurich HB. However, there is no elevator, and the staircase is small, so it may take some time to go up at the first time. At night, there might be some noise and cigarette smoke from the bar on the first floor, especially on Fridays and Saturdays. The laundry facilities are located in the attic and can be booked using the sheet provided in the laundry room. Overall, Roger is very supportive, provides cleaning services every two weeks, and promptly fixes anything that breaks.",1
24949,38141312,2025-04-13,"Roger is a fantastic host! Very friendly. Very responsive and made both my daughter and I feel very welcome not only to the Air BNB but to the neighborhood as well. The bar below has open mike nights and we enjoyed the bar and the music! Thank you Roger! This apartment is a 5-minute walk to the Zurich main station, grocery shopping as well as restaurants around the corner. It is an excellent location for those wanting to explore Zurich and for train access. The apartment is located on the 4th floor and does require going up and down stairs. The laundry facility is in the attic and was very clean and easy to access at various times. I felt incredibly safe and welcome. I would come back here to stay anytime I am in Zurich.",0
24954,38155146,2021-10-31,"Really loved the place, it had everything that we needed and the location was perfect. The stairs did get to us some days, especially with the moving but we managed. I would definitely recommend it. It’s gives you that city feeling, and a way to experience Zurich.",1
24960,38354161,2020-01-03,"This is a perfect place to stay with your families. The loft is clean and spacious, it was nice and warm and located in a great spot. The coffee shop and train station around the corner is an added bonus, I highly recommend this place.",0
24963,29926557,2024-08-10,"Vinh's place is good value for the money. It's small and simply furnished and equipped, but has practically everything you may need if you're looking for a place that's functional rather than homey. The studio is clean, the bed is comfy, the kitchen is equipped with kitchenware, there are laundry and dryer machines in the basement, and it's located a convenient 3 mins walk from a train station. The only issue I encountered was that there was no hot water in the bathroom sink faucet during the week that I stayed (but there was hot water in the shower and kitchenette sink). Vinh was responsive to messages, and even met me upon arrival and gave me the key.",1
24981,38354161,2024-10-14,We loved our stay at this apartment. It is located very conveniently right next to bus (89 and 304) and Tram stops (13) which will get you easily to Altstetten or the city. There is a Coop in the building and a bakery across the street for all your grocery needs. The place was very private and we truly appreciated the fantastic view over the valley especially from the loft at night. The only thing we had some issues with was the mattress which seemed to be very hard but I guess it depends on the individual. We found a solution though and all was well. We would definitely recommend this accommodation and will be back! Thank you Tobi for assisting us with all our questions.,1
25056,29989383,2024-05-10,"Very organized and tidy apartment in the Wiedikon neighborhood. It was very easy to get inside with excellent instruction, less than 5 min walk from the train station. Apartment was close to every place I wanted to get to in Zurich. The space is well organized with everything I needed. The kitchen seems very practical though I never had any meal there. The host was very responsive and friendly. The only thing that was a bit tricky is the indoor temparture as it got a bit hot at times, howeve there is a fan which was pretty helpful. Recommended place!",1
25061,38390111,2025-07-07,Lovely clean place and in a nice quiet area with easy links by tram and bus to the centre.,0
25074,38390111,2026-02-06,"This is a lovely and elegant apartment on the roof floor of Tina's house, has a great view of Uetliberg. Tina is very helpful and great at communication. Although there is no stoves, but there is many kitchen equipments are sufficient for simple meals.",1
25081,38400419,2021-10-16,Beyond great. You’ll be lucky to be able to stay here. Warmth and spirit exudes throughout the home.,0
25100,29989383,2025-06-24,"we stayed 3 nights un Zurich at Arno''s listing from Zurich Furnished homes. Apart from the Central location the things which great was the apartment is quite big, everything you can ask from an Airbnb is present and there are multiple washers and dryers in the basement. Small points which unfortunately led me to incline more towards 4.5 star overall is that the Sofa is a bit worn out. I didn't sleep quite soundly and maybe it is time to change it. The bedroom and its balcony is badass. Rest assured, it was more than worth the money for Zurich!",1
25103,38400419,2025-06-13,"We loved to stay in Elena's Ecohouse. The house was nice, impeccable clean, cosy and situated in a green neighborhood in the western part of Zürich. We could park the car nearby and could reach the whole of Zürich easily with public transport. The only thing that visitors should know is that the house has two (double bed) rooms but that they are not completely privat. The rooms are on different levels but are (partly) open spaces and those sleeping in the upper level need to pass through the lower bedroom to go to the bathroom. Anyway, for us that was clear beforehand as it was visible on the photos and on the plan that is given with the description. I would definitely stay in Elena's house again.",1
25109,38534881,2019-10-07,"Gunda received me and I must say: She is incredible. Do you know that feeling when you look at someone for the first time, and you already know that everything will be perfect? That comfort when listening to someone? That's is Gunda. I really enjoyed the stay.",0
25112,38534881,2019-10-30,Junda is the best host I’ve ever had from Airbnb!! The place was perfect and so close to the tram stop.,0
25122,38539804,2019-09-21,"Mathias was a perfect host, very attentive, helpful and very nice guy to chat with. He gave us some great tips for the city and went above and beyond to help us with various stuff. The apartment is beautiful with lots of (private) space and very well equipped. Everything was neat and clean. All in all we had a great time and would 100% recommend!",0
25125,38540843,2021-07-16,Very nice experience there. Amazing location to visit the city you can get most of places on foot easily. Also the host is kind and friendly.,0
25126,38540843,2021-11-14,"Spacious, though not very high sleeping rooms with comfy beds - no lock on the door, but there are lockers to keep your belongings secure from other guests. Bathrooms were clean, though we'd often had to wait pretty long because other guests used them. Excellent location, right in the middle of the centre and only a 10-minute walk from the station. Note that you can't really invite other people into the room and it's not an ideal room to spend idle days in. A perfect sleeping place for explorers",1
25153,29990461,2019-03-03,Very clean and well equipped apartment. Good location. The host offered a storage room for our luggage after check-out.,0
25172,38565876,2023-10-12,"Outstanding location! You're far enough away from Old Town to be out of the noise and crazy, but two blocks from the lake and one block from a tram stop on a main line through town. Right on the edge where biz becomes residential. Nice variety of places to eat nearby, groceries close by - everything you want. Host is great, place was larger than we expected, everything clean, crystal-clear instructions. All good!",0
25176,38565876,2025-01-16,"I was originally booked into one of Dimi’s other apartments but after finding a huge amount of mould in the bathroom Dimi immediately moved me to one of his other apartments which was bigger and in an even more central location. Everything was dealt with very swiftly and the second apartment (this listing) was perfect. Huge living/dining space, large bedroom which was very comfortable. Check-in was easy with finding the keys. I would definitely stay here again. The price is maybe a little steep but for the location it is worth it. Thank you for another good stay!",1
25221,29990461,2023-06-22,Great location and apartment is really nice. Unfortunately we visited Zürich and day temps were close to 90 and the apartment does not have AC. We did have fans and were able to open the windows. Very comfy beds and clean apartment,1
25256,29990656,2024-11-29,"Great place to stay. Central location with restaurants, public transport close nearby. Easy walk to the center of town. All necessary amenities in the apartment that made the stay comfortable and very pleasant. Very thoughtful the welcome snacks and soft drinks! Perfect check-in and check-out description. Friendly and professional in every aspect. Thank you!",0
25263,29990728,2019-07-03,"Me and my fam of 4 LOVED this stylish apartment. It was incredibly clean and so well appointed. Plenty of space even with the 4 of us and lots of luggage! The manager on the property helped us with anything we needed, whether that was a spare plug adaptor, an extra fan, and directions to town. The only issue was that we arrived at the end of a heatwave so our first night was pretty warm as there's no aircon. But it was short-lived and once the weather was perfect, the accommodation became moreso :)",1
25276,38631483,2023-11-12,"Andrea was very responsive and gave clear instructions. They let me drop my bags early. Sofia came to clean the place very frequently. She is very friendly, and always asks whether you need something. ""Room Orange"" is spacious and has a large desk with two chairs. There is plenty of closet space, hangers, etc.",0
25277,38631483,2024-03-01,Andreas was a nice and easygoing host. Bath was not clean too much unfortunately but the location of the house is perfect!,1
25294,29990728,2021-05-10,"Conveniently located, very bright and clean apartment. Great communication with the host. Also good value. The only problem is that you will not find it easy to cook dinners as some equipment is missing and there is no light in the kitchen - floor lamps are the only lights there is in the flat.",1
25316,38632737,2021-10-31,"The appartment has a lot of beds and is well located near the center of Oerlikon, but doesn't offer much more. So fine if you just need many beds to sleep and plan to eat outside anyway!",1
25330,38812298,2019-12-02,"Timo and Kim are world-class hosts. Their kindness and hospitality was evident from way before I even arrived in Zurich, offering suggestions on what to do during my short stay. Communication skills were excellent and their home is very centrally located with the airport and city center being 15 mins away. Very clean and tidy home and the only downside was that my trip wasn't longer. Unfortunately I didn't get to meet Kim however it was very nice to chat with Timo who further recommended three things to check out based on my interests, all of which were fabulous. 10/10!",0
25339,38812298,2020-11-01,"I have lived with Kim and Timo for two weeks, my first two weeks in Switzerland, and I couldn't have been asking for better hosts! The bedroom and the whole apartment are extremely nice, comfortable and clean. They are extremely friendly and available. Moreover, I was moving for the first time to Zurich, and I had to deal with this new city and complete some administrative tasks: they have been incredibly supportive, and they have helped me with documents and advices making my life much easier. I would repeat this choice without hesitation, thank you again Timo and Kim!",0
25342,38925931,2025-03-30,"I had a very nice stay at Andrea’s place! It’s in a good location, with public transport very close to the apartment, and conveniently located near two supermarkets. The only downside was that the roommates also staying at the apartment didn’t always clean up after themselves and were sometimes loud at night.",1
25344,38925931,2025-09-23,"We had a wonderful stay! The place was exactly as described — clean, comfortable, and well-equipped with everything I needed. The location was perfect, close to supermarkets, restaurants and transport. The host was very friendly, responsive, and made check-in smooth and easy. We really appreciated the small touches that made the stay feel special. I’d definitely recommend this Airbnb to anyone visiting the area and would love to stay again!”",0
25346,39170245,2024-07-17,"The place was just what I needed - clean, good space. Unfortunately, the window in the bedroom wouldn't open, and no one was around to fix it. Also, I was never able to get the wifi to work. The host was responsive, just unable to do anything about it.",1
25347,39171356,2020-04-01,"The room I started in during the entire lockdown while in Zürich. Perfectly fine for short stays and very adequate for staying longer, with the right company. The local woods and first spaces have spectacular views of the city of Zurich, great for those who like a run, in a quiet part of the city that's a short journey away from the centre via public transport. During the lock down however, this isn't ideal. There are shops an 8 minute walk away. Susanna is also a very friendly, welcoming and attentive host!",1
25351,39171356,2021-04-16,"Check-in was super easy. The room was really nice an clean. However in the kitchen the sink was often full of dishes from the flatmate, but during the day he was most of the time at work, so you had the flat to yourself. The bathroom was okay, but in the shower there is some mold on the walls. The location is really quiet and the wifi worked well.",1
25380,39196674,2022-07-10,"I had a short stay before I flew back to my country. It was a clean and cute room. Everything is as expected. Rossana is also a great host! However, it was a bit noisy opening the windows at night. Please also note that there are few steps of stairs you have to take. I had a bit difficulty carrying my luggage up to the room.",1
25433,30171704,2021-06-03,You can't beat the location. It's in the coolest area of Zurich. The check-in/out process was smooth and painless and Chris is very responsive. The apartment was perfect for the week I was there. Bed/pillows/blankets were all good and the bathroom was very roomy. I'd stay there again.,0
25449,39196674,2025-05-09,"This is a very practical and well maintained stay. For my visiting relatives, it offered everything they needed. Rossana (Host) is very attentive and clear. It is Not a luxurious place, though it is very well kept and fitted. The only negative thing to say (completely personal) is that you gotta brush your teeth in the kitchen sink, which is the only one in the room. That said, if you like what you see, book your stay with peace of mind.",1
25502,30171704,2026-05-28,The place is very well located and had beautiful green views. Very close to the tram station which is super convenient. It’s was a really hot day but the host managed to provide us a standing fan which was perfect. Also they had a baby chair as well which was really convenient for us.,0
25504,30223460,2022-08-21,Gabi's place was nice and the room was quite spacious. The location is 10 mins walk to Oerlikon and many restaurants. The room is in a shared apartment with another person who enforces strict rules about keeping the apartment clean though.,1
25509,39334649,2023-03-30,This was a great location with young kids. Not only did they enjoy playing in the spacious garden but there was also a great park/play area and indoor swimming pool 3 mins down the road (we were there in early spring). The apartment was spotless and had everything we needed. The nearest tram station was just a few minutes away and it was a lovely green neigbourhood. There was also a laundry area in the building which we made use of a few times (no booking required).,0
25524,39334649,2024-09-15,"Peter is a good host.. he kindly agreed for a late checkout and at the check in time came down himself to help.. even helped in getting one luggage down the stairs.. Kitchen was good, well stacked.. Bathroom was ok Rooms were ok, may be one full wardrobe in bedroom will be good, as of now it is half open rack type.. Location is good.. 10 minutes drive from central Zurich.. Did not used train or tram.. Garden is very good.. Could not use swimming pool due to rains.: Overall good experience..",1
25556,39544991,2022-07-18,"the is a great place for anyone looking for a budget accommodation in Zurich. there area is in a quiet residential neighborhood, not much to see or do but there is a train station 15 minutes away that is 2 stops from the center of Zurich. the room is one flight up. Very clean and quiet. Switzerland is so expensive for foreigners so you will not find a better deal. a few points though. the area has only street parking by permit. if you are driving, discuss this with Serdar before booking. the apartmentis old and if you will be bringing anything that does not use the 2 pin plug used in EU, your adaptor might not fit into the outlet. the outlet only has a narrow opening for small 2 pin adaptors. the bulkier 3 pin adaptor probably will not fit.",1
25573,39544991,2023-09-25,He is the best host very friendly and a great human being He provided me everything that I needed.he was continuously in touch with me until I reached his place .,0
25640,30239388,2019-07-21,"The space was in a relatively good location and very spacious for a couple. Tastefully decorated and fluffy towels. Check-in was easy as well. However, I left with a bad taste in my mouth, though, because when I asked the host to please provide some hand soap (there was none; only several bottles of shampoo), he told me he trusted his crew and that they would have left it and that he was ""under the impression"" I'm trying to get money from him. It was insulting and rude. Marc was unresponsive and unprofessional, so something to keep in mind.",1
25659,39581430,2021-11-17,Enrique was a nice Host and the apartment was super cozy,0
25688,30239388,2023-08-27,"The apartment was spacious and looked just like on the pictures at first sight. However, later on we discovered large stains on the couch, some of the chairs at the dining table and also the curtains.",1
25752,30415457,2022-07-15,"Christine is an amazing host! Thoughtful and flexible with times. She responded immediately to any inquiry and recommended a very sweet sightseeing place nearby. I would stay at her place again. The house is very clean. However one thing is inaccurate and was slightly surprising to me: the shower room is separated by only one curtain from the room next to it, which is currently occupied by another tenant. Another small thing, from my room I could hear almost anything the person next door was doing.",1
25754,30415457,2022-08-16,"Christine was a super nice host! She really went above and beyond to make your stay comfortable. She came every week to make sure the environment is clean. She provided breakfast!! The location of her place was also great. Trams 3 and 8 are within 1 min walk. The only downside, however, was the spiders in the room. If you come in the summer, there might be some spiders around...",1
25772,39581430,2026-05-25,"I spent 2 nights in the studio and I really enjoyed it. It was well located since I watched a game at Swiss Life Arena, otherwise it's a bit far from the centre but the tram frequents very often :) Enrique and his dad were really nice in our communication. I'd totally stay again in this studio.",1
25779,39600156,2020-02-10,"Clean and for this price&couple of nights is good. But the toilet is not in the room, need to go to the first floor.",1
25792,39600156,2022-06-06,"Nice little room in the University district. Had a wonderful surprise when they upgrade my room without telling me, so I ended up having a toilet in my room despite what was advertised. It was a great room for the price and very clean. While it's not exactly down town, you can still walk to everything or hop on the public tram which is just a couple blocks away - super convenient.",0
25856,31327304,2024-09-04,Matthias was extremely friendly and welcoming. He gave us many tips and recommendations for navigating the area. Would absolutely book with him again!,0
25863,31327304,2024-12-31,matthias's place was well placed and easy to get to from the airport. it is close to the city centre and allowed us to explore in the few hours we had. matthias was very helpful and a great host.,0
25877,39663692,2023-08-21,"This lovely residence in a brand new complex is nicely located in a very peaceful residential community overlooking Lake Zürich. It is walking distance from Old Town Zürich and all that it has to offer. The residence itself is sparkling clean and has all the amenities a visitor needs. It accommodates two couples very well and, as such is a very good value. Hosts Goldiss and Dominik were very communicative with us in advance of our stay to ensure that we were comfortable and well-prepared for our stay.",0
25883,39663692,2023-12-28,"We had a wonderful time staying in Dominik's beautiful apartment for the holidays. It's very well located near the Wollishofen train station, and you can either take a quick train or tram, or walk along the lake to the centre. It has a beautiful view of Lake Zurich and Uetliberg mountain, and is very tastefully designed. It was a wonderful home for us for our stay - would recommend for a cozy stay in a quiet suburb still close to the centre of Zurich. Thanks so much!",0
25890,39828123,2021-07-19,"Chris's apartment is an amazing place to stay in Zurich. The view of the Limmat River below and the old town across the river are amazing throughout the day and night. It is perfectly located for exploring Zurich -- in walking distance to the main train station, shopping areas, amazing restaurants. The apartment itself was clean and comfortable. Chris was fantastic with communication and making check-in easy for me. You'll love staying here -- especially if it's your first time in Zurich.",0
25897,39828123,2021-12-29,"This place is fantastic! Amazing location, great view, several small cooking appliances if you need, walking distance to the main train station, restaurants, bars, comfy bed, nice pillows, windows that open nicely for some fresh air (it’s on the top floor so the heat rises up there a bit). Neighbors are a little loud and the walls are paper thin so you can hear everything. Check in was a little off but chris accommodated and we would definitely stay here if we came back to the area! He has other properties as well!",1
25920,39839466,2021-07-16,"This apartment is really nice. It's very well designed, with great use of light and space. The furnishings are new. The kitchen supplies are perfect. Henrik is easy to communicate with. We'll be back soon!",0
25921,39839466,2021-08-22,"The space was immaculate, modern, serving every need, as well as accurately described from the listing. Henrik’s reliable communication and amiable guidance will help you enjoy Zurich to the fullest. He is worthy of his super host status and high review numbers.",0
25943,31606785,2024-07-10,"Nadine is definitely a super host. She had lots of tips for hikes around Zurich and places to visit in Zurich. The place is really clean and in walking distance from the old town and the train station. There are some great coffee shops close by too. In case you want to save your energy for hiking the mountains around Zurich, you can easily take the tram to reach the train station. I had a wonderful time at Nadine's place and I highly recommend it.",0
25949,31606785,2025-12-31,Nadine and her partner are very welcoming. The check in is after 2pm but they let me check in at 12 pm. The location is near the tram station especially if you use the garage door and the tram duration to the main station is like 6 minutes. The place is clean and feels just like home. Before I forget they put chocolate in the room so yummy ( i’m not someone who like chocolate but these were good). Nadine place will be my first choice when i visit Swiss again.,0
25952,31773907,2019-02-15,"The area is super cool, the apartment is really good organized and close to everything but super quiet. You can find everything in the apartment I felt like I was at home.",0
25953,31773907,2022-06-01,Great location and hassle-free stay . The place is spacious and everything working well. Highly recommended,0
25955,31917101,2023-03-19,"Alvaro was a great host, he was very responsive and helpful. The apartment is beautiful and the location very good! Thanks Alvaro ☺️",0
25958,31917101,2024-04-05,"We enjoyed our stay! Peaceful spot and 20 minute walk from Zurich HB. Several grocery stores nearby. One note, laundry is not in-unit. There’s a shared laundry room in the building (one floor up) — not a big deal though, we were always able to do it.",1
25971,39971447,2020-08-26,Min is a wonderful host. I definitely love the time I live with Min and would like to come back again.,0
25981,39971447,2021-11-20,"The location is good and the host is very nice and he even helped us to pick up the luggage! Very good experience except that the toilet is quite complicated, but the host will explain to you!",1
25987,40267895,2020-09-25,"It's a nice place. The only small drawback is that it's on the edge of the city so takes a little longer to get to/from places. The upside is that it's practically in the green: there's a forest nearby and some hiking trails. Armin is extremely kind and helpful, and responds quickly to messages. He has helped me solve any little problem which arose.",1
26010,40267895,2025-07-20,"A lovely room located on a hillside with a beautiful view of the town below. There’s a nearby horse riding area, so you might sometimes spot horses eating grass in the fields. Although there’s no air conditioning or fan, the temperature remains quite comfortable. A bus runs down every 15 minutes, though unfortunately, there are no evening services. The room is not very spacious but has all the basic amenities. Arri is very responsible and friendly, always quick to respond to any questions.",1
26021,40395216,2020-08-22,"Jordi is a friendly and nice host. The room was quite big for two people, there are a sofa, TV and refrigererator in the room. However, the kitchen is quite dirty and the response was slow. Though I’d still recommend this accomodation since the place located in the city centre and the price is still affordable.",1
26022,40395216,2021-08-26,"room was okay, nice balcony, quite noisy area but okay if you´re not planning to spend a lot of time in the apartment. Communication was a bit hard due to language troubles, but it somehow worked out anyways. I was welcomed by Jordis partner and even though we could not find a language that we both speak he was very hospitable and lovely. All in all: Zürich is pricey, so the place is fine for the price and location is good (very close to railway station, most things reachable by foot, public transport also very close)",1
26058,40544740,2024-05-15,"Nice apartment. It has everything that you need and it is quiet. The Airbnb price is fair considering that apartment is in a residential area in Zurich but the cleaning fee is another $100 which I think it is a little expensive. Everything was cleaned and organized as described in pictures. Thanks,",1
26074,40544740,2025-07-07,Cannot fault the location or the host's communication. Apartment was very clean and had everything we needed for our stay. The weather was very hot during our stay but the hosts had left a tower fan that was very handy.,0
26107,40572934,2023-08-14,"Hosts were welcoming and gave clear instructions on how to check in. The area was right in between either going to the lake or into the city- it was perfect. There was no air conditioning, but the fan was more than enough with the lovely windows that opened wide. The laundry in the basement was easy to access and operate. I felt very safe my entire stay and would definitely stay again!",0
26124,32053770,2021-04-10,"The flat is bright, comfortable and efficient. The location is great and close to so many amenities. Supermarket extremely close. Small problems came up and were dealt with very quickly. Communication was excellent. We would rent from Tania again for sure if we were ever in the area.",1
26129,32053770,2021-08-02,Great location to hop on the tram and See the city. The place is super nice and the beds are so comfortable.,0
26161,40572934,2026-05-31,"This host has multiple properties they run through AirBnB it appears as our original apartment had an issue the day before our arrival. They reached out and offered an explanation along with a new apartment to stay in for the night we had booked. I cannot speak directly to either unit as I do not know which unit this review will appear on, but the unit we did stay in was very nice and the host was very friendly and communicative.",1
26163,40579348,2020-01-13,"Excellent location, great place and very near from the supermarkets such as Migros and Coop, the city center is near and the place is super safe! The hosts reply fast and they offered us things more than we expected!",0
26179,40579348,2023-04-03,"The apartment was lovely, the building and neighborhood was awesome. The only thing was that the Wi-Fi was never able to operate at full speed. It took awhile for it to connect and when it eventually did it was super slow. Other than that it was a perfect stay.",1
26271,40580450,2023-02-20,Super nice brand new room in the most beautiful Jugendstil building with both the lake and centre in walking distance.,0
26279,40580450,2023-07-16,"all the amenities were right as the description, the place and the building is beautiful, and the view of the appartment I got it was really lovely. It was a heat wave on Switzerland so the fan was a gift to avoid the extreme temperature. Would definetly reccomend and stay again there!!",0
26333,40582267,2022-05-13,"This clean, modern, and secure efficiency apartment has everything you need for your extended stay in Zürich - including kitchen and bathroom staples. Bathroom is recently renovated; kitchen appliances new. The location is a 7-minute walk to a major train station and less than five minutes to pick up a tram but the city is so wonderfully walkable that you're rarely more than a 15-20 minute walk from wherever you want to go! Several restaurants, two grocery stores, and many shops just steps away from the building but still, the neighborhood is quiet. The host was prompt, clear, and helpful with his communication. You will not be disappointed with this apartment. This is a FABULOUS place to stay!!",0
26354,40582267,2023-08-28,"Perfect for two. The room has plenty of space. The neighborhood is quiet but there was some road work one day and the windows protected well against the noise. On the downside: there is no micro-wave. Maybe it's me ... but I think that the micro-wave is essential. When I go to an Airbnb, I either eat at a restaurant or heat a dish in the micro-wave. The flat has an oven, but that does not do the trick.",1
26386,40582771,2023-07-04,"Christian’s flat was a dedicated Airbnb space and did that job very well. Easy to find and access and very clean. There was a very noisy building site nearby, but the double glazed windows were excellent at keeping the early morning Jack hammering noise out. Great location near to the centre of town and the lake. Recommended",1
26425,40582771,2025-05-19,enjoyed the stay here. the location is awesome. place was quiet and clean. is definitely worth the price we are paying.,0
26457,32295519,2019-08-11,"Very suitable for parent-child tour friends, there are children's room, lego toys, a piano, a garden, and a cute cat with human nature. The kitchen is perfect for cooking at home. It's safe and convenient to park your car in your garage. It's only five to ten minutes' drive from downtown Zurich. The landlord is very friendly and will reply to any questions in time. In a word, this room is especially suitable for those who travel by themselves. It is highly recommended!",0
26460,40728749,2020-10-16,"This is a top-notch apartment perched in a quiet neighborhood about 20 mins walking from the heart of Zurich. Our stay ticked all the boxes. Plenty of natural sunlight in the morning, a great balcony, comfortable bed/couch, high-tech kitchen full of everything you could ask for, and an A+ coffee machine. Michael was incredibly accommodating for us and made the stay a pleasure from start to finish. If I'm ever in Zurich again, I wouldn't hesitate to stay here.",0
26461,40730880,2022-04-06,"Apartment with a special charm located in the quiet street, however very close to the center of ""busy"" neighbourhood Oerlikon. It is located close to the both city center and the airport. You'll find everything you need at Enzo's place for short-term stay. Enzo was very friendly and even left small present for the guest. I enjoyed staying at Enzo's place and would definitely recommend anyone to use the opportunity to rent his place and enjoy true airbnb experience.",0
26468,40770515,2023-07-18,"Central Location. The apartment was stocked with lots of extras like soft drinks, chocolate, and pasta. The construction is very nice but be prepared that the floors are not all level and some doorways are low. This adds to the charm. This is my favorite place to stay in Zurich.",0
26488,32309176,2024-08-22,Lilian’s place was impeccably clean and very comfortable. He gave clear instructions for how to get in when he couldn’t be there due to my delayed flight and graciously offered for me to stay until noon the next day after my long travel day. Would stay again!,0
26489,32309176,2025-05-04,We enjoyed the stay at Lilian‘s place. It was super clean and quiet near the city center and all advertisements. Highly recommend!,0
26505,41543114,2022-08-10,"Amazing apartment and wonderful hosts. The place was beautiful, tidy, clean and the room was very comfortable. We slept like logs. Bert and Kamil are wonderful people and really did everything to make us feel right at home. Their dog is the sweetest and added even more amazingness to an already perfect stay. We would really like to recommend this Airbnb and we will definitely be staying here again when returning to Zürich.",0
26579,41543114,2023-12-09,"Bert and Kamil are amazingly sweet and welcoming hosts! We absolutely loved staying with both of them. We only stayed one night and they made us feel right at home, and the breakfast is such a sweet treat! Their home is beautiful with lovely views of the city and easy to walk everywhere. Can't wait to stay with them again for our next visit!",0
26600,32346655,2020-02-07,We originally booked a separate place with Tania and we were offered this listing due to flood damage on the other. Great location and Tania was really helpful with our questions when we arrived. There was some noise from the upstairs apartment (footsteps etc) but these tended to stop before we went to sleep.,1
26601,32346655,2020-02-21,"The flat is in a great location and is beautifully clean with all the necessary amenities. The local supermarket is conveniently close, the public transport system is easily accessible and the wonderful lake promenade is two mins away. We thoroughly enjoyed our stay and love Zurich! We'll be back!",0
26742,32379048,2019-07-28,"Great pleace to stay, but not for a first time on airbnb. Sandra has very clear that is her own property and only travellers that knows how to behave will felt comfortable here. Public transport connection is very good, the place is nice and fresh in summer (I could sleep every night this days with almost 40 degrees during the day) but there is nothing around. Nearby supermarket is 800 meters away. Is a great place to disconnect if you go for work the whole day. Thanks Sandra for hosting me!",1
26749,41704969,2022-10-20,Chris was accomodating and gave us all information needed in a timely manner. The location made it convenient for working at the Zurich Uni. Recommended :),0
26754,41779957,2024-05-10,"Karen is an awesome host and is always responsive! The location of the place is also great, with multiple busses within 2 mins of the building. There is also a mall within walking distance, making shopping super easy. Overall, highly recommended and great price compared to nearby hotels.",0
26770,43454703,2023-04-23,"Amazing place!!! We really appreciate the place. Well located, but a little noisy during the night because you hear trains! I recommend the place and the host is very nice!",1
26779,41779957,2026-06-01,Karen was a great host!! The place was cozy and much more comfortable than a hotel. Would recommend to anyone visiting the area!,0
26782,41872839,2021-09-27,"Great location, great price, close to everything, clean, with an amazing of the river view. Small but good for one person. A little loud at night with people outside but I would stay again. Host were friendly and communicated well. Easy process",1
26783,41872839,2022-01-28,"I love this place! The location is ideal, the room and common areas are clean and well appointed and everyone who works here is wonderful! It’s really nice having the common areas, especially the wine bar, to meet up with other travelers. I will definitely be back next time I’m in Zurich.",0
26792,41918857,2022-09-03,Very good place. Only the bathroom that is super small and there's no light when you take the shower. It's super strange. But the place itself is good and very clean. The reception is good and people are friendly! I recommend this place! :-),1
26816,41918857,2025-10-14,"We had a great stay at Krone’s Pop Up Hotel. We actually have stayed a second time, but booked directly on their website. The space is tidy, comfortable and organized. There is a front desk agent at select hours throughout the day (check in and check out). There were Nespresso pods for the morning, which was a nice touch. The bathrooms and showers at this property are communal, but there was always one available when needed and they were very clean - there is a sink and mirror in each room, as well. Overall, this was the perfect space for our stay. The neighborhood was just what we needed, and extremely walkable.",0
26857,41918871,2022-08-11,Unfortunately I cancelled so I haven't seen the room itself. But the employees were really kind and understanding towards my situation. The contact was polite and quick and thus they received these 5 stars from me.,0
26913,41918871,2025-12-30,"Staying at Krone feels like staying more in a dormitory than a hotel - especially if like me your bathroom is shared. I do not mean that as a complaint - the facilities were well-maintained , and the room - while not decadently outfitted - had a simplicity which I quite enjoyed. The room is heated, but comes which a portable heater just in case. Concierge was efficient, and the location is ideal. Admittedly, I did not myself use any of the “hip” (while not fancy) amenities or shared spaces the building had to offer - but they are there! Zürich was wonderful, and I hope to venture a return one day!",0
26979,42013211,2023-06-10,"We enjoyed Sandra’s beautiful apartment so much! The check in was very easy, she and her partner kindly greeted us and provided wonderful hospitality. There was even a jar of home made kiwi jam (delicious!) The apartment was the same as the photos and very clean. Her garden is pristine and we were able to enjoy breakfast in the cute patio chairs. It was walkable to the station. Couldn’t have asked for a better experience!",0
26982,43480808,2025-05-11,"It was a nice stay, everything was as described. Nice host. The listing mentioned that we cannot use sofa in living room which is ok but the sofa takes up majority of living room making it unusable, so for a relaxed seating the only place remains is bedroom. It was complete peace and close to tram station.",1
27009,42013211,2024-12-13,"We enjoyed our stay at Sandra's place. It was in an excellent location and very close to transport links. The flat was warm and welcoming with some lovely touches by Sandra, including a lovely kiwi jam made with fruit from her garden. Thoroughly recommended.",0
27033,42087812,2021-04-13,"Fantastic, nicely furnished, new apartment at a great and quiet location in Zurich. Great hospitality and communication with José. Also, the bed is very comfortable!",0
27034,42087812,2021-05-24,"Amazing apartment, nice and clean, very comfy and perfectly located. The host was easy to reach and friendly. I can only recommend.",0
27045,43480808,2025-07-08,"The apartment is in a convenient location, close to a tram station and easily accessible from airport. The location itself is very beautiful. It is a well kept and maintained apartment with ample kitchen facilities. Micheal was a great host. He was very responsive to all our questions and concerns. He gave very clear replies. Check in was smooth and so was check out. Would definitely recommend this place.",0
27067,42088383,2021-05-29,"In general, its pretty good. The draining system was not functioning properly but they are working on it. A few drawbacks were:the bathroom and the size. The size was a bit smaller than expected. And the bathroom design makes it easy to make the whole bathroom wet. Considering all aspects, its pretty nice for a short stay",1
27082,43506588,2025-05-15,Very secure and quiet place. Easy tram to HB. Thomas is a great host. He is able to bring suggestions for a good sightseeing in the city. I will come back to Thomas' place at any time I return to Zurich.,0
27088,43506588,2025-07-24,Thomas is a kind and attentive host. The room is large and functional.,0
27097,42130984,2021-05-03,"Super nice place to stay. Good location (walking distance to the lake, supermarket, bakery, a good pizza place). Both the kitchen and the bath room are very well equipped and the bed is one of the most comfortable ones I‘ve ever slept in.",0
27100,42130984,2025-01-02,"As a host, they had left all our requests at home before we arrived (such as a high chair). They even left a water bowl and a welcome snack for our dog. Since we had a baby and the weather was very cold at the time we went, this caused the inside of the house to be colder than it should have been for a baby. However, the hosts responded to our request for a portable heater immediately and provided us with one right away. Due to the location of the house and the extremely good approach of the owners, I definitely recommend this place to anyone who is considering it.",1
27103,42218576,2020-12-08,"Had an amazing stay! Clean and nice rooms, friendly people and the only minus is the pricy parking for 20 CHF a night but besides that I highly recommend.",1
27142,43545390,2022-07-15,"Irina is very responsive and knows the area very well so she can offer good places to eat and activities to do. As a bonus, she accommodated my later checkout time which I really appreciated. Would highly recommend!",0
27164,43545390,2023-06-18,"Irina's place is the closest you can be to the train station, and the tram station can't be nearer. It is literally at the door step. The bed is large enough for 2 adults and a small child. Irina is a great host, very friendly and always available for any queries.",0
27188,42218576,2023-01-04,"Place was okay, had a situation with the sheets having stains of blood. Communicated it to front desk and said it would be taken cared off however by the third day which is when they clean ( didn’t like that) the sheets were not changed just folded and put back on the bed even though they were put aside.",1
27195,42240657,2022-10-17,"We enjoyed our stay in THE FLAG Zürich. The check in and check out went smoothly and they were very helpful and responsive. The apartment was very clean and nice, we enjoyed drinking coffee and tea that the provide. Downstairs there’s free coffee for guests 👍🏻 thank you",0
27198,42243057,2021-05-31,Miserable experience!! There is no curtains on the windows and shared rooftop with other rooms. Someone was looking in at me at 1:30 am on the rooftop trying to open the locked sliding glass door. I didn't feel safe in the safest country in the world and left to stay at the Marriott at 2:00 am. When I left this place the security was at the bottom of the floor with the women guard walking around and I left in a uber. Very frustrating stay and not very clean.,1
27236,42443181,2024-10-23,"Cozy small apartment. It was clean and the host was nice and she left little treats for breakfast as well. Pretty accessible by public transit. The only con for me was that it was on the third floor and I had a huge heavy luggage that I struggled with getting up and down the stairs as a petite woman, but that was specific to my situation and not something bad about the place. Just to keep in mind if you’re travelling with a lot of luggage.",1
27264,42443181,2026-03-01,"We had a great stay at Alessia’s flat. It’s beautiful, clean, and has all the necessary amenities. The check-in and check-out were fast and easy. Communication with Alessia was great - she responded quickly and provided us with local recommendations. I highly recommend staying here!",0
27266,42580336,2023-12-06,"Great place to stay in the quiet part of Zurich, easy to check in, host is very responsive and always helps, highly recommended!",0
27292,43676444,2023-09-19,The place was clean and nice. It felt like home. There are various public transport options from the place and you can get to the train stations pretty easily. The neighborhood is lively but not loud. Rene communicated very well.,0
27299,43676444,2024-06-30,"Rene's place was perfect for my needs. Additionally, Rene's hospitality and communication was second to none. Very flexible at any level. Location is perfect 10 mins from the airport and really close to public transport to get anywhere as public transport in Zurich is unbelievable reliable and takes you anywhere.",0
27313,42748334,2021-09-09,"Ramona's apartment was beautiful! It was very spacious, clean, had a full kitchen (if needed) and she had awesome plants growing on the balcony and in the apartment. We had a great stay and Ramona was responsive and even gave us great tips even though she was out of town! I would highly recommend this listing.",0
27317,42803662,2022-09-11,"This cozy and extremely luminous apartment is in the best area of the city! At 2 steps from banhof str. , limat and in the real heart of zurich! We’ll surely return! arik was an excellent host!!!",0
27330,42803662,2025-10-07,"Location was really great, central to many things. Transportation was easy. Good sized and comfortable bed. Up two floors but there is an elevator. Relatively quiet despite the shopping around, at night very quiet, no disturbances at all.",0
27349,43683848,2023-11-27,"We had a very nice stay at Daniel’s flat. The description and pictures accurately represented the flat. It was clean and had everything we needed. The flat is located in a quiet and safe neighborhood, yet is only around 10-15 from the city centre by train and/or tram. Daniel was very friendly and responsive. Thank you Daniel for our nice stay in Zurich",0
27351,43683848,2024-07-10,"Comfortable little apartment in a very cute neighborhood (very residential) with a great grocery store. When we arrived, there was only enough bedding/pillows/towels for one person. We did eventually find more in the closet. Daniel was flexible with check in and the apartment is convenient to public transit and the city center (a 15 min train away).",1
27358,43790602,2023-06-14,"Great place! Keep in mind that it's up multiple flights of stairs (no lift) and above a bar which is great for an end of night beer, but a bit loud with the windows open.",1
27362,43790602,2025-06-01,"Absolutely lovely central location in the Old Town. With a couple of extra touches like coffee pods that fit the machine and sugar etc it could be outstanding. Marie did accept a late booking from us so maybe that could explain this , but the accommodation was running very low on toilet paper (we ran out) and had no garbage bags.",1
27365,43863916,2020-06-28,"The flat was lovely and perfect for our trip. It's located close to two tram stops and easy to get to from the city. It was nicely decorated and very clean, the bed was comfy, and the bathroom nice. We didn't cook at all but the kitchen was also well equipped. Selina the host was excellent at communicating with us about the trip, entry into the appartment etc... and even left a Zürich book on the table to help us find fun things to do for the weekend.",0
27383,43093051,2025-09-20,"Great location, close to the action and restaurants. AC was not working but they did bring us an extra fan for the evening and fortunately it cooled down a bit more at night and we opened the windows. The room was a bit too small for 2 people, for 2 nights but we made it work! That’s the only reason why I wouldn’t give it 5 stars. Location and everything else was great!",1
27384,43093051,2025-10-24,Highly recommend Hotel Alexander! The staff was great and their flexibility to check in was amazing! We arrived at 9am and they still allowed us to check in free of charge which was a life savor! The location is great very close to bars and restaurants. However the outside can be loud but with the windows closed it’s not bad at all!,1
27390,43093457,2022-09-11,The place is small and clean. Overall is a good and is near the station.,0
27396,43863916,2023-07-03,"We had a lovely stay at Selina’s apartment. The bed was comfy, the place was clean and it had everything we needed. Sleina was a welcoming and kind hostess and her dog was super cute. It is close to Limmat where we took a swim and close to public transport. Would highly recommend this apartment.",0
27405,43093457,2024-04-13,"A little confusing since the check in location and actual Airbnb are separate but the staff were helpful. Great location, super walkable to everything yet the room was quiet. The only thing was the room smelled like it had been painted recently and it was a little overpowering.",1
27419,43129826,2025-06-15,"This hotel offers an ideal location for a trip to Zurich, as it’s conveniently situated within walking of everything. There was a minor issue with the air conditioning, which wasn’t strong enough on the highest setting due to the heat. The front desk informed us that this problem affected a few rooms, but unfortunately, there were no fans available. Since we only stayed for a single night, the A/C didn’t pose a significant problem, and the temperature eventually cooled down. Overall, I recommend this Airbnb!",1
27420,43130528,2022-03-13,"Decent place, good location. Small rooms, complimentary mini bar drinks which was nice. WIFI was weak, which was the main reason I went. Clean rooms, ok shower, hospitality varies, some super nice and take the time to help, others just Swiss nice. All in all an ok experience, not great but definitely not bad",1
27422,43960977,2021-04-11,"Gian was a great host. Communicative, informative, and straight-forward! The stay overall was very pleasant, and exactly matching his description.",0
27425,43960977,2022-04-30,"Gian is an excellent host. He is highly communicative and made sure that I had a comfortable stay. I felt his hospitality even before arriving at his place. Smooth self check-in, apartment is clean and has everything that is required to feel at home. Location is just PERFECT, extremely central. I enjoyed watching the happeningS on the road from the window. I'm definitely going back.",0
27427,44044459,2025-11-04,"This was a great stay, 5 minute walk to the tram that is very accessible. Stephanie was very nice and very responsive when we had concerns! This apartment is an Attic style, so it is not very tall friendly however it was very spacious and comfortable.",1
27438,43130528,2024-08-27,All the staff were so very friendly and helpful. Breakfast was excellent. Really enjoyed staying and being in the Old Town of Zurich is a great location with lots of atmosphere. I definitely would come back again.,0
27447,43144750,2022-07-17,"Good location and easy check in. Free coffee in the lobby was very nice. However the unit smelled VERY strongly of something like men’s cologne, like they were masking a smoking smell or something. There were also hairs on one of the beds. 3 stars for cleanliness.",1
27472,43144750,2024-08-04,"Greats place to stay for few days . Great location , secure and private ! The young guy at the Front Desk “ sorry forgot his name “ is the best . Kind , helpful and super friendly make a difference to our experience . Thank You 🙏",0
27478,44057624,2024-06-05,"Very good stay at this appartment: modern, clean and well situated, I recommand. However pay attention that the quality of the wifi is really low, do not rely on it.",1
27481,44057634,2024-08-18,"The apartment is exactly how described in the add. The only things to have in mind are that there are stairs to get to the building (if you are travelling with small kids you have to carry the buggy). Other than that everything was great. The are with the views of Zurich is very nice but yet you reach the city center in 15 minutes with public transportation. The laundry facilities were very good and always available, which is important if you stay for a longer time. Would recommend this apartment. Thank you Stephanie",1
27501,43146058,2022-03-14,"Good location, hotel which has everything you need, staff super kind. However i do not recommend for light sleepers, the walls are thing and noises are easily spread",1
27512,43146058,2022-09-19,Awesome place … great location .. walking distance from all the attractions and market.,0
27540,44146398,2020-08-08,It was a perfect option for a sleepover in Zurich before going for a hike in the Alps! The flat is super nice and clean. Communication was also perfect.,0
27566,43200807,2023-08-28,"we just stayed for one night, but the stay was really good. Michael has a very pretty house and the check-in was very smooth.",0
27571,43200807,2024-05-18,"We had a great time at Michael’s place. Very clear instructions about how to check-in, usefull tips and Michael was very responsive. The Airbnb is a bit out of the city centre, but there’s a tram stop right in front of the apartment. Would recommend!",1
27605,43212796,2024-10-04,"Reto's apartment was in a fantastic location, a short distance to trams and in walking distance of central Zurich. The apartment was very clean, accessible, had all the amenities I needed. Reto made some fantastic restaurant recommendations. I felt absolutely at home and had a great trip to Zurich. Thanks Reto.",0
27606,43212796,2026-05-18,"This was my second stay at Reto’s place. Beyond the excellent location, walkable to everything, I particularly enjoy the cheerful decor and beautiful art. It was a pleasure to return to this home after long, gray, and rainy days. Reto is charming, proactive, and attentive host who makes you feel at home right away. One detail to be aware of: smoking is permitted in this home, so it may not be suitable to nonsmokers sensitive to cigarette smell. For everyone else, this home is a treasure!",1
27639,44240562,2023-09-02,"This is my third stay at Lisa's place. This speaks for itself: The apartment is bright, spacious, well equipped, clean and near bus/tram, supermarkets, pharmacies etc. The bed is comfy and Lisa is super-helpful and responsive. Thanks, Lisa, would love to come back. Ruth",0
27669,43234382,2023-04-25,Really happy about the place!! it is really close to the city center and the place looks incredible! the hosts are always available for anything at any time.,0
27700,43234382,2024-08-27,"Very nice apartment. Clean and the hosts were very helpful. Parking was expensive at the building but the location was great and very close to public transportation, so it made our time in Zurich very easy. The area it is locates is in a walking mall type area with a grocery store and a gym so it made our lives very easy while we were there. I would recommend staying there for anyone traveling to Zurich",1
27731,44317278,2025-04-20,"We had a great stay—the room was spacious with a lovely balcony, a comfortable bed, large cupboard, house shoes, and an iron. The kitchen was spotless and fully equipped, and the bathroom was clean too. The host kindly allowed us to store a small suitcase before check-in and for some time after check-out, which made exploring the city much easier. The only downside was the uphill walk to the property—it felt like a 15–20 minute hike, which could be tough with heavy luggage. However, it’s well-connected, with a bus/tram stop just 2–3 minutes away.",1
27738,44317278,2025-09-01,This was a great and cozy air bnb for two travelers. They were very considerate about little things such as having an international adapter for charging devices. The only problem was sharing 1 bathroom but everyone was very considerate and there were no issues. We loved the location and also enjoyed the balcony. Overall it was a great stay!,1
27787,43297164,2023-06-27,"Judith’s apartment is set in the perfect location if you want to explore Zürich and it’s surrounding areas. It is extremely easy and convenient to reach the Zürich HB. It is our family’s second stay here and we wish we could stay longer, but unfortunately the apartment was fully booked during the remainder of our holiday in Switzerland. Any family visiting Switzerland would love staying at Judith’s! Highly recommended. We’ll certainly be back.",0
27792,43297164,2023-09-19,We loved our stay in Judith’s home and hope to come and visit again. The only recommendation is fixing the wifi which cut out a number of times during our stay.,1
27828,44345295,2023-09-30,"This Airbnb is in a perfect location and has great amenities. It is supper easy to access old Zurich with the railcar. House keeping comes three times a week to keep the place clean, but the time of day varies between 09:00 and 17:00. Unfortunately, I was disappointed when I arrived, because I expected a different room layout. The photos represent two separate Airbnbs. In addition to the layout, I did not expect to sign a liability waiver, and was expected to arrive at a designated time by the owner.",1
27829,44345295,2023-10-29,"Very responsive, helpful hosts. Cleaning services provided every 2-3 days. The listing photos are of two different rooms. The location is very convenient for public transportation and groceries, and the surrounding area fairly calm and quiet.",1
27833,44446637,2020-10-26,"The host is the best, super nice, responsive and very hospitable. The place is very central, super clean and very handy, everything you is available.",0
27848,43322730,2021-10-14,"A very modern apartment with an interesting layout in a good location. Also easy check-in / check-out. However, there were a few shortcomings: - the apartment is listed as three bedrooms, but one of the bedrooms has no bathroom or other access except through one of the other two. It is really a converted additional livingroom / study - There are 2-3 cm gaps above and below each door and some of the walls, so that there is no internal sound insulation between any of the rooms - A detergent with a strong fragrance was used, which created a strong smell throughout the house and especially in the beds - Additional paperwork to deal with before arrival, which I have not encountered with other hosts",1
27862,43322730,2025-02-23,"We enjoyed our stay! The house is great for 4 people, especially having 2 duvets in each bed was really nice. The area is really close to restaurants and cool cafes, we walked pretty much everywhere. The only thing is we couldn’t find the adaptor for the coffee machine but we sorted out ourselves later (our friend had one). In general are very happy with our stay.",1
27880,45433489,2023-02-28,"The apartment is very nice, just like it is displayed in the pictures. The bathrooms are new, the beds are very comfy. Note that the third bedroom is an open Maiaonette one, this I did not see when checking the pictures . However, with six adults, the living and kitchen area are too small, with four adults and two little kids it is totally fine. Only downside in the kitchen is, that we only had 6 glasses, knives, forks etc. it would’ve been nice to have more. Apart from that, no complaints, I would stay there again!",1
27893,45433489,2024-09-01,"We had a wonderful stay here with my spouse, mom and two teenage kids. The apartment was spacious, was close by transportation to Zurich center, quiet, comfortable beds and the A/C on the top floor was a plus that cooled down the kitchen/living area (although not the bedrooms). The building also has an elevator. The WiFi is a little spotty, but we weren’t here for business so this was fine. EMA was always quick to respond to our queries and we had a great two plus weeks here.",1
27918,45433604,2022-07-05,"I had a wonderful stay in EMA’s studio apartment. It’s in a fantastic location - great and safe neighbourhood, within walking distance of Old Town, cafes, restaurants, supermarkets and shops are close by and public transport is within 3 mins walk too. The apartment is clean, fully equipped and the Wi-Fi was excellent. You are also only 4 mins walk to the lake promenade which is absolutely beautiful, especially during sunset. EMA were great with communication and were very responsive if you had any questions or problems. The added bonus was that the apartment was cleaned and towels were changed every second day. If I’m ever back in Zurich again, I would definitely stay with them again. Thank you for your fantastic hospitality EMA!! 🙏🏼",0
27930,44446637,2024-07-31,"Rafael was such a warm and welcoming host! The place was exactly like the description in the Zurich area. The only downside was the street noise at night, since we had to have our windows open due to no air conditioning. Otherwise everything was great!",1
27959,45433604,2025-07-10,Lovely little apartment. Keep clean and had everything I needed. Walkable to the old town or a quick tram ride. The only downside was no AC on some very hot days and the flat kept its heat so I had to sleep with the fan on. But otherwise I’d definitely recommend the apartment.,1
27967,45433840,2022-04-24,This place is amazing. The views outside is wonderful and the private balcony is next level.,0
27971,45433840,2023-12-05,"My stay at EMA House was incredible from start to finish! The team is extremely communicative from the moment you book. Instructions were very clear. The space was beautiful and clean. Housekeeping was extremely helpful. It was a five star experience! The location is very walkable to the HB station -even in cold weather it wasn’t bad. At the station you can find everything you need from groceries at the co-op grocery store to a pharmacy and since I went in December, the beautiful Christmas market. Everything was open on Sundays, which is also unusual. The views from my room were stunning. I will definitely be back!",0
27991,45525628,2022-09-26,"Host is great and helpful. The house is clean and comfortable, especially the kitchen is well equipped. The location is convenient, just a few mins walk to the Tram station.",0
27994,45525628,2023-10-11,Very clean and modern family sized apartment. Kitchen is fully equipped. Nice and big terrace. Quick response from the team on airbnb chat. Washing machine and dryer available in the apartment. No Air conditioning but there is fans. Bedroom doors has no keys for locking them.,1
28003,45525843,2021-10-14,"Very clean apartment with a beautiful terrace. We checked in with the front desk, who were very helpful and walked us around the apartment. It was well-equipped, including washer/ dryer, bathroom amenities, and a well stocked kitchen. The view from the terrace is amazing (river on one side and hills on the other) and the tram into old town stops right in front of the building. The only thing I would say is that this is not a warm cozy apartment (I was cold for most of the stay) but it is pretty in a minimalist way.",1
28008,45525843,2022-10-14,great location in Zurich. walking distance to main train station and everything else. staff were friendly and the place was clean and as advertised. balcony offered great views. would definitely stay again,0
28014,44601499,2024-08-24,"The apartment exactly as described in the listing and photos are accurate. Peter and Engin are incredibly responsive and helpful. 1 minute walk to grocery store (COOP and local store, which is open on Sunday) and about 2 minutes to the tram lines. Would definitely stay at again. The building has a small elevator, but note you will have to go up about 8 steps from the entrance to the elevator landing. Note the apartment is not air conditioned, but several fans are provided. It was uncomfortably warm on days that were 30C+, but not mu",1
28020,44601499,2025-09-05,"The apartment was excellent and looked even better than in the photos. The room was more spacious than expected and in a great location, only about 100 meters from the tram station and just 7–8 stops from Zürich HB. Both bedrooms offered good privacy. The host decorated the place with great style, and it truly felt like staying in a real Swiss home. We were pleasantly surprised to find a CD player with a large collection of CDs. The bathroom was fully equipped, almost like a 5-star hotel. The host was very attentive and offered quick, personal assistance whenever needed. We would definitely stay here again if traveling as a group of 2–3 people.",0
28050,45526177,2025-06-11,"EMA House was an absolute gem to find on my trip to Switzerland. The apartment was very clean and spacious. Me and family felt right at home. The only point of note is that there isn’t any air conditioning. It can get hot, especially for used to using an AC. However, we were able to open the windows and have a nice breeze flow in. Overall, it was a fantastic stay and I look forward to staying at EMA house again in the future.",1
28067,45526177,2026-06-27,"Great large space that was clean and comfortable. We were there during the heat wave with no a/c (very few places have it), which was a little rough but they had a good fan. Great communication and cleaning every other day if you want it.",1
28088,44658767,2022-09-02,"This is a great property. We stayed a week and found it exactly as advertised. I guess the only downside is the elevator which is a bit small and doesn’t go to the first floor, we struggled to get our baby stroller inside. That said, this was minor; and we would absolutely stay here again.",1
28098,44658767,2023-07-31,"EMA apartment was very spacious and comfortable. Easy walk to the waters edge and a 15-20 minute walk to Main Train station or just get the tram 2 minutes away. Unfortunately the lift was not working when we were there and we were on the 4th floor so getting heavy suitcases up the stairs was a bit of a pain. Otherwise, I would highly recommend EMA House if visiting Zürich.",1
28119,45636577,2023-04-22,We stayed for 3 days in Roland’s place. We chose the area because we had friends who live in Oerlikon. The small apartment was exactly as shown in the photos and extremely clean. Roland was SUPER responsive - within minutes - and addressed a small issue that arose with highest professionalism. We would highly recommend his studio apartment (we are Canadian and that is what we would call his space).,1
28154,45636577,2024-10-15,Roland is helpful . the place is just as like the photo and more . it is clean and close to the supermarket. Highly recommended,0
28206,44724580,2023-09-22,"I was in Zürich for a professional training and the tiny house was a great place to stay at the start of my new adventure. Jürg was friendly, helpful, and always responsive. I enjoyed the garden and the leafy neighborhood that allowed me to have pleasant walks by the river to the city center. The location, place, and host are great for anyone looking for a comfortable start in a new city.",0
28221,45653531,2023-12-02,We loved our stay at Sara's apartment. We had a lot of space and the apartment was very modern. Sara was an extremely friendly and helpful host. Sara was super helpful with helping us locate the parking and checking in. Could not recommend this place more. Thanks Sara!,0
28226,45653531,2024-06-15,We wish we could’ve stayed longer. Very comfortable and easy to get to the Landiweise park. Comfortable bed and cool shower w/good water pressure.,0
28232,45681069,2021-03-02,"Elegant and stylish studio which had everything I needed, dishwasher, fridge and freezer, hair dryer, iron and board, equipped kitchenette. It has everything to offer peace of mind during your stay. Unfortunately I couldn't stay longer due to logistical reasons, but I would love to go back again if the circumstances change. The self-check-in process was also very smooth, José and Dijana were both very nice and responsive during our communication. Thanks again for having me over.",0
28251,45273502,2022-08-02,The location is great! It’s about a 20min walk along the lake into the city. The apartment is super clean. The room is big and there was no problems with sharing kitchen and bathroom with the host. The only thing is that there are a lot of dog hair on the bed linen and towels which didn’t bother us (because her dog is super cute) but might be an issue for other people. Marissa is nice and we really enjoyed our stay.,1
28256,45273502,2022-10-13,Great location - so close to lake and easy to reach the city. Very good value in expensive city! Unfortunately there are currently roadworks on the road outside that start very loudly before 7am! Would recommend this place for those who are comfortable sharing a flat with a dog.,1
28292,45321292,2024-08-16,"Amazing flat, close to the sea! Dimi is very helpful and always contactable!",0
28298,45321292,2025-02-07,The apartment was clean and as described in the listing. lot of restaurants and cafes in the are. supermarket is 5mins walk. Overall our stay was pleasant.,0
28305,45432677,2023-05-26,We had an excellent stay on our visit to Zurich. The staff were very flexible for check-in while we figured out trains on our way into the city and the unit was great. The location was very useful for getting out to explore the city. We have moved on to our next city on a tour of Europe and we already miss EMA House!,0
28306,45701656,2022-02-25,A lovely little place located right at the heart of Zurich. The room is modern and furnished well and was also very well-stocked. I would highly recommend for anyone travelling in a group of 1-2!,0
28308,45701656,2022-03-20,"José-Luis was reactive, the appartment was clean, well located and really well equiped. The only inconvenience was the noise outside during the night.",1
28342,45432677,2023-08-12,"We had a great stay at EMA House, everything was as expected and better in our views. We are a family with a 5 months old, we were afraid of travelling with our daughter but the apartment was great that we didn't have any issues. The location is amazing, walkable distance to Zurich attractions, close to groceries and restaurants in the surroundings. The apartment was very clean and looked brand new. We would definitely consider EMA House again in the future if we are visiting Zurich again.",0
28454,45432996,2022-11-12,"A nice, clean, conveniently located apartment near downtown, old Zurich. The kitchen was nice, as were the washer/dryer (located in one of the two bathrooms), and it was nice to be on the top floor, with a large balcony. The only things we would have preferred are that the second bedroom/sleeping space had its own door versus having to pull doors out of the walls, and that the second bedroom's two twin beds were equal heights. Otherwise, a well equipped spot. We would stay here again, given the opportunity.",1
28464,45432996,2023-09-07,"The condo was clean, comfortable and conveniently located. We loved the decks!",0
28529,45433216,2022-08-14,"Great Airbnb, practically a hotel! Cleaning every other day if you wish. Communication was great - was able to ask things throughout my stay and they responded quickly. In a more residential area so it was nice and quite but also a quick 15 mins slow walk to the train station. Only issue we had was with the shower drainage when using the ceiling shower however we did not inform EMA house of our issues during our short stay. I'm sure they would have remedied the issue quickly if we had. Would definitely stay again and recommend!",1
28537,45433216,2022-12-29,"Great location, very clean space, awesome transit options, great hosts. I can imagine living in Zurich in this space. I arrived on Christmas, and the hosts were available to let me check in early, super responsive upon my arrival. However, it being Christmas, they were short on labor and asked whether it would be ok to opt out of service for a couple of days (service is normally only every other day). That was fine for us--the only thing we later realized we missed was that the room only had 2 sets of towels for 3 people. We made do -- never did get the third set of towels. Still, we enjoyed our stay and would definitely return.",1
28592,45764126,2021-09-04,"This small studio is very well located for exploring downtown Zürich. The apartment was very clean and has microwave, fridge, coffee maker, tea kettle, and a very nice shower. It’s small but comfortable for a short stay. For more than one person it might get tight for a longer stay. Check-in was a bit confusing for those not familiar with the Nuki process. We were only here on a Friday night and it was quite noisy as there were groups of people gathering to party just under the apartment on the street level alcove. But the windows help a bit with muffling noise and we had a comfortable enough sleep for an early flight next morning.",1
28635,45433374,2022-07-08,"We had an excellent stay. Our unit was two blocks from the service desk, and they were a great help. The unit is in a great location and walkable, and the tram stop is two blocks - very convenient, especially when you have to go uphill. Highly recommended.",0
28655,45764126,2022-04-17,Sonia’s listing was very clean and in a prime location. The only thing I’ll mention is that it can get a little noisy given its proximity to the bars. Communication was perfect!,1
28671,45433374,2023-05-29,Overall our stay in Zurich at the EMA house was very comfortable enjoyable and up to our expectations..,0
28874,45766108,2023-07-18,"Jose's team is very responsive, I don't have to wait for more than 5 mins for a response. The apartment feels brand new, quality branded (Miele) kitchen equipment, washing machine, dryer, vacuum cleaner etc. Tastefully decorating and extremely pleasing. Very quiet area, easily located and very convenient as the tram stop is nearby. Only 9 mins to Zurich HB and the tram is very frequent. Full set of kitchen ware for cooking. Overall, this apartment is much better than hotel rooms, and even my own residence! Only consideration for the host, is about the lack of instructions to access English TV channels or movies. We tried and gave up watching TV even we got back to the apartment. There are no air conditioning in the apartment, but fans are provided when we requested them.",1
28882,45870795,2021-09-25,"Great place. Sunny, quiet, stylish, well equipped and with a nice balcony. I had a blast. It’s close to the big park by the lake which is very beautiful and has nice restaurants. It takes about 20-30 minutes walking to get to the city center though, but for me it was not a big deal.",1
28887,45887289,2021-08-14,"Great apartment , super host with accurate and fast responses to questions. Thanks so much for the place ! Made our stay in Zürich super.",0
28899,48143955,2024-05-05,"Wonderful apartment; Convenient location, 1-minute walk to the tram heading to the city center. Clean and comfortable room, fully equipped kitchen and bathroom. Wi is a friendly and welcoming person; we had a great time. Staying here is a great choice if you want to truly understand life in Zurich. Highly recommended.",0
28907,45920313,2022-12-07,"This place is a great little hideaway for Zürich. The location is awesome and easily walkable. The walk from the train was no more than 10 minutes and Christian was great with giving clear check in instructions. The apartment is smaller than the photos show, but great if you are just looking for a place to sleep after a day of adventuring. The only reason I give it a 4/5 is because the bed was pretty broken in and difficult for my husband and I to share for that reason.",1
28931,48143955,2025-03-15,"Overall, I liked the place, it was really worth the money. The location is nice - close to train station and tram stop. It is also close to the walking path along Limmat river. The room itself was pretty clean, maybe a bit small. But there was everything you needed. Maybe some hangers for the clothes would be nice. Wi is a great host, always there to help you.",1
28948,45920313,2024-07-22,"Really enjoyed our stay at Christian Robert’s flat. Christian was an extremely good host, answering questions quickly and accurately - a massive thank you to Christian who also let us check in early!! This flat is in the perfect location and is at the heart of the Old Town. The flat is a walkable distance to all local tourist spots including lake Zurich and the Lindenhoff view point. The only reason we gave 4/5 stars is due to the cleanliness of the flat. The flat was very dusty & could do with a good scrub - however this is the most reasonable priced flat in the area. There is cooking equipment available, working fridge & iron. Overall, happy with our stay and would come again.",1
28961,46019912,2022-08-15,"Great flat in perfect location. I spent a long weekend in Zurich and had a great time walking to restaurants and bars in the area. The flat is well appointed, but as noted in the post doesn't have a ton of items for home cooking. So make sure to wander out and try some of the cafes nearby!",1
28962,46019912,2022-09-03,"Overall a great place to stay. Very easy to walk from and super close to the train. It’s def a basic studio, not mich to it, but a good value. Host was responsive. Ideally like to have more bath towels provided.",1
28986,46059525,2021-02-16,Very pleased with the place and will definitely be using again when we return for future projects.,0
29005,49102259,2023-10-18,"The place was very nice and it had a homely feel. Carlos was very responsive and friendly. The only downside was that the wifi didn't work as there was problem with the provider, however Carlos made up it.",1
29006,49102259,2024-07-14,"Carlos was the best host I've ever stayed with! Super responsive at all hours, friendly and proactive. His place felt like a home away from home - the whole experience is the way airbnb used to be and should always be. Considering that I came during The Eras Tour, pricing was sensible. Thank you Carlos, hope to come stay again!!",0
29007,49201447,2022-01-05,"This is an excellent, large, one bedroom flat to spend some time in Zurich. The location is very good--it allows you to walk everywhere and there is a small gym next door that was also wonderful and kept my busy during this stay in the Winter. The quality of the flat including the bed, kitchen, and everything else is excellent. Host and his housekeeper kind, generous, and friendly to interact with. I will be coming back.",0
29009,49201447,2023-01-03,"Konstantin was an amazing host! Location and the actual apartment itself was just incredible. It had everything necessary for the most enjoyable 9 day stay, ever. Check-in and check-out times were flexible and Konstantin was extremely responsive and helpful around everything needed. 10/10 - I’m looking forward to my next stay in Zürich!",0
29054,49500112,2021-11-28,"Rakhal’s place was amazing. It was outside of the downtown area of Zurich, but the location was perfect because it was steps away from a bus stop. Public transportation was so easy in the city! The apartment was huge and was perfect for our family. The pictures do not do this place justice. It was the best landing spot for our family in Zurich.",0
29057,49500654,2022-05-27,"Everything was perfect - great communication and tips before arriving, everything went smoothly organisation-wise! The apartment itself is great - spacious, lots of light, includes everything you could need. The roof balcony is incredible, gets the sun all day long and plenty of space up there to enjoy the views! I stayed for a month and worked from the apartment, it was the perfect second home for my time in Zurich. Great location with parks, bars, restaurants and nice squares nearby, as well as the river and train station!",0
29071,46215566,2023-12-11,"Rossana's apartments at Badenerstrasse 414 are ideal for a short to medium term work stay in Zurich. The location is convenient (close enough to walk to the city centre in 30 minutes, or a short tram or cycle ride) but also close to Uetliberg for a hike. the flat is kept clean, the laundry facilities are very useful (remember to take CHF coins...) but the main stand out selling point of this apartment is Rossana herself who is very communicative, endlessly helpful and very friendly. I would definitely recommend to either holidaymakers or business travellers.",0
29080,46215566,2024-08-19,"Had a comfortable stay. Wifi worked well for remote work and video calls. Despite the hot weather, having the windows open and the fan helped. Just a few minutes walk to grocery stores and trams/buses. The only small downside is the shower temperature fluctuates between warm and cold. Otherwise, recommended!",1
29096,46334838,2021-05-06,"I stayed for nearly 4 weeks, and this beautiful apartment was an excellent place to use as a home base while arranging my permanent relocation to Zurich. Augustin was so responsive, answering any messages within a few minutes and arranging solutions very quickly if any issues arose. The apartment is very central, and so easy to get to anywhere by public transport. I had no issues with the noise as the sound isolation in the apartment is excellent, but there were a number of people hanging around outside the building, often Uber Eats drivers, which as a single woman at night I found a little uncomfortable.",1
29109,46334838,2022-05-21,"Great location, close to the main station and well commuted with public transport (bus or tram stations 2 min away), lots of shops and restaurants in less than 2min walk. The host is very responsive and considerate, apartment is clean and spacious with 2 balconies. Perfect stay for the city life experience with night life adventures;) Definitely recommend and looking forward to stay at Au’s flat again",0
29163,49508900,2024-06-02,"The view from the balcony is wonderful, and the location is excellent, close to train and tram stations. However, the house is quite small and old. Some repairs and updates would make it much better.",1
29199,46524637,2021-08-16,"My 2 teenager children and I spend a wonderful time in the appartment. It is spaceous and very elegantly decorated. The kitchen is well equiped. The location is ideal as close to public transport (bus and train) and very close to the lake. We could park the car in the courtyard which was very comfortable. Joseph and his father were wunderful hosts and fast in responding. There is a nice terrace, but without view on the lake. The only downside is that due to its location along the main road, the traffic noice starts early in the morning.",1
29201,49508900,2024-11-01,"Great location with a great view. I travelled for work and this spot was perfect for that. Close to where I needed to be, there was a kitchen and a small desk. Train station with trams to the old town were in front of the house. Check-in and communication were okay. In the building and the room it was very warm. The underfloor heating was set at 23 degrees celcius, which could not be changed. I could, of course, open the doors to the balcony but there is quite some noise outside which makes it inconvenient if you want to sleep or work. If you don’t mind the heat and bring some earplugs you will be fine ;) but overall it was good for my travel alone.",1
29247,46524637,2023-11-06,"Lovely apartment finished to a very high specification. Location is easy to get into the centre of Zurich and easy with a bus stop directly outside. You are sandwiched between the train line and the main road, but the soundproofing is to a very high standard. No complaints.",0
29334,46615115,2023-06-19,"Ina is great! Unfortunately, we didn't have the opportunity to meet but she answered all my messages quickly and kindly. The apartment is in a very calm and quiet neighborhood. There is a bus stop nearby that takes you anywhere in the city quickly. The room is great and spacious! I recommend it to everyone!",0
29342,46615115,2023-10-30,"This is the place to stay if you like quiet and still want to be close to a train station! Ina is very kind, responsive, and even left out pastries for me. Room as advertised-- I appreciate that it had a desk!",0
29364,49527700,2025-06-11,"A nice flat, in a very quiet green area slightly outside the city centre with a direct and fast connection to the city centre by tram. Very clean and well maintained, with the added advantage of a private car park directly in front of the house. Kamil handed us the keys in person and we appreciated his interest and several details, for example the coffee already ground or the body hygiene products. The mattress could be a bit more comfortable, but the absolute quietness made it possible for us to sleep very well. Absolutely recommendable, especially for those who want to retreat to a quiet place after a day of traveling/sightseeing.",1
29378,49527700,2026-06-13,"The apartment was located in a quiet, beautiful neighbour and it was very close to public transportation, which was well connected to the city centre. The apartment was beautiful and clean. Besides, the bedroom has blackout curtains as well as shutters, so if you don’t like getting sunlight in the early morning, it is a plus that we really alpreciated! Kamil was very attentive and responsive, provided local recommendations and even left some delicious cookies on the kitchen counter as a welcome gift. The only negative thing are the bed pillows, which we didn’t find specially comfortable, but apart from that, it was a very pleasant stay. Kamil is a great host! An overall great experience :)",1
29399,46741041,2021-01-17,"We felt almost like at home at Leos place. Beautiful appartment and very spacious. The communication with Léowas easy, he is a great host! We can definitely recommend staying here.",0
29406,46741041,2023-03-02,"Léo's apartment was beautiful. It was a quick trip from Zurich's metro station. I only used the bedroom but the rest of the apartment looked unique and comfortable. The only detail was that the bed was not made when I arrived. Other than that, my stay was great.",1
29412,49685342,2022-07-25,We stayed at Karolina's place for 3 nights and really enjoyed it! The house is spacious and you have everything you need. It was pretty hot in Zürich (about 30-35 gedrees) but the house was cool. We swam every day at Savera Areal. It's also very convinient to reach city centre with the tram. Karolina gave us a lot of information about the city and facilities.,0
29431,47168882,2022-04-18,"Wow!!! Beautifully located in the heart of Zurich, expect to wake up 1 min away from the pristine lake Zurich and welcomed by the soothing yet dreamy sound of the bells of the major Zurich münsters! The apartment has everything you need for a short stay - from kitchen appliances, utensils, to linens and bathroom paraphernalia. I’m still in awe with the location, and how it enabled us to discover the city with tremendous ease. Indulge in walks around town and good restaurants nearby. And, of course, enjoy the fact of having a beautiful lake 1 min away. The communication and check in procedures went smoothly. Finding the house is also not an issue as it is pretty easily identifiable with any maps app. Will come back :)",0
29450,47168882,2024-10-15,Hosts were very responsive and the location was really good - close to a bus stop. The place itself could use more TLC given the cleaning fee and looked much cleaner in the photos. However still was a decent option for those wanting to stay in Zürich and the building had a lift for those who have large luggage.,1
29484,47232398,2022-05-31,"This is in such a great location! On the map, I couldn't tell if it was really close to the city or not, but it's incredibly close to the lake (just a couple of blocks), and then I would walk along the lake the entire way into town!! I just walked everywhere from Maurice's place, but there's also a bus stop very, very close and the buses/trains/public transport are incredible and clean too. This apartment was great: comfortable, clean, close to town, and Maurice was easy to communicate with and get ahold of with any questions.",0
29486,47232398,2022-08-21,"Great appartment, exactly as advertised. The location in Seefeld is hard to beat - very close to tram stops, the lake, shops, and restaurants. The appartment offers all you need: a nice bathroom, cozy bed, small sitting area and a well-equipped kitchen (plus there is an elevator to reach the 3rd floor where the flat is located). Maurice is an excellent host who is very responsive, flexible and just really nice. 10/10 would recommend.",0
29502,47482478,2021-12-26,The check-in was smooth. The place was comfy and location was great. We did enjoy our stay very much. I recommend a stay at Tania's. 🙂,0
29516,47482478,2022-12-11,"Great location, close to public transport, restaurants and super clean! The size of the flat is good and beds very comfortable. We went during a very cold weekend and unfortunately the heating system is maybe not enough powerful or should be checked because it was a little bit cold in the flat. Apart from this, we had a lovely stay and would come again.",1
29551,49728271,2025-03-09,The apartment has a great view ! And We enjoyed seeing the skating rink across the way. yet the building was quiet and in a courtyard. The apartment is spacious and very well laid out. It was nice to have the two bathrooms with a family. The kitchen is great and had everything we needed. The hosts were always available and very responsive. Thank you! We will visit again.,0
29559,49728271,2025-07-02,"The place was clean with all that u needed but my comment is that it’s written it has air conditioning but we found a very small one in one bedroom hardly working and rest of the house doesn’t have which was not as described we chose this place especially for the air conditioner,a little bit far from city center 35:40 minutes by transportation. It was spacious and clean and the kitchen has all the utilities needed only a microwave.",1
29624,49929300,2022-07-15,The apartment is in a great location! 10 minutes walking to the main train station and most local attractions.,0
29646,47557070,2023-04-17,We had a great time at Gerard's place in Zurich. Gerard is quick to respond to all the queries and was very helpful in getting us settled. The place is in prime location surrounded by fantastic restaurants. We even had a great time watching the parade on Sunday which was less than a minute walk from the place. Highly recommended and we will surely stay here if we visit again. Thanks for hosting us.,0
29693,47557070,2024-10-18,"Definitely worth what I paid for. There was no soap and shampoo, and he immediately went and purchased it and brought it over. The area is rough, graffiti everywhere and a cannabis store below the building. He was a great host, and did all he can to accommodate.",1
29791,49942471,2023-07-13,"This listing was attractive and the stay as a whole was pleasant. We (my family) liked the location and accessibility. The apartment was well kept and neatly maintained. I would love to come back and stay here again. The only drawback was, there were additional hidden charges which of course was optional. The listing said it can accommodate 4 pax and a price was quoted. After booking there was a recommendation made to pay additional for sofa bed, for ""comfortable"" stay for the same 4 pax. I raised it with AirBnB, they confirmed that since it is optional, it is my wish to choose to pay. So what happens to the ""comfortable"" aspect for 4 pax ? If I hadn't paid would I have had an ""uncomfortable"" stay?",1
29796,47589979,2024-04-24,Perfect quiet location with an incredible view. Very well connected to Zurich by tram stop just a 3min walk away. Grocery store nearby to stock up on essential food items. Juerg and Valeria were excellent hosts. Very helpful and responsive. The apartment was perfect for our family of 5. We felt so relaxed.,0
29806,47589979,2025-02-23,"It’s a very spacious and quiet apartment with an awesome view and a huge bathroom. The kitchen has everything you need and even more. The instructions are perfectly arranged via a website. We received a freshly baked bread twice during our stay which was very nice. Public transport to the center is very close and goes very often. The forest at the end of the street is a great place for children (and also adults). The only thing we sometimes faced was that when there was a smell in the hallway of the building because of the neighbors cooking, we could smell it in the bathroom. It wasn’t always the most pleasant fragrance.",1
29814,47779546,2022-06-01,Catherine's apartment is very clean and she's a super friendly host. I had a great stay and particularly enjoyed the closeness to the lake.,0
29817,47779546,2023-09-08,I had a really pleasant stay in Zurich. Easy to find location close to the train station and the lake. Very pleasant neighbourhood.,0
29840,47975721,2021-08-22,Great location. Modern apartment and good set-up with lots of small touches. Communication and check in excellent. Manoel is super friendly and offering help and advice. Very clean and bathroom is new. There is however humidity and smell of damp in the apartment and despite the dehumidifier and dyson air fan there! Anyone with allergies or conscious about smell you would need to consider this well!,1
29874,47975721,2022-10-04,"This was without a doubt the best Airbnb I've stayed in. It was clean, very comfortable, quiet, and had so many thoughtful touches. If you're reading this review just go ahead and book now!",0
29970,49942471,2025-10-04,"We enjoyed our stay. The hosts were very accommodating especially with having a young child. However, Friday night it was very loud, and there was a lot of smoke coming in from the bar. This should be made known if you have young kids especially if you are traveling abroad. We did enjoy the location, it was very walkable and train-able.",1
29977,49981984,2021-07-16,"House is exactly as described. Our 2 kids loved the garden to play in, we enjoyed the fresh herbs, the spacious and bright rooms and the convenient location just on the outskirts of Zurich center.",0
29997,48022066,2021-10-02,"Our time at Josephine’s - and in Zurich - was too short and we’ll definitely be coming back. We didn’t realize how busy the neighborhood was, so the complimentary ear plugs came in handy, but the space was clean and felt super safe. Definitely recommend!",1
30011,48022066,2022-06-06,"We enjoyed our stay here a lot. It was very clean and comfortable. The entire place was clean and organized including the common areas. Reception is not 24x7, however, there is a contact number provided that will respond immediately and is also very accomodating. Location is also a plus and near Zurich HB station.",1
30052,50050472,2024-01-05,"Amazing cozy room right in the middle of Altstadt Zurich. The location could not be better. The room is small but it has everything you need. The bathroom is great and modern, the kitchen is also just enough. Last but not least, Peter is an amazing person, he cares about his guests and he is very interested to talk to. Definetly recommend 👌 👏",0
30072,50050472,2025-10-20,"I had a lovely stay at Peter’s place with my seven year old son .. the highlights : it was cozy, felt extremely safe, quiet and peaceful - the shower is A+ amazing and Peter was a very sweet and responsive host. The only drawback for us was the bed which is exactly as pictured (so there was no surprise there) but it is definitely too small for two people !! Even two small people. That said, we still had a great time. The neighborhood is the perfect place be in Zurich for a few days. Thanks Peter !!",1
30126,50131257,2024-10-29,"Great place to stay, cute and small studio perfect for one person or a couple and very close to the bus stops. Efficient stay. Note, there is no stove so you won’t be able to cook but there is microwave and blender and fridge.",1
30127,50131257,2025-01-01,"Great place to stay in an accessible area of the city. You are able to get a bus/tram and get to the city center in about 6/7 minutes. The host was very responsive and helpful, always offering tips of what to do in Switzerland. Would definitely recommend!",0
30146,48022280,2022-08-23,"The room perfectly fits one person, women only makes me feel safe. Room looks perfect, small but all needed facilities are included. 2 things that can be improved are checkin and cleaning. Host sent the wrong password, but host didn’t respond me for 1 day after I messaged. I waited outside for 1 hour before I figured out the correct password myself. As for cleaning, I hang the tag outside before 11am but the room was not cleaned. Hope this can be improved. Over all it’s a quite good place to stay and close to the center. Recommend!",1
30152,50203904,2022-09-12,"Very cute and clean small studio, great for 1 person. For 2, its a bit cramped. You have to clamber out of the bed unless you climb over your partner - fine if you're a kid I guess. Great location, very quiet. Our host Nathalie was great, always available in real time.",1
30160,50219755,2021-08-03,"Stayed at Silvan's place for about 1 week and can highly recommend. The apartment had everything we needed to self cater ourselves and it is located in a pleasant central neighborhood. Perfect to explore Zürich and surroundings. The host, Silvan, was friendly, accomodating and always fast to respond to our questions.",0
30164,48022280,2023-01-05,"Fantastic place! Highly recommend, close walk to the central train station and the city center. Ended up walking everywhere, however if you would like to take the tram, the closest stop was less than a minute away. Also has a Starbucks nearby which was great. Quiet and safe area, highly recommend for any other solo female travelers!",0
30187,50521276,2021-07-10,"Adhuirm was very nice and super responsive. Just as described, a small, clean and simple apartment in a friendly residential neighbourhood and very near to the airport and HBF. However, the bed sizes were very small (especially in the living room, and only one adult can sleep) but still highly recommended for maximum 3 people.",1
30194,51140947,2021-08-29,"the room is very nice and has a small but nice private bathroom. you can enjoy a beautiful view over the city of Zurich. the apartment is clean and tidy. The only disadvantage is the position. the apartment is not close to the center and the last bus to reach it ends at 19:00. so if you don't want to hike up a very steep climb, you will have to opt for a taxi after that time. friendly and helpful staff",1
30196,51140947,2021-10-04,"We liked that the accommodation was situated away from the centre, yet still accessible. The kitchenette and bathroom were great, they also included an ironing board which was super handy. The floor was unfortunately a bit sticky, so it would have been good to have some cleaning products for those staying a few nights. The whole complex also had a bit of a strange smell. But in general, everyone staying there seemed nice and it was affordable compared to most other places in Zurich. I would recommend it for the more budget conscious traveller.",1
30203,51141201,2021-08-18,"The studio is as described. Everything was very clean and it was in a very calm neighbourhood. In terms of price/quality, I think the place is great. Be aware that the studio is not that close to the centre, so be ready to walk a lot or pay for public transport.",1
30217,50618312,2022-10-20,Martin was an amazing host. He responded quite quickly to all my queries even after checking in. The room was spacious and exactly as shown in the pictures. The check-in and check-out process was smooth as well. I would definitely come back here when in Zurich.,0
30221,50618312,2024-01-01,I had a lovely stay at Martins place. He is a very responsive host. The apartment was incredibly clean and made you feel right at home!,0
30231,51141201,2022-03-19,"The location is good, it's outside the city and one has to take the train (S10) to Schwabstrasse and then take the bus 73 that doesn't appear on google maps suggestions. The walk uphill is wonderful and there are beautiful landscapes when you go for a walk. While the location is great, unfortunately the stay wasn't so much. It was cold and the blanket provided was not big enough for two people, they mentioned that there isn't one more available. If the property is supposed to host two people, there should be enough resources available to host that many. Also, according to me the whole point of Airbnb is that the host interacts with the visitors and help them with the suggestions that a local would know better, in this case, there was absolutely no such interaction.",1
30247,51159237,2023-08-02,"Simone was extremely helpful and very accommodating throughout our stay. It was me, my wife, our baby, and our dogs, so it was a lot to manage - but Simone made sure that everything was stress free during check-in and out. The apartment itself was super clean and modern. Perfect for our needs. Highly recommended.",0
30254,50677733,2025-08-28,"The Airbnb was located in a good place closer to the public transport. The big issue for me was it was not worth the price we paid for. The bed was very uncomfortable - it was a sofa bed which has partitions in odd areas and was painful to sleep on, both me and my partner woke up with a back pain - that being the biggest and the only pain point. Would recommend placing a full mattress instead. Besides that Kora was very communicative and the place was squeaky clean.",1
30258,51159237,2024-07-11,"Great location for us and very nice and clean apartment. It has 2 beds/bedrooms and a couch so we were a little compressed for 5 people. We came from the United States and selected this place because it listed central air conditioning. It did not have that by our definition, no thermostat even, and it was very hot the whole time. Unfortunately there was a heat wave, and we could not cool down the apartment, which made it hard to sleep. Either way, we enjoyed our stay, and Simone was extremely responsive.",1
30262,51160498,2021-09-04,"Our stay was good overall. The place was clean except for a couple small things I noticed. The wifi was good, but it required both a password and an SMS verification code. We didn't have international cell coverage, so we weren't able to connect on our own, but luckily our host was able to provide a verification code for us to get connected. The airbnb is conveniently located right by a bus stop, but unfortunately the bus that goes there is small and doesn't seem to stop there very often. We walked to dinner one night, and it was a pretty long walk because the area around the airbnb didn't have any restaurants. Plus, the return walk from the restaurant was all uphill, so keep that in mind when thinking about the location.",1
30268,51160498,2021-11-30,"We liked the location of the accommodation, but it‘s more a hotel than an airbnb, and unfortunately we couldn’t enjoy our staying in Zürich because of the very inflexible checkin hours - we tried to ask the host kindly to offer us an option so we could checkin earlier or later than the given hours, but the answer was unfriendly and unhelpful, in the end. The person who welcomed us at the „hotel“ was very friendly and professional. Another minus is that we didn’t have hot or warm water in the morning, at all, until 11am when we left the place. The place was clean, but then again, it was a hotel room. 😊",1
30270,51161193,2021-08-12,The place was beautifully located in a quiet neighborhood. It had a few nearby trails that one can go out on for a walk. The room was clean and tidy with all necessities like cooking utensils that one may need for longer stays. The host was very accommodating and helpful. I would book this place again in a blink of an eye.,0
30272,50691075,2022-10-07,"Nice apartment and located close to many restaurants and cafes. Be prepared to walk up stairs to get to this location however , but we did alright and in our mid 60's. Didn't realize it was on such a hill, but we did like the location.",1
30273,50691075,2023-05-27,"Found Tania's place just as described and clean. The place is quiet, neighbors were not to be heard despite the ground floor. The tram station is conveniently close, but the place is sideways from the track and far enough for it hardly to be heard. The washing facilities in the basement are well-kept and clean as well. Found the pillow too thin for my preference, so would bring my own next time. The inner garden in the house is also nice and quiet. Thanks, Tania, for the comfortable stay!",1
30283,50789124,2023-05-23,"Lazhar was attentive to our stay, proactive to provide information, the house is really next to the Center town but in a peaceful and green neighbourhood, shops and public transportation are just next door, it is really to be recommended when visiting Zurich.",0
30284,50789124,2023-06-29,"Well located spot close to many transit options, supermarkets, restaurants, and others. The place itself is very nice and clean. You do share a bathroom with others, but in my experience, it was always available. There is a small extra fee for towels and bedsheets. The host is very reachable and always ready to answer any questions.",1
30296,51161193,2022-03-13,"Lives up to expectations, very clean and convenient, free parking for cars is a big incentive in Zurich. Will surely use the place again. :)",0
30303,51162254,2022-03-16,stayed in a flat where someone had smoked inside. I asked to change it due to the smell but the guy from the check-in did not allow me. I found the spoon to clean dishes already used by previous guests and the shampoo open. Unacceptable The rest is fine,1
30308,51162941,2021-11-13,"A nice location outside central Zürich. The room was clean and well organized, recommended! We had some questions and requests, but nothing that the staff couldn’t fix. The only thing lacking were cooking utensils such as salt, pepper and oil (which was mentioned on the AIRBNB page). Other than that, great place to stay!",1
30312,51162941,2022-03-31,"The host made everything really easy I had to check in late and they allowed me to, also I needed stuff during my stay and they provided very fast. The only thing to take inti consideration is that it’s up hill walk which sometimes was a pain especially when at night and buses don’t run anymore to up there.",1
30324,50812304,2022-07-26,"We had a very pleasant stay in Sebastian's apartment: it's very quiet (windows are on a courtyard), spacious and luminous, clean, with a comfortable bed and enough room for two persons. We had the opportunity to cook and use the provided washing machine, and everything worked as expected. Sebastian provided detailed check-in instructions: be sure to check them as the street number indicated on Airbnb is actually for the house on the other side of the street. He was also very responsive and helpful. The only thing that would add comfort is the missing show curtain, in my humble opinion. A final remark: everything is exactly as on the photos. We were just surprised by a large painting on the living room that we weren't expecting and that made us a little uneasy, but nothing dramatic.",1
30330,51164339,2022-03-07,"I recommend this place if you’re visiting Zürich. I wouldn’t consider the location to be close to the city center, although there is good access to public transport. Bus 73 stops literally in front of the building and has great connections; you’ll be able to get anywhere is Zürich easily. The only thing to keep in mind is that bus 73 does not start running until aprox. 09:00 (am), and does not run at night. Download the app “SBB mobile” and you’ll be able to plan your trips without a problem. The views from the room are beautiful and the check-in/check-out process is quite simple.",1
30331,51164339,2022-03-22,"Absolutely loved this place. We needed an affordable spot and lucked out with this gem. It's tucked away near the top of the hill with access to amazing hikes that take you to the top of Zürich. The walk up the hill to the place is tough, but if you catch the 73 they drop you off right outside. Just watch your timing as they stop shuttling around 7 pm. The room was very clean, came as advertised and was big enough for us. There's a Coop just down the hill and we cooked dinners, although check the basics before you shop. There's one of those water fountains outside that you can refill your water bottle with too. The city is just a bus ride (32) or train ride (S10) away. You'll enjoy the views too!",1
30338,51415534,2022-08-12,"This place is in perfect location - short walking distance to trams and train station that take you directly to the airport. Tania shared great trip details with a map, even a great hiking spot near the city where you can get great views overlooking Zürich, lake, and part of the Alps.",0
30340,51415534,2022-08-29,"perfect! large spaces, clean, close to the center and well connected, everything necessary was there. the price Is High but in line with city'prices",0
30378,50841814,2021-08-29,"Nice fairly well located apartment with comfy bed. The shutters in the bedroom can be closed so the room gets nicely dark. Clean and generally as described in the ad. Check-in was easy and communication good. The only thing was the apartment smells of cigarette smoke, you get used to it after a bit but it’s not very pleasant when entering the place.",1
30386,50882931,2025-12-18,"Highly recommend this cosy little apartment. The host is great and location perfect. As other reviewers say unfortunately the walls are thin and you do hear other residents at times, but if you can ignore that it's a great little option.",1
30392,50882931,2026-05-31,"The location of the apartment, the ease of access, its cleanliness, and the quietness of the street were all excellent — I would rate them a 10. The only downside is that the apartment tends to get quite warm, and there is unfortunately no cooling system available. I believe that at least a fan would be essential for added comfort. Additionally, having an iron in the apartment is a thoughtful touch and much appreciated; however, it might benefit from being updated.",1
30396,51551928,2022-05-30,"Deutsch unten. — AirBnB the way it was originally intended! The entire family is incredibly charming and hospitable. Location, room and amenities are even better than you‘d guess from the pictures. We felt right at home and might be back some day. — So war AirBnB ursprünglich gedacht! Die ganze Familie ist sehr liebenswürdig und gastfreundlich. Lage, Zimmer und Ausstattung sind noch besser, als die Bilder vermuten lassen. Wir haben uns wie zuhause gefühlt und kommen vielleicht auch wieder.",0
30409,51551928,2023-09-10,"Sarah and her family were really helpful, friendly and kind. I had a warm welcome and found the place to be very comfortable. The bathroom is luxurious. I drank wonderful coffee and learnt about good places to eat and explore. The lake-side spot nearby is also wonderful.",0
30420,51588163,2022-01-22,This is well-located and tastefully furnished apartment. Johannes is an excellent host and his communication is fast and accurate. Zurich is an easy city to navigate and we used trams and busses which were just a few metres from the apartment. We would highly reccommend this property.,0
30421,51588163,2022-02-05,"Really nice studio apartment in Zurich. We enjoyed the location, which is well-connected to bus and tram networks, and has a lot of bars and restaurants a short walk away. The art museum was also a 10 minute walk away. The studio was very clean and well-suited for travelers doing work, and gets great light. The Wi-Fi was quite good; the external monitor looks great, but we unfortunately did not have the right port (Thunderbolt) on our laptop so we couldn’t use it. Johannes was very responsive and professional. We would come back and stay here again.",0
30468,51760091,2021-11-26,"Great location, near public transportation, 15 mins walk to Zurich main station. Mi is great and she replied to all my inquiries instantly. The only thing to consider is that the bathroom has no door, so it’s not suitable for people who require privacy.",1
30472,51760867,2022-08-31,"Great place - not super spacious, but the place has everything needed for a temporary long-stay. Location is great, with good restaurants and grocery store just around the corner. Clean and modern place, with seperate room for storage of bags.",1
30475,51760867,2024-06-01,"The host is nice, responded to everything patiently and also gave us early check in at 1 p.m. but the place itself is not worth the effort of booking it or the money. It’d be better to book a hotel even if it is a little more expensive. The place is too shockingly small. Impractical for 3 adults or even 2. It was an unpleasant experience for the lack of space and amenities. The location is good as it is close to the main station. Unfortunately it was a non refundable booking, I’d have liked to cancel the booking after seeing how small the place is.",1
30484,51763508,2024-01-12,"The location is great. Very close to the main station and yet being on a back street, the station noise can’t be heard. Communication with Stephanie is easy and you normally get your answers within an hour. The check in was easy. The apartment is spotless clean, big enough for a week trip and the space has been smartly used. There are enough amenities and with high quality (cutlery, plates, dishwasher, …). Maybe the only downside is the thin walls that you can hear your neighbor and their pet. All in all, great experience!",1
30504,51763508,2024-10-17,The host was very responsive and the unit was sufficient for a traveler who needs a place to crash. However during my stay to see was incessant construction that woke me up at 7:00 in the morning and would not stop for hours. I wish the host would have mentioned his in the email as I would have never booked this property. I had to leave early because of this issue,1
30511,51764507,2021-12-11,"Perfect location with all the amenities, fully equipped kitchen and a beautiful balcony. Seamless check-in and check-out. Highly recommended.",0
30537,51764509,2025-01-12,"It was a good stay - the apartment is close to train and bus station, walking distance. Even though its a small space, they have everything. Loved the efficient kitchenette. We had a lovely time and we hope to stay longer next time.",0
30539,51764509,2025-07-02,"It has a great location, not too busy with tourists but still very central. Apartment was clean and nice but it was very very hot inside. There was no A/C, I think there should be one as outside temperature was 35C degrees. There was a ventilator, it was the only thing that saved us, but it would heat up after 3-4 hours of use so we had to turn it off from time to time. But I think maybe in the winter it will be nice and warm. Cleaning lady was nice, check in was at 15:00, but she cleaned the room faster so we could check in at 14:30, which was very helpful after long hours of travelling with no sleep and hot weather.",1
30544,52910357,2024-07-12,"Great location near the lake and many restaurants. The unit was very clean with comfortable bed linens. However, the street tramway noise was quite noticeable. Overall, a good stay.",1
30545,52910357,2024-07-18,Great location near city center and the lake and close to grocery stores and nice restaurants. Just know that it is right near a tram route so you may hear the trams at night. But honestly it was great location and a clean apartment. Would totally stay again on our next trip.,1
30566,51764511,2025-05-22,"Great location, clean, easy check-in and check-out and quiet. The only negative was the bed, which was cheap and uncomfortable. If you don't mind that - it's a great place to stay.",1
30603,53025594,2022-02-27,"Very cosy, clean and well equipped little studio with a garden view, close to the Milchbuck tram stop. The only little drawback is that when the window's open you hear the cars passing by, but with earplugs it's no problem. Thanks for the great stay!",1
30611,53025594,2022-05-31,"Had a really pleasant stay in this comfortable apartment with a v comfortable and spacious bed and great views of trees. Check in and general communication was outstanding. Resolved unexpected issue with plug adapter quickly. Line 10 tram nearby was perfect, especially getting out to the airport. Quiet location aside from some tram noise. Loved integrated transport system in Zurich",1
30618,51764513,2023-10-20,"Booked at the last minute so we could rest after a long flight. This worked out perfectly! Reasonable distance from the airport, easy to find, and we had no issues getting inside. Loved that there was an elevator for heavy luggage, and felt extremely safe while inside! The local area is full of dining options. The shower was a great bonus- and the little patio area was awesome for “people watching”. Great for a short stay!",0
30635,51764513,2026-04-03,Everything was as expected but the pillows were horrible and I got a kink in my neck sleeping on what little there was of it. I got it for the location and it was where I needed it to be.,1
30654,51764514,2023-02-28,"Very good place for a short stay, the apartment has everything you need and is only a short walk from Zurich HB train station making it super easy to get around. Only downside is the road outside is quite noisy first thing in the morning.",1
30705,51764514,2024-11-18,"Stephanie’s place is just 5 minutes walk from the train station which is very very convenient. The apartment is very clean and spacious.The only problem that bothered me was the noise from the pub downstairs, from where you can hear people laughing and shouting at 4 am.",1
30721,51792113,2024-11-14,"Nicolas place was amazing. Great location, walking distance from the main train station, also few minutes walk to the most beautiful spot at the lake. The house is beautiful and cozy. It had everything we needed. Nicolas was very helpful and responsive. We will definitely come back to the same house when in Zurich.",0
30734,51949710,2022-07-21,"What a cute Airbnb within walking distance to sights and train station. Comfortable and well equipped. We really loved this place! Great local bars and restaurants nearby. We stayed during a hot time of year and there is no AC or fan, it was too loud at night to open windows. Plus it’s a ground floor unit. Majority of the year it wouldn’t matter, but it was unbearably hot without airflow when we stayed. That’s the only downfall for us. Everything else was amazing! We would stay again!",1
30774,51949710,2025-06-27,"This is a great place for a short stay in Zurich. It is close to the train station and commercial streets, and easy to find. There is even a supermarket nearby! I had a great time, but I did expect more appliances for what I paid (e.g., a microwave). I know Zurich is expensive, but still… The pictures describe the place well. Thanks for everything!",1
30788,51994536,2023-03-26,Great stay ; Erika is very responsive and helpfull. The flat is very spacious & well equipped.,0
30803,51994536,2025-05-31,"The place plus the host both stood out. The host was extremely friendly and helpful. we struggled with the stove for a brief time but she took the pain and came in person to help us. not only that her responses were always on time and polite. now about the place, it is near to the main station and city .. we covered all important places easily.. and when we came back we had the ease of staying at a cozy comfortable place.. Thanks very much Erika for hosting us. you have given us memories to cherish.",1
30819,52080414,2023-10-29,"It was a perfect stay. Everything is very well organized and the contact is easy. Even if the apartment is shared, the room has enough privacy and I felt safe. Recommended!",0
30820,52080414,2024-06-10,"I enjoyed Lazhar's place, but I think the guests should know it is a shared townhome very close to public transport. There are four rooms for rent all on different floors (I think). Lazhar is very responsive and was helpful in adding better pillows and a dorm fridge for my six night stay. I was disappointed by the extra fees he charges even for sheets, which I thought was ridiculous. Also, there is no real common area to sit and a lot of post it notes with rules. However, it was restful place to stay and close to Seebach train/bus station and very easy to take the 768 bus to/from airport. Also, there is no free car parking at Lazhar's place, but possibly available for extra fee. Overall, it's a nice clean and quiet place.",1
30868,52314104,2021-10-17,"This was my first time to Zurich, and I would have to say this place was beyond expectation. Amandine has thought of every detail to make your stay comfortable. Her place is quiet, spotless, comfortable for relaxing, and in a great location for the train and walking in the city. 11/10 rating!!!",0
30880,52360195,2023-07-02,"Great apartment. The host was very fast for answering and everything was tidy and nice. The area has many restaurants and is close to the old town and the lake. Unluckily, we were very flexible to enter the apartment late (several hours later) but there was no intention to compensate us with a late checkout. That could be improved with almost no effort.",1
30882,52360195,2023-07-19,"Tania is an amazing host. The house is a lovely, premium, modern, spacious apartment in the first floor of a complex with lift. The sofa bed with comfy mattress in the living room and the other bed in the spacious bedroom can easily accommodate four people. Everything about the house is thoughtfully and tastefully placed to provide all comfort and convenience to the guests. Located in a peaceful neighbourhood, it is just minutes away from the nearest Weidikon tram station that connects you to all other parts of the city. The Zurich HB station is also minutes away from the home by tram. The kitchen is fully equipped with all conveniences. Thanks a lot Tania for being such a wonderful host.",0
30910,52433794,2021-12-04,"Céleste is a incredible host. She assured that checking in was as easy as possible and made sure everything went smoothly. The room and apartment was as advertised, the place is very clean and has everything you need to live comfortably. Céleste as an individual is very nice, welcoming, easy going and easy to communicate with. During my stay we had amazing conversations and a great time all around. I am so fortunate to have her as my host being new to Zürich. I am sad to leave however, I undoubtedly recommend staying with her if you’re able to.",0
30976,53103297,2024-05-17,"Overall, the stay was great. The place is quiet and conveniently located near ETH Zurich. The kitchen is very well equipped. The only minor issue is the sound insulation, so noise between neighbors can be a bit of a concern （neighbors would complain if you talk a few word after 10 PM). All in all, it's a very cost-effective accommodation, and I would recommend it!",1
30993,52433794,2025-09-07,Céleste's apartment was the perfect location for a course that I took at the ETH. It is only 10 min away from the main building and also close to Oberen Letten and city center. It is relatively clean and has everything you need for a week. I didn't meet Céleste in person but the communication was good. I would stay there again!,0
30997,52449648,2025-06-27,"One of the worst stays we’ve ever had. The moment we walked in, we were hit by an overwhelming stench of synthetic perfume — we had to boil vinegar just to make the air breathable. The AC was useless against the heat, and the bed was so sunken we slept in a pit. The shower alternated between scalding hot and freezing cold due to faulty plumbing. We paid CHF 265 per night, plus CHF 35/day for parking in a space the host rents monthly for CHF 150 — blatant overcharging. After one unbearable night, we checked out early, but the host refused any refund. Tellingly, when we mentioned we’d left our Airbnb, the hotel across the street immediately guessed the address: “Ah, Badenerstrasse 414?” Clearly, this place has a reputation — and not a good one. Avoid at all costs.",1
30998,52491701,2022-11-02,The place is clean and quiet. The hostess is very friendly. All in all a great experience.,0
31001,52646086,2024-06-30,"Great location, near the lake! Nice safe neighbourhood with parks and cafes. Many thanks Kay",0
31005,53103297,2025-10-05,"The flat is functional, and 20 mins away by tram from the main station, in a quiet area. Communication-wise, the flat was missing a control wheel for the oven, and the entrance lights were not working, so I contacted the host on the 2nd day. The third day after that I contacted them again asking about the oven missing piece and then I got a very fast reply from Céleste, who came and gave me the missing oven control piece, so I think the first message was somewhat lost during communication. The entrance light was not fixed, however. The host also contacted me right after booking to inform me about the building being old, but that had no impact on my stay whatsoever.",1
31009,52646086,2024-11-14,Good location but the apartment was not What I was expecting. The host was super disponible and polite.,1
31017,52663121,2021-11-02,"Very tidy and lovely AirBnb apartment. Huseyincan will make sure it is equipped with everything you need. A comfortable sofa bed and a small but nice bathroom. There is even a minibar service with delicious Turkish food. Huseyincan is a great host and there when you need him, very nice and keen to share all to know about the area. I had a great stay!",0
31051,52754106,2025-05-17,The apartment was very nice and comfortable. The check in notes were the best. The apartment location provided easily access to Zurich. I would recommend staying here.,0
31056,52754106,2025-08-11,Such a cozy and spacious apartment in peaceful neighbourhood. A lot of equipments in the kitchen so you can cook :) easy to access public transports! Big shopping mall near by. Blandine is very friendly host and she is always there for you! I highly recommend her place to stay!,0
31070,53140361,2025-07-10,"My two daughters and I had a wonderful stay in Zürich. The apartment was clean and had everything we needed, we truly felt at home. We especially enjoyed the view over the tennis court, with the mountains in the background and the city on the other side. Daniela was a great host. Communication was smooth and friendly, and she made sure we felt welcome. Thank you so much, Daniela!",0
31083,53167399,2026-04-16,"Rene’s apartment was all I hoped it would be: easy to get to (10 minutes by train from the airport); easy journey to the centre of the city, (Hauptbahnhof 7 minutes by same train); quiet area, clean and spacious apartment. Rene was always responsive to all my questions, and very helpful with advice about accessing places to eat. It’s worth making the Hauptbahnhof journey, but there’s a pizza place and supermarket a few minutes walk away from Rene’s apartment. Excellent value. Thanks, Rene.",0
31094,52784266,2025-06-15,"A very nice, clean, large apartment in a quiet neighborhood. The apartment is on the 4th floor of an office building. Did not appear to be other apartments in the building. The space was large and very clean. There is no air conditioning but the large sliding doors on both sides allowed for nice cool nights on very hot June days. Note it is an open floor plan with no door to the bedroom.",0
31106,52877360,2022-04-21,"Great apartment in an awesome location with everything one needs near by, the hosting and comms were second to none. Looking forward to another stay.",0
31114,52879087,2023-11-03,This is the owner's private residence and it was a treat being allowed to stay here.,0
31146,53225151,2024-08-17,Delphine’s place was excellent! We enjoyed our stay and wished we could’ve spent more time at Delphine’s apartment. We found the place to be quite lovely and modern even though the apartment is in an old building. The kitchen however was lacking a few basics such as pepper and oil. All of which we managed to get easily from the grocery stores nearby. One thing to note is that the place is located on the second floor with no lifts. If you travel with lots of luggages you must be prepared to carry them up the stairs. Delphine’s place was an amazing find for us and one of the highlights of our trip in Zurich. Highly recommended!,1
31160,53225151,2026-05-08,"Delphine’s apartment is tastefully decorated, very spacious and comfortable. It was very easy to get here, following the instructions provided. The bed was comfortable and the apartment is quiet. The apartment is on the second floor, so there are 43 steps and there isn’t a lift. There is a great little group of shops just along from the aparmtment - organic groceries and bakery. And the restaurant opposite it great too. You can walk into central Zurich, or catch the tram that stops at the end of the street. We would stay here again, if we were visiting Zurich.",1
31177,576882718670997668,2022-10-03,"The apartment was very modern and beautiful than the pictures. It was clean and neat for our 11 month old to move around. Roberta gave us clear instructions and was very reachable. Looks like someone is living there full time during non booked days. Hence there were used soaps, linen and stuffs. However it didn’t bother us. Location was great too. I will definitely recommend this place.",1
31178,576882718670997668,2022-10-23,Apartment is very well located and just as in the pictures. Flat is large and very clean,0
31182,578278992170302067,2023-09-10,"Had a fantastic time staying at Roger's last weekend. The place was tidy, spacious, and generally very pleasant to stay in. I don't believe I will be staying anywhere else next time I visit Zurich.",0
31209,581687469734958359,2025-06-07,"Julia is a very welcoming and kind hostess. She offered every amenities I could hope for, and is also open for talks. The room was cozy and perfectly clean, with plants atop the window sill and a beautiful view towards Zürichberg. The apartment is located in a quiet residential area in the middle of the hill, about 6 minutes walk from tram stops. Thanks Julia, I wish you all the best and hope to see you again next time!",0
31210,581687469734958359,2025-06-09,"The room was nice and clean, and the host was kind. However, I probably wouldn’t choose this place again because of the location. It’s on a steep hill, which makes it difficult to reach, especially with luggage.",1
31216,53333102,2022-10-09,"We absolutely loved our stay at godfred's house. It was just opposite the tram station ,in the city centre and very well connected to all the sights in the city. He has a very tasteful decor which made our stay very pleasant. The check in was also easy and we'll definitely love to stay here again.",0
31217,53333102,2022-12-05,"Godfred's place was a great stay! Incredibly homey and stylish, spacious, and well-equipped. Great location-- a 10 minute walk from the main train station, and easy to walk to old town and everywhere you want to see since Zurich is not too big! The listing does say there is a washer in the unit, but both the washer and dryer are outside of the unit in the basement. However, there was shampoo, conditioner, and body wash provided which was a nice bonus as well. Godfred kindly let us check-in early and the self-check-in was smooth. I would stay here again!",1
31246,583015218437056036,2023-01-17,"I loved this stay! It was clean, very nicely decorated, and there was a lot of sunlight & a nice kitchen, bathroom and living space. Jung Soo even let me check in a couple hours early because my flight had landed early! The only downside was that I booked it expecting to have the place to myself, but there was another AirBnB renter also occupying it at the time. It wasn’t a problem at all, both host and other tenant were very quiet, and hardly there-never really ran into them! But May be something to ask the host about before booking. Thank you Jung Soo for a nice stay! I appreciate it:)",1
31250,53444216,2022-12-08,"Jack collected me at the airport and drove me to the apartment! You can't really improve on that for starters!! The apartment is a good size, there are supermarkets and a gym within a short walk and the tram stop is outside (that's the only downside - it's a little noisy but earplugs are great!!). Plenty of space, good amenities inside, big tv, great shower pressure. And you can run downstairs and catch a tram to the centre in 30 seconds!!!",1
31252,53444216,2025-09-30,"Simple, unfussy and uncluttered, with a superb central location. A short twenty minute walk gets you right into downtown Zürich, or five stops from the tram stop literally outside the front door. Oodles of supermarkets within a few minutes walk makes cooking in the apartment trivial.",0
31272,583015218437056036,2024-11-27,Amazing stay here at Jung Soo’s place. I reached Zurich late in the night but the whole place made it look like I was at home. Thanks for the home cooked rice and an amazing resting place before I headed out for another adventure ( thanks for the orange 🍊) . The place is a perfect fit for someone looking to escape the buzz of city and rewind the day later. Thanks! 🙏🏻,0
31288,53470049,2025-08-12,"Only in Zurich for two nights and one full day Dimi’s apartment met all our requirements. Situated in a peaceful area with a coffee shop opposite, a general store close by and very importantly very accessible to everything Zurich has to offer via the nearby tram stop. We were there during a very hot spell - both the balcony (great for morning coffee) and the two large electric fans were Godsends. A very comfortable nights sleep - an apartment which certainly met our needs both with regards to the space and also the location. Thank you Dimi.",0
31308,587472971220835620,2024-06-19,"My best friend and I absolutely loved Dimi’s place. We spent so much time on the balconies when we weren’t out exploring. It has a lovely view of a park. There is a bus stop right outside that will take you directly to the Zürich HB, but the walk there is also very nice. It’s a lovely walk into town and very private and quiet. The place was super clean, very comfy and had everything we needed. I couldn’t recommend this place more. Please stay here if you get the chance!",0
31312,53470049,2026-04-11,"We enjoyed our stay in Dimiter's place. The neighborhood is nice and very well connected. There are plenty of places to grab a coffee. It's also a 20 minute walk from both the old town and from the train station. Dimi's instructions were spot on and we didn't need to ask almost anything. The apartment itself was very sunny, with large windows and a nice outside terrace. We would recommend his place for a family trip to Zurich.",0
31320,587472971220835620,2025-09-03,"Hello all, The location was as he described. The flat was clean and specious. Backyard garden from the kitchen balcony feels peaceful. We enjoyed staying there. Recomended Thank you",0
31359,590568458431108696,2023-12-21,Had a great stay at Saschja's. Great location for getting into the city and at an affordable price for Zürich,0
31391,590568458431108696,2025-07-19,Perfect for our group. Well worth the money and conveniently located. Would recommend,0
31404,53470490,2025-09-15,"Beautiful studio that has wonderful natural lighting and was clean and well maintained. Dimi was a wonderful host and communicated well. However, the listing said 10-15 minute walk to city center, but to actually get to the Banhopfstrasse and Zurich HB was closer to a 40 minute walk, so the location was a little inconvenient. Other than that though, lovely apartment and wonderful hosts - would recommend staying!",1
31405,53470490,2025-10-18,My stay was amazing! I really recommend for a trip of two. It was super comfortable bed. The dining area with the beautiful view was great. The host gives super clear instructions and helps if you don’t understand something. If walking distance from almost everything. Great!,0
31419,596120655858111910,2022-08-18,"Yvette is such a warm and welcoming host. Her place is the cleanest space I have ever stayed in. Very clean very quiet and such a perfect location. I highly recommend if you are visiting Zurich. And, it is walking distance to the wonderful lakeside. As well as shops, markets, and bars.",0
31438,596120655858111910,2025-05-27,It was such a pleasure staying at Yves place. We enjoyed a nice conversation of an amazing herbal tea as she told me all the hotspots in town. It was too short a stay in Zurich and will definitely be looking to come back and stay at Yves.,0
31445,596993509818384268,2022-07-16,Janna is the best host one can wish for :-) Her place is beautiful and we felt at home right away. She was super accommodating and helpful checking us in and giving us recommendations. Thank you again for hosting us and we hope we can return the favor one day!,0
31456,597113967696802812,2023-06-18,"First at all, thank you for giving us the opportunity to stay in your apartment. We were hopping to find the apartment in a place not so high up and far from the center, but the neighborhood was fine. Regarding the kitchen, we found it as someone left things just like that. There was full recycling garbage in the kitchen and the trash in the sink, also a glass dirty with some flies around it. Finally the bed hasn't bedding , we found it not 100 % as one we expected airbnb place in zurich.",1
31457,597113967696802812,2023-09-10,"Ideal if you happen to travel alone to Zürich. Everything went smoothly, Luiz is very helpful and cooperative. The Bus station is nearby. You might meet the lovely cat which welcomes and enjoys any petting.",0
31470,53636512,2024-06-13,"Dimi very accurately described the check in process so it was very easy! Place was very clean and spacious, and it was nice to have the little terrace for sometime outside. Place is also very close to tram station which made it very easy to get around. Highly recommend staying with Dimi!",0
31490,598510790872486016,2024-08-31,"What a host .. Raf is a really nice guy - relaxed and professional, but at the same time responsive, attentive and kind. It was hot in Zurich, but it was fine in the apartment - large windows, and very adjustable shutter system. We had slight difficulty with our British adapters but there is a USB socket in the extension which was very handy! It's definitely a cosy place and Raf makes you feel most welcome. 🤗",0
31498,53636512,2024-09-26,"Fabulous location and environment. Dimi is very responsive during the stay to answer all kinds of questions we have. However, the parking space and washing machine is not as cited on the airbnb page. There is actually no parking space, but a public parking lot by the road, which costs around 2 CHF per night. While the washing machine is not in the house, but at the top floor and requires a deposit card, which is not being notified during the check in.",1
31506,598510790872486016,2025-06-12,"Rafa was such a sweet and communicative host!Super responsive and genuinely kind. His place was cute, cozy, and perfect for our stay in Zürich. I really appreciated how easy and welcoming he made everything. Would 100% stay here again and definitely recommend his place to anyone looking for a chill and comfortable spot in the city. Thanks again, Rafa!",0
31522,599045269410451379,2022-09-30,"A very nice and clean apartment. Nice view and good location, however the connection to the city is not 24 hours a day. The apartment is very nice and ample, and has all you need. Only the cleaning service channeled through Blueground was not reliable - they cancelled twice and when they finally came, they did not do a great job. But all in all it was a great place to live and Blueground was a great owner.",1
31524,53730106,2022-01-30,"Very well located, this is a very nice and clean apartment. The place is well furnished, and Guillaume is attentive and able to answer very quickly. Perfect to discover the city of Zürich!",0
31538,599609062368738052,2024-10-08,"Our stay was amazing! The place was spotless and very beautifully decorated. Unfortunately the AC was not running when we went, but they provided a fan for us in the room. Anna was really helpful in answering all of our questions and accommodating an early check in which was much appreciated. Definitely recommend. :)",1
31555,53730106,2024-11-24,"Great and quiet location. Spacious and very bright, as seen in the pictures. Internet is fast and reliable. Kitchen floor was a bit sticky, but the rest of the house was clean. Check in and check out was very smooth and communication was great. We appreciated that the host went above and beyond to get a second blanket for us. The place was a bit more cluttered with the host belongings than the pictures show, but other than that, great place.",1
31566,599609062368738052,2025-10-20,"I stayed at this hotel twice, and both experiences were pretty consistent. The staff is incredibly friendly and proactive, always willing to help. Early check-in might be possible — which is super convenient after a long trip. The hotel itself is very central, and all the main attractions in Zurich can be reached on foot. However, for travelers with luggage using public transportation (like us), it’s good to know that no bus, tram or train stop is right next to the hotel. The nearest tram stop is about a 5-minute walk on mostly flat ground, and the closest train station is around a 10-minute walk with slightly uneven terrain. Overall, for the price–quality ratio, this place is simply unbeatable!",1
31580,599974705648567963,2022-04-26,"The apartment is very clean and cute, it’s all new and it has a full functional kitchen. It’s near the tram stop so it’s comfortable to move. Sonia is very kind and nice, and they reply the messages very quickly!",0
31583,599974705648567963,2022-06-16,"I recommend staying at Pablo and Sonia studio apartment. Pablo was very responsive and detailed for check in and other info about the area. The studio had everything we needed. Small kitchen, washer and close to old Zurich. I recommend this place. Only thing I do wish was available was air conditioning. However most of Switzerland does have air conditioning.",1
31732,601820637000876851,2025-06-15,"Great place to stay, 20 min by tram to the city center and 10 min to the airport. Nice well equipped apartment with exceptional garden on the balcony.",0
31734,601820637000876851,2025-08-15,Waheed’s place was easy to find and in a nice quiet area with easy access to get into the main area of Zurich! everything was super clean and he was quick to reply if we had any questions,0
31736,602551672322761005,2023-05-26,"Super responsive and flexible host, very recommended if you’re visiting Zurich with your family or friends. The apartment has everything you need!",0
31738,602777194891984917,2022-05-31,"The villa is amazing! Featuring a huge garden with lots of flowers, herbs, strawberries, vegetables and big trees. Best location in walking distance to the lake and city center, but quiet and surrounded by nature. Pearl is an amazing host. She welcomed me with food & drinks. Breakfast and dinner were served every day and included in the rent. Pearl's great hospitality exceeded my expectations by far. Enjoyed playing with the dogs. I would love to stay there again if the internet connection was better.",1
31748,602777194891984917,2024-06-16,"Pearl is an amazing host. She welcomed me into her home and showed me around the house and the gardens. She explained that the villa is part of trusted houses and it is 200 years old. Unfortunately, the listing is not accurate and the building is not so clean.",1
31780,607028504137988638,2023-07-06,"Grazyna had a lovely home. Even though my flight was delayed, I was able get in with easy directions and she still greeted me. The room is clean and comfortable and perfect for solo travelers. I only stayed one night, but wish I could have stayed more. Thank you, Grazyna.",0
31791,607028504137988638,2024-07-26,"Easily accessible from the airport (~30 mins). The host was very welcoming; very kind for making me tea and toast. I enjoyed talking to you, Agnes. The place had everything I needed - a bed, a table, and bathroom. I would stay again. Please note that this is a room/bathroom in her house.",0
31811,609187746656396937,2022-12-16,"Rafael’s place is perfect for a nice stay in Zürich! The apartment is lovely, and Rafael is always available if a question comes up. Highly recommended!",0
31833,53839287,2023-07-17,"Great apartment in a great location. It was clean and looked exactly like the photos. The only thing to be aware of is that it’s located on the 5th floor with no elevator, but it wasn’t a big issue.",1
31838,53839287,2023-08-28,Very clean and very comfortable. We’ll decorated. With everything you need even laundry detergent (appreciate the thoughtful details). Very easy access to airport and all of Zurich from Banhof Wiedikon stop. Would happily stay here again!,0
31861,609187746656396937,2025-05-17,"Great location one tram stop away from the Opera House. Lots of restaurants and stores nearby, within short distance to the lake. The apartment has all the essentials you might want to spend a few nights, do some cooking, and relax after a day of sightseeing.",0
32006,610476869049419611,2024-07-07,"The location is excellent and perfectly situated to visit the city with public transportation within minutes. The apartment is nice and spacious. It lacked a bit of amenities but the host was responsive to our requests. Overall, nice place.",1
32009,610476869049419611,2024-07-19,"The place was super clean, minimalistic, spacious and recently renovated! It’s a short walk from the train station and downtown",0
32093,612810100807159979,2023-09-09,"Ernst’s place was perfect for my short stay in Zürich. Easy access to trams and buses, yet on a very quiet side street. The room was clean and comfortable, with a fridge and kettle provided. It was hot during my stay, but there is a fan that helped to cool the room down in the evening. Ernst is helpful and friendly and I can wholeheartedly recommend his place.",0
32105,612810100807159979,2025-07-12,"Staying with Ernst was a great experience - he gave such helpful and clear instructions on how to navigate the local public transit towards the flat, and was very communicative. The apartment was very comfortable and it was an amazing experience overall.",0
32125,613557962134314623,2024-06-26,"The room has enough space for a single person. Carry-on luggage and backpacks fit easily in the room. Entry with key card. A small fan, table, stool, lamp and wash basin are available in the room. Shower/toilet on each floor. The room was on the third floor but the property has a lift which is a plus for anyone with mobility issues. But the best thing about the stay was the location! All major Zurich attractions were nearby. You can walk to most of them. Zurich's main train station, Zurich HB was 7 minutes by walk. And the tram stops right in front of the hotel. Coop/Migroline and many restaurants were just a walking distance away. Overall, a great place for solo travellers.",0
32130,53875757,2022-09-02,"The appartment is clean and cozy, unfortunately for me it was too noisy with bells each hour ever in the night :( I recommed just for people not fragile for noises",1
32136,613557962134314623,2025-06-30,"Fantastic location, very hot room when hot outside, and noisy throughout the night. But you are paying for location and it was as described. Great communication and staff. Thank-you. The one common room with Aircon, fridge and amenities was a blessing.",1
32152,613749069221024837,2022-08-03,Jennifer is an amazing host and will make you feel right at home. The room was super spacious and comfortable and is perfectly located. You can get to anywhere you need to go with the train station being a ten walk away and the nearest tram station only a 2 minute walk. I would highly recommend her place to anyone visiting Zurich!,0
32157,53875757,2022-09-23,"The apartment was very clean and had all necessary amenities! Unfortunately the Wi-Fi hardly worked for me, which was an issue as I was intending to work. If you do not need consistent Wi-Fi, I think it is a great place to stay.",1
32167,613749069221024837,2022-09-05,"The stay was really wonderful. Excellent communication, easy check-in /out. Great location; lots of shops, places to eat, and great coffee, all within walking distance. The room is great for a solo traveller with access to the kitchen, bathroom and washing machine. Jennifer was a great and accommodating host :)",0
32189,53966197,2025-01-01,"Nice, cozy and quiet apartment in a very well connected area, with a variety of places and close to many forms of transport. It has practically everything you need to live comfortably without any worries. The only thing I would say as a drawback is that going with an animal is a bit expensive financially, even though it is someone else in the family.",1
32191,617877133324898745,2022-09-18,"Quaint little place but great price. The shower was so great after a long day. We didn’t use the kitchen area and were out most of the days we stayed, so we just needed a place to rest. It was perfect for these reasons!! Also great communication overall! Very helpful.",0
32217,53975416,2024-02-11,"Very nice apartment, I stayed with my family for more then 1 month and the apartment had everything we needed. It's very well located, close to supermarkets and train station. In 10 minutes you can easily reach the city center. Besides being an airbnb the apartment was very cosy and friendly. The plus side was that Blueground was super easy to communicate and to reach with the help line always running.",0
32240,617877133324898745,2025-10-12,"Teresa's apartment is perfectly equipped and with what you'll need for a stay, very close to both Aldi and Coop as well. All amenities were in good condition and the apartment was also clean and organised. Walking distance from anything you need or anything you want to see, and it is a great price considering how close it is to Zurich centre. Apart from all positives, maybe I was just unlucky hence why I still give it 5 stars, on the weekend some of the neighbours can be noisy, and the apartment is on the ground floor next to the outside communal area so you can always hear people coming in and out of the building. However, Teresa is great and fast at communicating to solve any issues and will be in quick contact with the building manager on your behalf, so problems were solved. thanks!",1
32249,623050055657361720,2023-10-08,"Staying at Francesca's was wonderful. I felt right at home and it was perfect for a two week stay in Zurich. For those who do not know the area, it can be loud and active but the windows of the apartment were so good I barely noticed. The kitchen was stocked well with everything I needed for cooking. Bedrooms spacious and comfortable. I can't recommend her place any more. :)",0
32255,54117648,2024-10-29,"Had an excellent stay. Super accessible with bus and tram. Migros and Denner a stone throw. The apartment in itself had all the amenities, very spacious and clean. Ample linen and laundry facility. Felt at home away from home.",0
32259,625787494656883308,2023-09-15,"Paul is a great host, the room is spacious and comfy. If you're staying in Zurich, Paul's place is the right choice.",0
32265,625787494656883308,2025-06-27,"I had a great stay at this place! The apartment was spotless and had everything I needed for a comfortable and relaxing visit. The location was perfect—quiet, yet close to the center. Paul was incredibly kind and responsive, making everything stress-free. Would definitely stay here again and highly recommend it to anyone visiting the area!",0
32277,627897428289987644,2022-05-31,"Tania was a terrific host. She allowed me to correct a mistake with my reservation which was to her disadvantage and managed to get me an additional day that I needed. Place is nice, clean, well communicated, spacious, and with all you need for a comfortable stay. The only problem for noise sensitive people may be the traffic from the street and the neighbors playing beat music. Otherwise the place is a very good deal for Zürich. Thanks Tania!",1
32278,54196772,2022-04-10,"Alina is a very nice host, and the communication with her was fast. The place is nice and very close to the station and walkable to main places to the city. I recommend it",0
32283,628732495482460342,2022-10-10,"Before I booked, I was hesitated due to the zero review. However, it was one of the best airbnb I ever been. Beautiful furnitures, clean flat, nice neighborhood, a supermarket nearby. Romain was very friendly and kind. Highly recommend!",0
32285,631729209385093367,2022-10-23,"Aurel's apartment was worth every penny. Good location, price and was very tidy. Although I didn't get the chance to meet Aurel in person, he was very helpful over the phone.",0
32286,631729209385093367,2023-08-05,"Aurel’s place is in a great location with a bus and tram terminal within walking distance. As well, there is also several grocery stores within a walkable distance. The kitchen is large and there is lots of fridge/ freezer space!",0
32299,635847582156960192,2023-06-14,"Transportation is not an issue anywhere, easy to get around. The host is really cool to talk to and very helpful in all areas. The only downfall was that there was not a place for me to do laundry, other than that, everything else was great. overall, I recommend the place.",1
32350,54403948,2022-06-26,"This place is clean and very central. You can walk to the city Center in 10 minutes and there is a market nearby to buy food. The communication with Antonio was easy and he is a nice person. Our experience was unfortunately not very good. The place smells like marijuana, there are no dark shade curtains and we had to wake up at 2:30am at night because the host came back little drunk and he had forgotten his keys. Also, the Wi-Fi connection is very bad; the rooter is too far away and the connection kept breaking up. The host said it is a temporary problem. Lastly, the mattress is very soft, it is like a sponge. In summary, the place is fine if you are staying a short time and it really didn’t give us a safe and comfy feeling.",1
32365,54403948,2022-10-12,"The place was very close to the city center, Antonio is very nice and friendly, had a great time in his place.",0
32378,635847582156960192,2026-06-20,"eder is very very friendly host, he guided me with lot of things about zurich which are quite helpful for future trips to zurich. the place is even better then it looks in the pictures. it is very convenient to super markets, train station just seconds of walking distance. I would defenetily recommend eder and it's listing's for bookings in zurich and around. thank you eder for everything once again.",0
32385,636843093676189035,2023-05-07,"Good location close to the station and good value. The only downside is the sofa bed, it’s ok but could be more comfortable.",1
32386,636843093676189035,2023-07-18,"Giuseppe was an amazing host and the place was absolutely wonderful! The location is perfect, the number 7 tram is right outside of the apartment which gives you access to everywhere you want to go! It was so nice to have public transportation so close to the apartment. The Airbnb was very clean and had everything you need. If I had to pick one thing to improve on would be the bed, however it was very minor. I recommend this place to anyone who is staying in Zürich and will be coming back in the future.",1
32436,640459963128505977,2022-07-24,Nice one bedroom apartment in Zürich Wiedikon just around the corner from the S Bon station and located in central Zürich. Walking distance to everything including trains and tram. Would highly recommend for a single or couple. Great location and not a lot / no hotels in that area so the only way that you're going to find a place to stay is literally at an Airbnb.,0
32457,640459963128505977,2025-05-13,"Look no further, you won’t find a better place to stay while you’re in Zurich! Our visit was enhanced greatly by being able to stay in Taymour’s place. This is a nice apartment in a nice building and we enjoyed being up high where we could enjoy the view. There’s an Asian take-away restaurant one block in one direction, a pizza place one block in the other direction, plus a couple of small grocery stores just around the corner. The bed and couch are both a little too low for my liking, but they are exactly as shown in the photos… so I’m not complaining. It’s just something you might want to think about when deciding whether to stay here. Both the check-in and check-out processes were clear and simple. Taymour was very helpful and kind whenever we had a question!",1
32460,641603523332446954,2022-07-10,"A tastefully furnished apartment with 2 rooms. Communication with Alexandra was very easy and she always replied quickly. The location is very good, Stadelhofen train station and the lake are nearby. Public transport is less than 10 walking minutes away.",0
32474,641706387948283914,2022-07-17,Beautiful and cozy place in a great location. Walking distance to touristic places and restaurants. It is next to a train road which makes the place super noisy in days and nights. Specially when you need to leave windows open in a hot day.,1
32499,641706387948283914,2022-08-29,"Great communication, instructions were well written. The place is very spacious and close by to public transportation.",0
32521,537803126344953148,2023-02-15,"Nathalie is an extremely pleasant and communicative host. Her place is wonderful. There is a nice view from her apartment onto the lake, and if you‘re lucky with the weather you can see the mountains. It‘s a quick (<5 min) walk to the rigibahn or a ~10 min walk to the bus/tram that takes you all over town. Location is super quiet. Super comfortable bed, and a nice desk for those that need to work. Thanks Nathalie for a great stay!",0
32523,537803126344953148,2023-09-15,The balcony has the best view of the lake and the city. The neighborhood is peaceful. The unit was just as described. Nathalie is responsive and gives us recos when we ask her places we wanted to go. We will definitely book here again if ever we go back in zurich.,0
32602,643107186638775793,2022-11-14,"I moved to Zürich for work and stayed at Philipp’s for two weeks. I couldn’t be happier with my stay. The location is perfect, one can walk anywhere or use the tram/train nearby. There are good supermarkets, restaurants and bars, just around the corner. The flat is is gorgeous and well equipped. Quiet, private, modern, it has all the amenities. It’s a top place! I would recommend it to anyone who wants to discover Zurich and also enjoy their time at home :)",0
32604,549665422143102414,2023-03-18,"Stress-free visit, Michelli corresponds very clearly and quickly. The location is great as it is near the tram stop and the room is well-furnished :)",0
32606,549665422143102414,2025-03-15,"The place is very cozy and the location is great, lots of places to eat or have a coffee nearby as well as close to the main train station and with a tram staion in the front door. The apartment was clean and tidy with everything I needed for my stay there also with the posibility to cook there. I would definitely recommend it, also Shella was very helpful in the check in and check out and also in case anything was needed throughout!",0
32612,554766730267752318,2022-10-05,"Unfortunately I haven’t had the chance to meet Lea in person but the check in was very smooth, the room was spacious and nice especially the bed super comfy! The apartment is well-located in a quite neighborhood within short distance to the main HB train station and tram. It’s also near the main shopping area by foot.",0
32620,643107186638775793,2023-01-03,"Philipp's apartment has a lot of space, a large kitchen to cook in, a nice bathroom, and everything looks clean. The apartment is located on the 4th floor in a quiet area and within a 15-minute of walking you can be in the center of Zurich. Furthermore, the apartment unfortunately had no clean dishwasher because it was not cleaned. We thought this was a pity and the photos in the advertisement do not show that Philipp's belongings are in the apartment. This was not a big deal but nice to know for when you book an apartment. The wardrobe also contains clothing from Philipp and there is no space for your own clothes. Still, I would recommend the apartment as it has a lot to offer. (At least, it is good to know that Switzerland uses a different power socket then in the EU.)",1
32624,643505173228078839,2023-10-01,"The property was a fantastic place to stay if you are planning to spend a long weekend sight-seeing around Zurich. It is located very centrally, easy to get to and is within walking distance to all the sights. Paul-Emile was a great host, very responsive and helpful. The only fault I had was that the property was a little messy when I got there, but this was not a big issue overall. I would definitely recommend this property.",1
32648,554766730267752318,2023-03-08,"I stayed at Lea’s place for 1 night, it was walking distance from the main train station and easy to find. Check in was easy, and the apartment is shared with 2 other people as there are 3 rooms. The bed was comfortable and the apartment was clean, basic room but I felt right at home and had everything I needed. The only downside is the walls are quite thin so you can hear the other guests in the flat.",1
32713,650600857656979192,2023-12-07,"Roman’s place is clean, quiet and very comfortable. The location is great, with the tram stop right around the corner, making it easily accessible from the airport and getting downtown. Thank you for a pleasant stay!",0
32729,564099829029576833,2024-06-28,"We had a great stay here. The apartment was easy to find. There was an elevator (tiny one). The unit itself was spacious enough for three of us. It was clean, had all the basic equipments you need. Kitchen was great with dishwasher, fridge, oven and utensils. Bedroom and living room were spacious. The bed was comfy. The sofa bed did quite well. Nice bathroom with bathtub, a big cabinet to put all of your skincare regime. 😁 Big balcony to hang out in summer evenings. Our host, Dimi was very responsive with all clear instructions. In sum, this unit was spacious, clutter-free, easy, no fuss. Recommended. 👍",0
32733,564099829029576833,2025-09-14,"Impressive place, very clean and organized. The size of the flat was also impressive. The neighborhood is very private and peaceful. 2 mins to the tram station and close to the main train stations. If I were to go to Zurich again, I would rebook this place if available without a second thought.",0
32757,566305751073543970,2022-03-27,"Apartment is as described and detailed. It is very clean, with lovely home furnishings. Proximity to the station and local amenities is excellent. The property is quiet too.",0
32762,566305751073543970,2022-07-15,"The apartment was secure, spacious, well-equipped (eat-in kitchen with the possibility to cook simple meals, comfortable bed, good internet connection, washer/dryer, etc) and very clean. The location near the train station and Altstadt was great for traveling. The only downside was there was no coffee maker, but there are several coffee shops just a few steps from the apartment. Otherwise, I’d absolutely recommend this apartment. It was one of the nicest Airbnb’s I’ve ever stayed in.",1
32765,567356657811110556,2022-05-25,"The studio itself is darling and there is so much to do around the area. We especially loved Hangs Vietnamese restaurant. That said, the apt complex is noisy and dingy, a shame given how cute the neighborhood is!",1
32781,650600857656979192,2025-07-03,"The room was very clean, and the bed had a nice scent of detergent. It was a relaxing space. They also provided drinks and snacks! and The beautiful scenery could be seen from the window. However, since I visited on a hot summer day, the room was very warm, which was tough. The room gets the afternoon sun. If possible, it would be great to have curtains that block out light and heat. Thank you for letting me stay.",1
32824,567356657811110556,2023-07-12,This was a great place to stay if your willing to take public transport or walk into downtown Zurich. It was noisy throughout the night as mentioned in the description and the windows needed to be open for fresh and cool air among the July heat but it was kind of the hosts to leave ear plugs. When I realized there was no ice cube tray the hosts brought one over for us which was very kind. Overall this was a good stay just be ready to commute and wear earplugs if your a light sleeper like me.,1
32842,654792868738733242,2023-01-31,"Great place where I spent more than 2 months, in the heart of Kreis 3. Many bars and restaurants nearby, as well as supermarkets. Well connected to centre and station. Luca was available anytime to answer my questions and supporting especially in the first days. Highly recommend!",0
32845,654839171732045096,2022-11-01,"There's a lot I could say, but to keep it short, I don't know if I could ever find a better host. The room is huge, nicely-decorated, and impeccably clean. Everything was smooth sailing, thanks easygoing communication and amenities.",0
32858,654839171732045096,2024-08-16,"Excellent stay The location is near the station, with very frequent service. It is very quiet at night. The room is quite large. There is a private toilet, but the shower needs to be shared, which is not a big problem. The landlord is very good. On the first night, it was a bit hot, and the landlord immediately bought a fan to us",1
32928,656566836639646136,2023-09-27,"Madeleine’s place was a good affordable fit for our quick overnight in Zurich. You could walk into the center but the proximity to 3 different tram lines made it super easy to pop into the main train station and the center. Madeleine’s check-in instructions we very clear, her apartment is artsy and adorable. We did not cross paths on our short stay but based on our pleasant night I would recommend her place.",0
32931,656566836639646136,2023-10-20,"This airbnb is in a great location and just what we needed for our overnight stay in Zurich before heading home the following morning. However, we did not sleep well as someone came into the apartment at 1am and was making so much noise in the kitchen that it woke both my husband and me up, and we had to leave the apartment at 6am (which I mentioned to our host). This noise continued for about 20 minutes. Then around 2-3am, there was more noise from either inside the apartment or a neighbor. Needless to say, we did not get the rest we would have liked prior to waking up at 5am and traveling for 12+ hours the following day. I understand that people may have work and have lives, but we would have stayed somewhere else had we known about this.",1
32943,568707206326908466,2024-12-13,This is the second time I stay here and I would definitely also come back again :),0
32948,568707206326908466,2025-04-01,The airbnb is 15 min walkable distance away from Zurich HB. The supermarkets are nearby and the area is private and quiet. Got everything u need in this place. Would recommend this place!,0
32964,569385070028558835,2023-05-20,Tanya was very helpful. The house was convenient and clean. easy to reach home. I recommend this house.,0
33016,569385070028558835,2024-06-09,"Had a wonderful stay at Dimi’s place. The accommodation looked just like the airbnb listing. It’s quite centrally situated. Train & tram stations just 300-400 meters away and the central Zurich 15 mins away by tram. Thoroughly enjoyed my stay. Thanks, Aarooshi",0
33032,659935026967826590,2023-02-18,"Martin's place is beautiful if you love great design - all the furniture is from his shop downstairs. The neighborhood is great for walking and exploring, with a lot of interesting shops within 5 mins walk, and <10 mins walk from the central train station.",0
33039,659935026967826590,2024-06-01,"Perfect stay, clean, ideal location, and great host! The beds were very comfortable, and the bathroom was luxurious. We couldn’t have asked for a more convenient location and high quality accommodation. The only down side was the sound from the upstairs apartment, which is unavoidable of course. Luckily there were fans available which provided white noise.",1
33054,663491801611555670,2022-12-12,"Very nice, spacious and perfectly clean apartment at great location. Clear instructions and good communication from the host.",0
33056,663491801611555670,2023-07-24,"Elizabeth was a grea host and her flat is a very nicely upkept home in the center of Seefeld. Nice and bright, very clean and close to everything. I highly recommend it and would return!",0
33059,571689725226581323,2023-04-14,"Jens is a very nice host with a lovely flat, near the center of Zurich and a private parking slot - a big asset in this city. The area is peaceful but surrounded with restaurants and shops thanks to the nearby university. It is an ideal place for a week of work or holidays in the north part of Switzerland. Thank you Jens !",0
33084,664302734942761891,2025-01-02,"Beautiful and spacious flat within walking distance to the city centre. Communication with Zaynab was fast and uncomplicated, facilitating our stay.",0
33085,664302734942761891,2026-05-25,"Very nice place to stay and the conditions of the household is perfect. Zaynab is such a nice and friendly host, always replying clearly and on time. :)))",0
33119,667356914073648220,2023-10-08,"I really enjoyed my stay in this unique and stylish apartment. It's full of thoughtful and luxurious touches. It's close to some great restaurants and bars. It can be noisy with the train noise on one side and the bar on the other. However, the windows effectively quiet the sound. Perfect place if you're enjoying the city nightlife and love to stay in fun trendy places!",1
33148,720092458426634563,2023-10-17,"The place is nice, the kitchen, furniture and beddings, the area is walkable and near to the train station. The apartment is big. Would definitely recommend the place for those who’s coming to Zurich.",0
33150,720092458426634563,2023-11-05,"The place was spacious, very clean and in a safe neighborhood! Street Parking is easy to find. However, it does cost $15 per day but free overnight parking. The host was quick to respond when you called and willing to accommodate us with a private parking space! Additionally, last minute one of our friends could not make it and the host allowed us to add two additional guests to the reservation for super cheap!",1
33180,667356914073648220,2025-05-28,"We had a comfortable stay at this apartment in Zürich. It’s about a 20 -minute walk with luggage from the main train station (Zürich HB), but there’s also a direct bus that gets you there in around 10 minutes, which is convenient. A couple of grocery stores are nearby, making it easy to pick up essentials. The apartment itself is spacious and well-maintained. The only small downside is that the curtain doesn’t block out much sunlight, but it wasn’t a problem for us since we brought sleeping eye masks. Overall, we had a pleasant stay.",1
33210,669920764669870929,2023-08-08,"I'd highly recommend this place for anyone staying in Zurich. the location is convenient, a short tram ride from the centre of the city. the whole place was extremely comfortable especially the beds and there was everything we could have needed for our few nights stay there",0
33220,669920764669870929,2026-01-03,Lovely and clean apartment in great location. The neighborhood is safe and right next door to the zoo. And walking to public transport was within 5 min. Perfect for getting around to explore Zürich. It is important to note the listed amenities because there is no TV in the apartment. The only thing that was really missing that should have been provided by the host are the required city trash bags. The apartment was very clean. And reasonably spacious. We had a very nice stay. I would recommend this property.,1
33250,722414784205602391,2022-11-01,"This is the cutest apartment I have ever stayed 🥰 it was a perfect distance of the city center by bike and we loved staying there. The place had a kitchen, fridge, and oven. The bed was comfortable and it had a little patio were we had breakfast. It has parking too for our car. The only fault is that shower cord wasn’t long enough, we were both tall and we had to squad while showering, but it had hot water and everything! Nerina was super nice and she even left chocolate for us ❤️",1
33251,722414784205602391,2022-12-11,"I was there with my father. He absolutely loved the place, is full of beautiful plants and the apparment was spotless. we really enjoy our time there",0
33286,670594051190709597,2024-06-17,"It’s a decent, clean, and convenient (also well connected) option if you simply need a place to stay overnight. However, if you are looking to experience Zurich, this is not the place to be. The building itself stood out in the area as a more rundown building and it is very dark and gets easily very very warm. The owners are professional serial Airbnb runners, that is not good nor bad, simply depending on how you would like your experience.",1
33295,670594051190709597,2024-09-25,"Great comfy little spot, super close to tram stop, big + pretty park, busy street but the place shut out the noise well and we had no trouble sleeping.",0
33329,725249118903808110,2023-10-11,"We had a pleasant stay, the place was nice and clean, it had a modern look so we really liked it, also the host was very responsive. The only thing I would say is that in pictures the place definitely looked a lot bigger than it was, I think it was a small space for 3 people and a dog to fit, but nonetheless we had no complains and were able to adjust because of how clean it was and the host was nice. Another thing we liked was that the train station was just a 5 min walk from the place and we had no problem traveling to other places.",1
33331,725249118903808110,2024-06-10,walkable distance to Metro station and pleasant view from the room and balcony. very well maintained.,0
33360,671610830278550400,2023-10-22,Helpful host who had an amazing apartment within 2 minutes of the train system in Zurich. Very helpful and appreciated the thorough binder of information as well as recommendations for local attractions.,0
33420,671610830278550400,2025-12-03,"We loved our stay in Zurich. The apartment was cosy, comfortable and an easy location for getting in and out of the old town. It was a well appointed apartment - the washing machine was handy and easy to use. The only comment would be the sofa bed is really only suitable for a smaller child - my 15 year old son who is quite tall slept on it and found it wasn’t very comfortable given his size. Overall a great apartment in a convenient location.",1
33436,672204327674232576,2023-11-26,host was very kind and response was quick even my check in time was quite late night time apartment's condition was also nice and host allow me to borrow the bicycle so that i can look around the city well i recommend this apartment,0
33447,673522463224022823,2025-06-01,"We had a wonderful stay! The place was spotlessly clean, very quiet, and incredibly peaceful and relaxing—just what we needed after a long week of travelling. It's also conveniently located near public transit, making it easy to get around. Lucille was super responsive and friendly, which made the experience even better. Highly recommend!",0
33449,673522463224022823,2025-08-18,"Lovely apartment located above a restaurant (yet not noisy), so an easy landmark and walking distance to a tram. The host was friendly, communicative, helpful and very responsive. It was quite warm in Zurich, but the floor fan and open windows helped alleviate that. It felt homey, having all the kitchen and bathroom accessories one needed. We would definitely stay there again!",0
33452,677199846049834555,2022-08-02,"The flat is very well located , you can easily reach the city center in about 20 mins and the bus stop is literally in front of the house. Great the chance to use the private parking of the building with no extra cost. I had not the chance to meet Yannick by person but he organised perfectly the check-in and he was always ready to answer any question by message. The flat was clean and as described by the picture.",0
33464,731759565624441590,2023-04-19,"Yongli’s place is stunning. Communication was easy, the place was clean, and we had everything we needed. The only downside was that the WiFi was very unreliable.",1
33473,677199846049834555,2024-06-27,Very comfortable and pleasant brief stay at Yannick's! Excellent host in making sure and going all the way for guests. Highly recommend..,0
33491,685963161248156425,2022-11-19,"Such a lovely apartment in the Seefeld area of Zurich! Belma was very responsive to any questions I had throughout my stay, and even purchased a moka pot for me to use to make my morning coffee in! The apartment was sparsely furnished as said in the listing, but really had everything I needed for my working vacation, from fast speed wifi for zoom calls to a nice tv for relaxing on the couch. Seefeld is nicely located, with many bars and restaurants and tram connections to the rest of Zurich. Highly suggest staying here.",0
33497,731759565624441590,2023-08-20,"Our stay at Yongli‘s didn’t match our expectations, mainly because the place was much smaller and furnitures were arranged differently than on the photos; on the small working space/desk was a big coffee machine and other kitchen utensils; cupboards were full of bed linen, towels and personal stuff and not usable for us; garden furniture was mostly broken and in the fridge there was a half-eaten cheese. Last but not least the wifi was mostly too weak to be used. We knew we had booked a basement flat but even a basement flat can be welcoming and cosy. And if you book a place with an outdoor area in summer you probably also want to be able to use it. The neighbourhood however is great and close to city and lake. All in all we cannot recommend Yongli‘s place.",1
33538,693828242173862402,2023-06-07,The stay was great! Peter was able to answer my questions right away which was useful. The location is central and walkable to all locations around the city.,0
33541,693828242173862402,2023-11-04,"Peter's place was better than the pictures. Spotlessly clean, comfortable, warm and spacious for a couple of travellers. The location in Zurich's Old Town is perfect for a few days of exploring, and a perfect base to return to for a home cooked meal in the small but functional kitchen, a moment to relax on the couch, or a comfortable night's sleep. The self check-in process was well explained, smooth and convenient and Peter was easily contactable throughout the trip. For those not comfortable with stairs, remember this is in an old building in the middle of Old Town so there is a steep and ageing staircase to climb. Thanks for a great stay Peter!",1
33546,698479731663794661,2022-09-06,"We stayed here for a few days and have to say we loved the design of the apartment. It's pretty central and effortless to get to the centre (3mins walk to the tram). Sven replied to our questions quickly and check-in was smooth. The moka coffee machine really helped in the morning. We were allowed to leave our luggage at the flat because we had a late flight. All in all, it was great to stay there and we would definitely stay here again. Thank you Sven!",0
33610,698479731663794661,2023-06-23,"We had a great stay at Sven’s place, a stylish, spotlessly clean, quiet and well equipped apartment in an interesting part of the city. Transport was a breeze with a tram spot just around the corner. Sven made everything easy with great recommendations and guidance. We enjoyed the balmy summer evenings with windows open looking out over the neighbourhood. Definitely recommend.",0
33615,699673411237254039,2022-10-06,"This lovely charming neighborhood 1 BR apartment is located on a very quiet street which made a perfect ""home base"" for our stay in Zurich.  The 10 - 15 minute walk into town/train station was easy access to everything Zurich has to offer. The apartment itself is extremely light and airy with very spacious and comfortable rooms, large windows (blackout shades if you want), and a well equipped kitchen. Host, Jasmine, was very responsive to a few pre-check-in questions I had. The only downside was a quite soft and smallish bed, if that is not your preference. In summary: I would love to stay here again for a short or long stay!",1
33617,699704496367851435,2024-07-12,"Steg place It’s very nice decorated, and it’s located in a very good place . The check in was not very fluent so I even had to contact the support team to be able to talk to her . the apartment also has some issues regarding the lights",1
33618,700516594811549873,2022-10-05,"Great apartment with fully equipped kitchen, workspace, terrace and in a nice neighbourhood. You can easily reach the old town of Zurich by tram or by foot. The building has no elevator, but the terrace and the whole apartment are just wonderful!",1
33627,700516594811549873,2025-09-28,"Awesome place, short walking distance to the tram system. Also just across shopping mall and 15 min walk all the way to Zurich’s lake. We enjoyed Prisca’s place, the only caveat was climbing the stairs with luggage, since there’s no elevator, but we were glad to do some extra workout. The place looks west, so the afternoon sun warms the apartment. The kitchen was fully equipped, so there was plenty of room for a good cookout…! Hope to come back soon…!!!",1
33632,703510591302281566,2023-08-02,A very friendly and adorable host she is! Enjoyed a lot while we did chit chat about various hints and she is so nice to us. She is a very classic and smart lady. Even she suggested us the best place to surface around and suggested the restaurant to have traditional food Wichita really worthy. We just stayed one night but if we go again then surely wanna go there and want to have some food made by her as she told us that she love to cook and she can cook for us. All these things gave us a family environment. A big thanks to her.,0
33644,733788052423392656,2024-05-11,"Amin's place was great, everything as described. Amin was very accommodating and helpful throughout the stay. However, the unit is in 1st floor (1 flight of staircase), so moving with huge luggages might be a bit difficult. Generally recommended.",1
33655,704113507187087111,2022-11-12,"So first, this lovely apartment had what’s most important to us — A super comfortable bed! The space is bright and very spacious, with comfortable furniture. The kitchen is really well equipped with everything you need to cook for yourself. Did I mention the amazingly comfortable bed!? :-). The location is 10 minutes walk to/from the train station to the airport. Everything else, other public transit, lots of little dine-in and takeout restaurants, as well as a couple of grocery stores, are all within a block or two. And then all the other things: easy self-checkin and checkout, spotlessly clean, great communication with Ann, and all sorts of other personal touches!",0
33697,704113507187087111,2026-06-16,"We stayed here during our brief visit in Zurich. For 2 people, the house was very spacious. There was ample space to relax and manage all of our luggage. I appreciated that this location was about a 10 minute walk away from the main train station, making it fairly easy to walk to/from the train with all of our luggage. Additionally, the neighborhood felt very safe with a lot of restaurants available to us. Because of the safety and proximity, we actually walked everywhere without taking a bus within Zurich. However, this unit does not have AC so I would be wary in the hot summer months if you are warm-natured. Overall, I would highly recommend this location to anyone looking for a place to stay!",1
33698,704438027736960894,2023-09-14,We loved the apartment so much we wished it was ours! Sarah is an Amazing host. Very nice and always available to meet out needs. Definitely 10/10,0
33713,733788052423392656,2026-05-08,"Central flat, good price. Bed comfortable, and flat has the basics you need. Small things like a heavier shower curtain and clean curtains in the bathroom - as well as a more accessible place for the keybox - would quickly elevate this listing.",1
33774,714980616850803304,2026-03-19,Harm’s place was perfect for our family of four. Plenty of space to spread out. The riverside location was quiet and so peaceful. The apartment had everything we needed and was a super quick walk to the Manegg station and a small grocery store. Would definitely stay here again.,0
33775,714980616850803304,2026-03-22,"Spacious home, bigger than expected. However some amenities, dishwasher, heaters and lights are spoilt. Lastly, parking was a hassle maze. Please locate the unit before unloading the luggage. You are required to go through 5 different doors from your car to the unit.",1
33788,739126300918548100,2022-12-10,"Valentino was an amazing host and his apartment is amazing! It has everything you need, more than enough space for 2 people and the location is central but quiet. It was one of the best stays I’ve experienced!",0
33794,715604932071806008,2024-06-03,"Niven and Luana were nice hosts, the apartment is exactly as the photos, the surroundings are very quite and peacefull, you can take an hour to walk to the downtown. you definetly can't use the kitchen, even to use microwave but niven offers it to make a coffee or take water!",1
33797,715604932071806008,2024-07-29,"Everything was good, a little bit far from the city center but the place has a lot of restaurants and things to do nearby, we enjoyed a lot the river next the train station, you can swim there! 👌🏼",1
33804,770963155924489071,2024-09-15,"My family and I enjoyed our stay at Daniella’s beautiful apartment, very artistic and the views were amazing on the roof top during sunset. The place was very comfortable for my large family of 6. We could have used an extra key since our family wanted to explore different sites. However, Daniella and team provided options for us. Thanks again. Best regards, Rose",1
33810,770963155924489071,2025-08-02,"Nice and modern place in a quiet residential neighborhood. A bit of a walk or bus ride to restaurants and shops, but a good option close to a cool area of town. Apartment looks as in the pictures and as a homey feeling. The rooftop is a nice addition with nice views - but there is no furniture up there, so not very usable. Thanks for a very comfortable stay in Zurich!",1
33815,776769647793613775,2025-05-27,"I loved staying here during my visit to Zurich. Cozy space, lovely balcony, great location right by the lake and the metro, and a safe and quiet neighborhood. Olga was a wonderful host. She offered me to extend my stay for free due to my arriving flight getting delayed, which resulted in me spending a night in London. Highly recommend this accommodation!",0
33817,776769647793613775,2025-07-31,"Olga was very kind to accomodate my situation, she was very prompt and helpful. Her place is quiet, comfortable and cosy, the balcony was a big plus, the location is great due to close proximity to Zurich's main attractions, and I enjoyed the stay to the max. If the occasion arises, I will definitely look to be Olga's guest.",0
33825,743372349924506137,2023-12-10,"Everything perfect. Nice flat, clean, good located, about 10 min by Tram to the City Center. Easy to Check in and we could also park just in font of the appartment. Thank you for having us Baptiste. we really liked it. (=",0
33826,743372349924506137,2024-01-26,"Enjoyed my stay at this Airbnb—clean, comfy, and well-located. The host was responsive and provided helpful local tips. Seamless check-in process and thoughtful amenities. Highly recommend for a hassle-free getaway. Will definitely book again!",0
33828,744189674376560543,2022-12-16,"Gloria’s place was cosy, warm, comfortable and spacious. I enjoyed my stay very much and would have loved to stay longer. The Vietnamese restaurant across the street Co Chin Chin was excellent and her mother was friendly, helpful and more than accommodating. The location and neighborhood is nice, but a good 20 + minutes long walk to HB for a more bustling and lively scene. Overall I would def recommend as the home is Super comfortable, and I felt right at home. Would not hesitate to return!",1
33829,744189674376560543,2022-12-28,"The room was so cozy and well decorated. The shower was incredible, and everything was tidy. Gloria was very kind and accommodating. Definitely would come back.",0
33845,780410031196887110,2023-07-30,"We found the home neat and tidy, with all the essentials available required for a family. It is walkable from Limmatplatz tram station, just 2 stops away from the central Zurich train station. The neighborhood was quiet.",0
33849,780458540827196394,2023-06-27,"The apartment reminds me of the early days of Airbnb, where you can stay were people actually lived. The place was very homey, with little interesting touches everywhere, and had a really relaxed atmosphere. Everything was as described and the roof deck was such a cool place to hang after being out exploring all day. The area around the apartment, particularly near the tram station, has some nice restaurants and a well stocked supermarket. Lous and Alex also were such gracious hosts, they were so welcoming and accommodating, always in constant communication. We hope to able to stay again at their place!",0
33852,780458540827196394,2023-12-26,"We had a lovely time spending Christmas in this beautiful home. The home was fully equipped with everything that we needed for our stay. The hosts were friendly, helpful and responsive. Would highly recommend. :)",0
33855,780917244283391530,2022-12-31,"Schervin is really nice. The maid forgot to put the bedsheet for 2 people and she put that only for 1 person instead but Schervin tried her best to reach the maid to get us a new bedsheet. And the comforter was a bit short/small , not enough for 2 people. Anyway, the apartment is ok, nice location and clean with necessary equipments.",1
33859,780917244283391530,2023-02-04,Nice little studio apartment not too far from the centre of Zurich. Schervin was friendly and very responsive. Unfortunately I was ill for some of my stay so spent way too much time in bed! Luckily there's a well-stocked supermarket nearby in Kreuzplatz so I didn't have to walk far for food.,0
33874,746258495944429875,2024-09-26,"Absolutely beautiful and spacious apartment full of light! Communication with Dimi was very easy and quick. The only thing was the lack of soap bars/aprons in the kitchen etc. made it feel a little foreign and not like being at home. Other that that, everything was really nice! Thanks Dimi for hosting us :)",1
33893,746258495944429875,2025-11-24,We stayed for 4 nights in Zurich to sightsee and enjoy the xmas markets. The place was easy to get too from central train station and from the airport. Plenty of trains and only one stop from the centre. Once there it was a short walking distance about 8 minutes to the flat. So very conveniently located and close to the city. Plenty of shops and restaurants around. The flat was very clean and spacious with all equipment as listed and internet available in working order. Kitchen fully equipped. We had a very comfortable stay and will return to the same place when we visit Zurich. The host was very friendly and responded promptly to our questions.,0
33925,746944790960120566,2023-06-16,"The apartment was clean and neat and described as in the post. Easy check in. Very comfortable bed and pillows! Kitchen had sufficient plates etc and the dishwasher was great! Location is near a train station, hence very convenient. 10 min train to Zurich station. However, the trains pass by the apartment till late and it can be quite noisy. Overall a wonderful stay!",1
33940,751379419923905342,2023-06-04,"1. communication could have been better, unclear if parking slot is included or not 2. on the last day, one of the building entrance doors did not work. The host (owning the whole building) should have put some signs on that door clarifying its defects. We found out it was broken by our selves, however the host replied very quickly and clarified the matter in a few minutes",1
33943,751379419923905342,2023-08-19,"The apartment was amazing and we felt like home in it. Isabela was very friendly and helpful with the check in. The apartment was equipped with everything we needed in the kitchen, bathroom and other miscellaneous like Apple TV and even a vertical iron. The bed was also comfortable and spacious. We had plenty of room in the wardrobe for 5 days worth of clothes. The area around the apartment is also very nice. There’s a river and a forrest, suitable for walks and riding a bike (we went jogging there a few times in the morning). Thanks for having us. Fully recommend!",0
33953,753523240882398688,2023-09-18,"nice apartment near supermarkets, public transports, bike sharing, restaurant, pubs, and still pretty quiet location! cool DJ apartment in modern building, essential bathroom ad kitchen (little dining table TBH) but overall nice. super responsive host. price OK considering position in Zurich and the city average.",1
33996,782447707656145356,2025-01-25,"Overall, fantastic, modern rental in a great location. The layout, design, and styling was top notch. The ease of digital pincodes was great to avoid keys. The only two negatives are an over-reliance on digital (check in process requires full passport info) and the only way to get help is through what’s app and working through a digital navigation system. The place was often too warm even with the heat off and windows open. Would stay here again for the price and location.",1
34012,782447707656145356,2025-04-20,"We stayed in a one bedroom apartment and it was a good size for a couple of nights. However the kitchen was tiny, we moved lots of clutter from the worktops which helped give extra space but I wouldn’t recommend this apartment if you want to cook full meals. Additionally they advise not to use the hob as it can set the alarms off, so you are limited to what you can cook. Good for breakfast and salads but little else! The location was great, near shops, cafes and transport links. The noise mentioned in other posts didn’t impact us, the church bells added character and it was quiet throughout the night.",1
34080,784790506221484152,2023-07-20,"The unit itself is pretty neat and comfy. Just a few minutes of walk from the nearest bus stop (Manesseplatz) makes it very accessible and convenient. However, the apartment does not have an elevator so if there are many luggages, it will feel a bit laborious to bring them all upstairs. Nevertheless, I certainly had a very pleasant stay here with my family, recommended if one is looking to stay over in Zurich.",1
34092,761544444376051217,2024-06-22,The place is beautiful and the host is really Nice to communicate and help. The only con is that the house doenst have wifi and has a stair walkup,1
34099,784790506221484152,2024-06-14,Great location for price and easy to get to through public transit. Spotty wifi while in parts of the apartment,1
34127,762135776495249165,2023-06-10,"The apartment is comfortable and very well situated, right next to a suburban railway line with frequent service to the city center. The host is very responsive and helpful. The only downside is that the bed is short and small for two people.",1
34159,786125923672610340,2024-07-21,"Nice place, second bed not the most comfortable and shower not the best, but a nice calm oasis to stay in. Pre plan your journey if you’re coming with a suitcase or two.",1
34166,762135776495249165,2025-08-26,Vanessa’s place was as described. Fairly new and had everything we needed. We were met by the host and showed in which was very helpful. It’s a little way out of Zürich but the train is only a few hundred metres away and easy to catch with 10 minute services. Highly recommend.,1
34177,787584214704321805,2023-01-18,"Andrew is very nice host. My arrival was late but he allowed flexible check-in and check-out. The flat is at 4th floor and there is no lift. However, Andrew helped me with the bag. It was 5 min walk to tram station which can take you to train station in 10 min. I would recommend staying at his place.",1
34186,791147078481973687,2023-07-05,we enjoyed the stay very much. and look forward to go back to Blueground next trip,0
34195,793885972392464384,2023-10-29,Elizabeth is very helpful The tea and coffee provided at the kitchen are of high quality The house is warm during fall The neighborhood is quiet. Nice for a getaway,0
34209,807673500411077145,2023-06-23,We only stayed overnight before a flight but the place was very well kept and clean. We only wish we could have stayed longer! Would come back for a longer stay in Zurich.,0
34226,807673500411077145,2023-09-25,Great spot! Very clean and spacious Airbnb. The only thing that was an issue is that the entry and parking instructions were confusing so be sure to double check that the map matches where you are!,1
34294,793885972392464384,2024-06-01,"The place was convenient to the busstop and easy to find. however it is the last stop about 20 mins bus ride from Zurich HB so it may be a while to reach. but there are supermarkets abt 2 busstops away or 10 mins walk away. house was well equipped but since pets are allowed, there were furs on the sofa which may not be suitable for those sensitive to pets",1
34307,795455372759094505,2023-05-21,Itamar is a great host. We felt very much at home at his place and Itamar did a great job explaining everything to us. The place is very close to the tram and bus station and quiet. Would come back anytime.,0
34310,795455372759094505,2023-07-29,It was wonderful and the host was super helpful and nice!,0
34335,807687294713917562,2023-02-12,"Very nice apartment, like the description and the pictures in the advertisement. Great location!",0
34346,796155553016388784,2023-05-07,"Since I treated Thomas with sincerity and respect, I would have appreciated it if Thomas had made more effort to communicate with me clearly & face-to-face instead of badmouthing me. It was my right to change the reservation within the allowed period pre-defined by Thomas. From the review he left me, I could tell that he was inpatient when texting me on the platform. And When I found out that the check-out time was different than what I expected, Thomas assured me that it was okay to stay. However, he was just being ingenuous - I do not consider that as politeness - because by that time, I already cleaned up the room and could have left at any time. It is not okay to say ‘it’s okay’ but then badmouth someone afterward. I really tried to be respectful. Please do not be so hostile.",1
34349,796155553016388784,2023-06-04,"My partner and I stayed there for 2 nights and below are our thoughts. Pros - Friendly host, clean room, walkable distance (5mins) to the nearest bus stop at the main road. Cons - As the room was located at the 2nd level and facing the road, it tends to get quite noisy at night (vehicle sound, passer-by chatting etc). Kettle provided in the room was quite dirty but there was another one in the kitchen so that's okay. Overall a nice stay!",1
34375,796312598977684326,2024-08-04,"Unfortunately let down with amenities no longer accessible to guests because tge TV and patio were off limits in roommate's quarters. I specifically picked the place to watch some Olympics at night and relax on the patio with the nice breeze tgey have. The bedroom was very dusty, I turned on the roommate's and it also 10 degrees warmer then the rest of the house with no fan in the room or chair. The bed only had the mattress sheet and a thick blanket. He should adjust the amenities to show it's just the bed and access to shared kitchen and bath. It could be so much better with 30 minutes of cleaning and a fan and chair would be great to have.",1
34379,796312598977684326,2025-07-14,"Great place to stay for a quick trip to Zurich. As stated, the bedroom has its own lock and key. As a female traveling alone, I felt completely safe there. Great location too, easily walkable but public transport was nearby if needed.",0
34395,807687294713917562,2024-08-09,"I recently stayed at this Airbnb and found it to be a spacious and comfortable spot. The place itself is quite nice, with ample room to spread out and relax. However, the amenities provided were quite basic. One thing to keep in mind is that the host is unavailable after 9 PM, so plan accordingly if you anticipate needing anything in the evenings.",1
34405,797575777508179682,2023-05-28,The location is great - but the church bells can be bothersome as others have commented. To us it was just part of the Swiss experience - but you need the windows open and the bells are loud,1
34462,797575777508179682,2025-09-25,"The property is in a great location with restaurants , coffee shops among other things around the area and is very walkable. The place is clean and organized. The properties communication is efficient. However, for check in to the property we had to wait an extra 1.30 hrs as the room was not ready for us at the check in time. But other than that the place is great and still would recommended it.",1
34474,797663636479617672,2024-09-17,Nice experience staying in Zurich with Numa. Very easy check in and responsive host with great communication the whole time. Excellent location in the city from nearby supermarkets and city sights. Thank you for having me!,0
34475,797663636479617672,2024-12-26,"The apartment is well located. 3 stops from zurich HB. The apartment is as pre what was described and clean. However, we have an issue with the shower drainage. The drainage seem choked and water seem to flow down too slow. We have to off and on the shower head intermittently for the water to drain off. This is quite frustrating. Response from the team was quick, however they repairman wasn't able to come soon due to public holiday.",1
34489,797672457202738457,2025-11-13,"A great apartment, with black out blinds. Very clean and tidy. Really liked the location too, as I was there for work, and it was centrally located to a lot of stuff. Also, I had access to lockers in the building on day of checkin and day of checkout which was super convenient for storing my luggage. Highly recommend!",0
34491,797672457202738457,2026-04-29,Awesome place! I was shocked with how spacious it was. Very clean and modern and loved the windows! Laundry service was so helpful in the middle of our trip!,0
34499,798205443246657580,2023-06-04,"Thank you Tomas! For the nice welcome, great communication, flexibility and everything! Tomas is a great host!",0
34503,798205443246657580,2023-06-22,"What a lovely place to stay! Tomas' home is clean, well-kept, and comfortable. Tomas as a host was insanely helpful with recommendations and making sure you have everything you need. The bed was comfortable, the bedroom windows had a nice view of the neighborhood, the room was spacious. TV + Netflix. Fast internet. Nice kitchen, very clean and inviting for your use. Bathroom was very clearn, shower was great. The only ONLY critique I had was that it got reaaaaally hot at night and there are mosquitoes so you can't open the window all the way when you sleep. Keep in mind in the summertime, I visited in mid June.",1
34511,799287406768677423,2024-07-24,Wonderful apartment in a great neighborhood. Very close to the tram/buses. the apartment was clean and had a lovely balcony. I would highly recommend staying again in the future.,0
34513,799287406768677423,2025-04-28,We had a wonderful stay at Daniela’s apartment! It had everything we needed and was a quick walk to the tram to get anywhere in the city. Daniela has a lovely home in a quiet neighborhood and was super kind and responsive to anything that came up. Would definitely stay again!,0
34516,809441668318244477,2024-06-24,It is what you see on the images and in the description.,0
34527,799750007761030919,2024-12-27,"Good location, comfy bed, plenty of hot water, room temperature was fine, very quiet. Our only complaint was that there was only one small set of shelves to place our clothes. There was no place to hang clothes, all closets and most cupboards were taped shut. Except for the large kitchen table, there were lots of decorative items on most surfaces that also limited our ability to place our things. We felt like we were moving in on top of our host. This was not a major inconvenience, however, and is something that could easily be remedied.",1
34534,800561891437522113,2023-07-30,"We stayed in the apartment for a week. Tania was very helpful and active . The apartment is spacious, clean and with a great view . The only problem is the parking of the car ; better to go without car because the parking is very expensive.",1
34543,800561891437522113,2023-10-12,"Overall, it’s exactly what we expected! Tania was easy to work with, and responded quickly to all our questions. The apartment was in great condition, and had everything we needed. There is a cute little co-op down the street, so we were able to get some groceries, and it was easy to catch an Uber into the main part of Zurich (approx 10-15min drive). As mentioned by others (so we were already mentally prepared), there is no ac, but there are fans in each room, and there is no elevator.",1
34577,812041505324942078,2024-06-19,"The host is really friendly and helpful. The room is basic and comfortable. The other flatmates were also very nice. The only downside for me was the hilly location. I arrived via the main train station (lines 13 or 46), and while the bus/tram stop is only a 10 minute walk from the apartment, it's a steep climb and I carried heavy luggage.",1
34578,812041505324942078,2024-07-04,A good and clean place to live. Place and traffic are good and convenient. Price is reasonable. But the sound isolation in the apartment is not perfect. If you are easily awakened by noise you need to prepare earplugs,1
34595,812356569172133661,2023-10-08,"Willimien & Roberto’s apartment is really home from home. The communication was brilliant and excellent instructions making it easy to find. We loved the local area and especially being able to get to the river for an early morning swim and collect delicious pastries on the way back. We walked to the centre of Zurich, which may not suit everyone but an easy route down. Sadly we didn’t get to meet them but we really appreciate everything they did to welcome us to their home. Kay & Monica",0
34606,812356569172133661,2026-06-03,"Lovely place and lovely people. Room is spacious and comfy. Location is ideal, it is only a short 25 minute walk from the centre. The hosts are very welcoming and accommodating, and they are also great people to have an interesting conversation with!",0
34618,800719670974969387,2023-10-14,"It was very conveniently located near public transportation. We did not meet our host Sofia, but the other host Fabienne, was kind enough to explain everything to us. The house also had a kitchen and a washing machine, which was very helpful for us as we were traveling for a long time. We had a very comfortable stay every day. I recommend it!",0
34625,800719670974969387,2025-08-16,"We had a very good experience! The flat is as described, and the hosts were very friendly! It’s very well located, super close to tram stations and supermarkets! The only suggestion I may have is that lighting is quite low in all the flat, and (even though we were informed as per description) it’s true that there are way too many things all over, and there is very limited space to place our bags and stuff. Other than that, I totally recommend the place and I would come back as well! Thanks ladies!!",1
34645,813360337250214922,2023-08-23,Sonia and Pablo provided everything in the info pack (the only issues we had were because WE didn't read it properly first time round!) They were able to provide parking onsite (it's OK for a small car) The location is right next next to the tram which made getting in and out of the city VERY easy We were NOT at all bothered by the noise of the trams during our stay,0
34650,813360337250214922,2023-09-07,"Great place to stay! Easy tram ride to Zurich and they come often. Place was clean, had everything we needed even coffee pods for the nespresso, nice kitchen with fridge was super useful. Easy to access the condo with the key pad. We had slight trouble finding the place at first when we entered the adress on the gps but fairly easy to find. We are people that live in a city so the noise level was completely fine with us however they left earplugs at bedside if we needed them. The only thing I would add is a safe to place items like passports and stuff but I would totally recommend this place/come back!",1
34675,801360818468304522,2024-05-09,"Both the apartment and the host are extremely nice! We like the apartment a lot. Looks exactly as the photos. Has everything we need and very clean! Great neighbourhood, beautiful solurroudings, and very convenient for public transportation. Antoine is super friendly, responsive, and patient! Lucky for us to stay here for a month!",0
34676,801360818468304522,2025-05-18,"I had a great stay at this cozy studio! The host, Antoine, is very friendly and provided all the necessary information well in advance, making check-in and orientation super easy. Communication was always smooth — he was easy to reach whenever needed. The studio is exactly as shown in the pictures: clean, nicely decorated, and with a lovely little garden. The building also offers free access to a washing machine and dryer, which was a big plus. Located in a quiet residential area, it’s just a short walk to supermarkets, bus and tram stops, and about 15 minutes from the city center and central train station. I truly enjoyed my stay and would happily return!",0
34710,801866305812779717,2023-09-21,"Angela's place was a great find. The location was very close to the train station, and we were fine getting there with our luggage upon arrival. The apartment is in the middle of restaurants and shopping and is quite lively with some street noise. The street noise was not a problem at night as it did quiet down. We were able to sleep well without disruption. One of the best things was the hosts, who were extremely welcoming and personable. If in the area again, we would definitely book this spot.",1
34713,801866305812779717,2023-10-01,"I’m glad I booked Angela’s place off of the reviews. I was a little weary of the photos, but they don’t actually do the place any justice. The apartment is bigger than it looks with 2 separate living rooms with a sofa bed in each and also a bed room which was the perfect amount of space for 4 guests. Excellent location.",0
34761,801891962420139241,2024-06-28,"This trip to Zurich like returning home: This house is spacious, comfortable, and convenient for transportation: the hostess is warm and thoughtful and great!",0
34764,803673423933970692,2023-07-02,"We really enjoyed our two nights at Rocco’s place. Super easy to get the tram into Zurich, and very conveniently located for supplies from Aldi. The apartment itself was clean, comfy and perfect for our family of four. Rocco was super helpful, even popping round after work to supply us with an extra sheet. All in all, highly recommended.",0
34790,816647174110717748,2023-06-11,"We had a lovely time in calm, clean Rob's apartment in Zurich. Rob was a caring and responsive host. He recommended things for us in the neighborhood such as using the beautiful public pool across the street. We had plans with friends in other parts of Zurich, so we did not explore the neighborhood restaurants, but there seemed to be plenty.",0
34798,860823521329212488,2023-06-08,"The location was great! It was right next to Grossmünster church and nearby lots of restaurants. Could walk to Zürich HB in around 18mins or catch the tram from a few mins away. Self check in was easy, team was very responsive to any questions as well as providing information prior to and during our stay. Although there was construction on the streets surrounding, we didn’t find the noise to affect our stay. Everything was provided in order to cook and clean during our stay, the only thing missing was a TV. We would highly recommend to stay here and would stay her again!",1
34812,860823521329212488,2024-11-04,Location was wonderful. The kitchen had everything needed to make a simple meal. The patio is a nice and quite space. We had some issue with the electrical in the living room. The team was responsive to our concern although we didn’t ask them to address as it did not impact our stay.,1
34814,816647174110717748,2024-10-13,"Thanks Rob for making us feel like at home. Great location, approx 10min to Center by tram which was rather close to the apartment. Rob was very flexible and let us check in and out in our preferred time. I will recommend.",0
34834,867114919829948530,2025-09-07,"When we arrived, the place smelled fresh and brand new which impressed us. However, most of the essentials we needed for cooking were barely available. In addition, there was a lack of communication as some of our important questions went unanswered by the host which was frustrating for us.",1
34900,869261422741466411,2024-08-01,Wow! This apartment was stunning and in the perfect location. Milan was an incredible host. So responsive and incredibly kind and helpful. This was at the end of our family’s 3 week vacation and it was the perfect place to end our trip.,0
34903,869261422741466411,2024-08-16,"Milan is wonderful and the flat was amazing! Milan greeted us and gave us a quick tour of the flat, along with some recommendations on exploring the area. His restaurant downstairs was wonderful with friendly service and good food (and gelato). The location was perfect to explore the local area, and quickly access transportation. The place was spotless and the decor was fun. The cherry on top was the rooftop terrace - the pictures don't do it justice. We spent an evening up there enjoying the city lights, church bells ringing, and a local artist playing beautiful music on the streets below; and mornings sipping coffee and enjoying a croissant. Wish we could have stayed longer - loved this place!",0
34953,817290390244943332,2024-02-16,Lukas place is a good 3 bedroom getaway right in the action in Zurich. Lots of restaurants and bars around and public transport within reach. The location is quite convenient for business in Zurich however if you're sensitive to noise it is a bit of an active bar area so there is always some noise during the night. Otherwise nice place and if you close the windows then its fine.,1
35023,817290390244943332,2024-09-11,Commincation was awesome. Great rooftop and rooms very nice. The only bad thing was super noisy night life outside late into the night. But host and place were great.,1
35030,823926119878115850,2025-07-27,"Great place to stay and a perfect host. Charming place with plenty of character. A vibrant neighbourhood and walkable to the city but the flat itself remains peaceful for an undisturbed night. I would gladly return, Mari made me feel completely welcome in her home and her recommendations for the city and the quarter were tip top.",0
35033,823926119878115850,2025-10-05,Up and close to the Central Station. The host was very helpful and i had a quiet night.,0
35049,871569367098563199,2023-08-22,Jules was a great host. Quick to respond. Let us drop off our bags early before checking in. Location is close to trains and tram station. Very hot when we visited. Beds and pillows were not the most comfortable but the space was large and the bathroom was nice.,1
35078,871569367098563199,2025-01-11,Awesome location and very convenient with many amenities within walking distance. The apartment was perfect for my stay.,0
35095,872343712931267300,2023-08-20,The house was very close to the lake and clean & cozy!!,0
35114,872343712931267300,2025-05-05,"I enjoyed my time at this apartment, it was very close to the opera house and in a beautiful neighbourhood on the 3rd floor of a nice building, but there is no elevator. The room was beautiful and the apartment is very modern with good amenities. If the bathroom and the bedroom had been a bit cleaner it would have been a 5/5!",1
35121,872521064940552667,2023-07-03,Great place for the weekend. Antranik and his wife Florence were very responsive and made us feel right at home.,0
35137,873117844498595674,2023-08-01,"We loved Nico’s place! Nice high ceilings large rooms, not to many stairs, parking right at the front door, king beds and one of the bathrooms is just huge and beautifully redone and the shower was perfect (A rare find in Europe where most bathrooms are small). Really appreciated the racks/shelving in the rooms for storing things. The kitchen is small but for traveling/vacationing it was perfect.",0
35154,873117844498595674,2023-12-15,"Nico's place was great for a family to explore Zurich and surrounds - a short tram ride to the city centre, gave easy access to Zurich's sites as well to the main train station. Nico was responsive when we first arrived",0
35259,876012602984828916,2024-05-20,"Nice place, next to the tram stop. Very nice and usefull for a family",0
35272,876012602984828916,2026-03-03,"This was our second stay at this property. It's exactly what we were looking for/needed. We loved the feel of the apartment. The instructions very clear, the apartment is clean, the beds super comfortable, the kitchen well-equipped. The parking spot right in front of the house a big bonus. The city center is a quick tram ride away. And the host very hospitable, friendly and responsive. The only downside is the location of the property on a very busy street with traffic, two tram lines and a church close by (regular ringing of the church bells). However, the windows are double pane and almost completely block out the noise. We hope to be back! Thanks :)",1
35289,826559073027703243,2024-10-27,"Anissa’s place was spotless and perfect for our one night. It was close to the train station, restaurants, and down town. We even got to drop our bags before exploring the city which contributed hugely to our amazing experience. The only negative about this place is the noise that comes from the street (granted it was a Saturday night). Otherwise, Anissa was very delightful and I would recommend her place to anyone I know visiting Zurich!",1
35298,878026895426691607,2023-06-22,"First lets start with the host, Valentino is superb, flexible, and friendly, he’ll go an extra mile to make your stay comfortable, like I requested for 3 portable fans and they were at the place, 3 new ones, he is more than a super host. Now the place, its very clean, nice, modern, and in a peaceful neighbourhood but still close to shops, grocery, restaurants, and public transport, all on foot. All basic amenities and necessities were at the place. Infact, we were also provided with some complimentary snacks, drinks, and fruits. The location of the place is also great as its not far away from the city centre, easily reachable by public transport. I would definitely recommend this place, five stars to the place and Valentino.",0
35304,878026895426691607,2024-05-12,Valentino’s house is perfect. I stayed there with my family. He is very friendly and went above and beyond on our request to get few items arranged as we were checking in late with our toddler. Very respectful host and has amazing house. All the amenities listed are provided. Everything about his house is great. We rented a car so we did get the parking spot as mentioned. We would love to come back again and would highly recommend his house. Thanks,0
35319,878281922203565883,2023-08-04,"Mario’s place is located very close to the central part of Zurich, we walked everything by foot. Mario was fast to communicate although we found we had to message him frequently due to issues. We felt like we needed to do the legwork as guests. The keys were collected from a different location, you have to instal your own blinds otherwise you’re totally exposed, we had to ask where the guess towels were and I touched wet used towels under the bed and check out instructions included us having to empty the bin and find a specific one on the street which I couldn’t find. I ended up walking up and down the streets with a bag of rubbish before I was told I could just leave it for the cleaners.",1
35357,826559073027703243,2025-06-11,"Anissa’s place is very convenient, it right close to the train station. It is spacious with open living room and kitchen. However, it is not professionally furnished and decorated. A decent bed and furniture would be needed; the window curtain there does not cover the whole window. There was a lots of books piled up on the walkway of the living room. Hire a professional decorator, add a decent bedroom set would go a long way to improve the property, and make the guest staying more comfortable. If furnished right, house / room could rent at higher price. As it is now, the bed we sleep on making noises when we turned our body.",1
35386,878281922203565883,2025-06-12,"Mario’s apartment is perfect for a stay in Zurich, has all you need and the only downside is the uphill to get there from the station, would recommend!",1
35420,883752842761390254,2024-06-03,"The apartment had everything we needed, kitchen was greatly equipped and Dimi was nice to provide with the basics (salt, kitchen towels, cleaning product, dishwasher detergent). On top everything was clean, bed was comfortable and the place is very quiet. Unfortunately it was not nice weather but the terrace would have been amazing for breakfast and coffee. The location is amazing, trams go very often and within 10 minutes you can be in the city centre/lake side.",0
35424,883752842761390254,2024-07-08,Dimi’s place was exactly the way it was described. The house is perfect for a 4-5 day stay. It’s close to the station and easily accessible by tram. We loved staying here and would definitely recommend this space to anyone looking for affordable and clean accommodation in Zurich. Worth every penny! Thanks Dimi for the wonderful experience.,0
35438,827268614586080000,2024-07-10,Location was good. Just like anything else in Switzerland the apartment was easily connected to train. Lots of restaurants in the area and a short walk to the water front as well. Apartment had everything we needed. The cleaning was done three times a week which was very nice. Apartment was spacious with lots of room for my infant to run around when we were at home after a long day. The only one minor inconvenience was the main bedroom got really hot at night. There was one fan provided by it wasn't really enough on hot days we were there. There is one AC in the hall which works well for the hall when we were seated there.,1
35471,883805841039600250,2023-12-03,"It was great to stay at Dimi’s place! It was very clean and looked exactly as the picture. Only thing worth mentioning is to not walk to the place with luggage from Zurich HB. The map will say it’s only 10 minutes but the path to the Airbnb is a lot of uphill and stairs. Take the tram instead, and it is super close. Thanks Dimi, it was a pleasure",1
35476,883805841039600250,2024-05-19,Great stay and great deal. Really enjoyed the apartment and the area was quiet at night. Would book again!,0
35519,827558458176105861,2025-05-22,Sherley and Sofia were very nice and helpful. the place is perfect and central an well conncected with the public transport. it was as to be at home. thanks to the host for evrything. hope to come back soon.,0
35545,883822562499681135,2023-12-26,there is a perfect place. really clean and quiet space. but the sink does not work well in the bathroom. it is the only thing that is uncomprtable.,1
35552,827558458176105861,2025-10-15,"The hosts were very responsive to my questions and they also provided recommendations for restaurants, cafes, and things to do in the area! The room and bathroom were very clean and felt very home-like. Would definitely recommend staying here!",0
35559,883822562499681135,2024-04-05,"Exact to the listing, the furnishings in this apartment were very high end with a great TV, a height adjustable study table. The sofa bed was thoughtfully set up for us. The location was also amazing and easily accessible by tram. To walk from the main station might be difficult because it is upslope but the tram made it easy. We knew from other reviews that the kitchen was not stocked with cooking supplies like oil and condiments, so we brought some. But it would still have been nice to have a few on hand for short stays especially for things like dishwasher tablets and laundry detergent. Overall a pleasant stay.",1
35579,828153919418355293,2025-07-06,"The bedrooms are quite nice and the location is quiet and beautiful. Near a public pool where we went and our kids swam. It’s quite close to the airport and multiple bus lines (easy to get to main train statio ). The whole place was quite clean, but the kitchen and bathroom are a bit shabby. 4pm check in is a drag (would be improved to have the key code to just drop the bags earlier).",1
35586,883840255220390833,2023-06-21,"Tania’s place is located in a quiet neighborhood, yet very close to ""central"" and the main station. The apartment was well-equipped, modern, very clean, and spacious for a family of 4. However, the weather was hot and humid during our stay, and the apartment felt like a greenhouse. We were aware of the lack of AC, but we could not keep the doors open either due to bugs. There was only one fan in the entire apartment, and as we were a family of 4 and slept in two different areas, one fan was not enough.",1
35596,883840255220390833,2024-09-13,This is one of the newest and cleanest airbnbs I have stayed at. It’s also quite easily accessible (near tram stop and has a lift inside) but peaceful as it is in a residential area. I would happily stay here again.,0
35624,828179479306496732,2024-07-11,"Blanca was a great host! I was traveling alone and she made me feel very comfortable and at home. She gave me great recommendations, allowing me to see so many nice parts of the city. Hope I can come back to Zürich and stay with Blanca again!",0
35636,828179479306496732,2025-07-06,"Blanca was very friendly and welcoming, everything was as it said in the description, a short walk from the tram stop it’s very quick to get into/from the city centre. Would happily recommend!",0
35685,887355391301981871,2025-02-05,"luiz is a very good landlord, he is very warm and friendly, the location of the house is very easy to find, luiz helped us to park the car and pay the fines, thank you very much, if I have a friend who is coming to Zurich, I will recommend luiz's house!",0
35687,887355391301981871,2025-04-17,Great stay—super close to the Oerlikon train station. Luiz was super friendly and kind!,0
35696,829420766709616396,2024-05-12,Michal's place was lovely! Had lots of space and was close to transportation to get into the city. Easy check in and check out.,0
35708,829420766709616396,2025-08-29,"Michał’s apartment was a beautiful place to stay, and was very conveniently located for public transport (tram and bus) into the city centre. It was also very convenient to get to the Stadium, which was the primary reason for our visit to Zurich. We had a great stay, Michał’s communication was great and we would definitely recommend this apartment to others!",0
35715,830173842208584712,2023-04-14,We thoroughly enjoyed our stay at Melanie’s home. The apartment was very clean and comfortable with great facilities and it had a beautiful terrace to sit outside. We felt like home away from home and would have loved to stay longer. The location enabled us to visit Zurich centre with ease and also enjoy the local countryside. Melanie was easy to communicate with and always quick to respond to any queries. We would not hesitate to recommend staying here!,0
35717,830402342617740629,2023-05-22,Zeke was very nice and friendly. He made the process smooth and it was a pleasure to be there. I would highly recommend!,0
35718,830402342617740629,2023-06-01,"Thank you, Zeke for being a fantastic host. Everything was as described. The apartment's location was absolutely perfect, and it was impeccably clean. Everything from groceries to restaurants to tram/bus/train transportation within a 3-5min walk. Zeke was always ready to help whenever I needed anything.Can't recommend Zeke enough!",0
35727,888340299922627619,2023-07-30,"The perfect place. Has everything you need for a stay in Zurich. Super close to the tram stop, very clean, organized, and nice place. Super responsive host, easy check in and check out. We loved it",0
35729,888340678306710579,2023-05-24,"Best place to stay in Zurich! Really nice neighbourhood, area and staff, the check-in was easily done by myself but the host was always ready to help. Just amazing! I cant wait to come back",0
35731,888341691372485180,2025-08-15,"Excellent stay. Stephanie was a great host, very responsive and friendly and even gave me recommendations on places to eat in the area. Very clean and comfortable. Thanks Stephanie!",0
35734,831010255437719912,2023-12-24,"Overall good house with great view! However there was a bad cigarette smell and it wasn’t clean enough. Also, all of their clothes and stuff were in the house so there wasn’t much space for ours! You can easily find super markets nearby and stores for food and drink. Nice view anyway!!",1
35736,834935368984865069,2023-03-26,"My staying at the apartment was perfect. Big and spacious apartment, you can find so far everything you need to feel as home. The location is great since it’s in a very calm area and easy to reach by public transport. Thank you so much for everything I will definitely come back soon.",0
35738,888341905942818073,2025-06-23,"We had a great two-night stay at this apartment in Zurich. The flat was clean, recently renovated, and conveniently close to public transport, though not in the center of the city. The only downside was the lack of ventilation and a fan. With temperatures reaching over 30°C during our stay, it got quite hot, which made it a little uncomfortable at times. Overall, though, a very pleasant stay, and we would recommend it for those who don’t mind a bit of heat during the summer!",1
35742,889457239512430257,2023-12-03,"The appartement is small, but in a very convenient location with good public transport. The kitchen has everything you need, and the balcony overlooks a quiet yard between the buildings.",0
35750,889457239512430257,2025-05-24,"Very minimal and lacking. The host expected us to bring/buy our own bathroom soap, laundry detergent, nespresso pods. I would've appreciated at least a heads up in the check-in instructions that I'd need to prepare these ahead of time. It was frustrating for us to scramble to buy shampoo/body soap ourselves late at night and not be able to use the washer/dryer (which we explicitly filtered for when selecting this Airbnb). There was also hair on the dish sponge (would've expected a new one between each guest). Overall felt very cheap. Check-in times are a bit constrained so check your travel plans first. No flexibility with leaving luggage at the doorway after checkout. Location is great and the apartment is very spacious. But unfortunately would not recommend.",1
35773,835481714246032290,2023-10-02,"The host was very clear with directions, and proactively communicated. The unit had a large bed, and was very clean. The only thing that was not expected was that the bathroom was in a separate unit across the hallway. It was a private bathroom unit just for us, with a lock and key. But that wasn’t clearly advertised and was a slight inconvenience. Otherwise the location was great, close to public transportation, great food, and beautiful views.",1
35805,835481714246032290,2025-02-15,"The apartment is very well located—close to the train station and surrounded by bars, restaurants, and grocery stores. Haoran provided clear instructions and was very responsive. Unfortunately, the room itself was quite disappointing. It is somewhat isolated from the rest of the rooms, requiring additional stairs and a terrace crossing to access. The bathroom is not en-suite nor private; it is across the corridor and shared with others. The room was cold, taking hours to warm up even with the heater at maximum. The duvet was too light for winter, and while a spare was available, I was unsure if the cover was clean.",1
35822,889889984575318825,2023-06-21,Tania’s place is about 15 mins walk and 10 mins bus ride from Zurich HB train station which is very convenient. Amenities are new and stylish. Though during our stay in June there were lots of flies but we could not close the windows due to the heat.,1
35826,889889984575318825,2024-03-15,"Apartment was great and very new. There were some basic items missing like liquid for dishwasher and extra paper towels, but beyond that had the basic needs. We originally were booked into a separate Airbnb closer to the center of town but found it was not cleaned before arrival so dimi moved us to a separate Airbnb. It was further from walking distance to the restaurants but the quiet neighborhood was still very nice and apartment was great.",1
35836,891702599108405529,2026-01-02,The place is a floor of a small and beautiful Zurich villa. The place is very quiet and central. The amenities worked great and communication was smooth and friendly. Highly recommend it!,0
35839,893155018666068269,2023-11-24,"The place is generally clean and tidy. Check in is easy but you have to plan your schedule well as the check out time is quite early, 10am. This is an airbnb and you cannot keep your luggage at their place before check in, you can use the locker in train station but it costs CHF 9 for 6 hours. The place is not close to the train station but you can still go there by tram or you may consider Uber if you are with many or heavy luggage. The host is nice.",1
35841,893155018666068269,2025-08-16,"We visited Switzerland in the month of August for 6 days. We had an amazing time at Dimi’s place, it’s one of the beautiful apartment located right in Zurich near the main train station. The place was equipped with everything we needed and we found the place to be cozy and convenient. The tram station is just nearby 2-3 mins walk and main station is 12-15 mins walk. You can easily carry your luggage from the main station to the apartment. There’s a very big coop store located nearby. Apartment is fully equipped with a lot of amenities like coffee maker, toaster, hair dryer, iron, iron board, television and WiFi. The wifi speed is also great. The balcony view is amazing. Overall we loved the place and had an amazing time in Switzerland.",0
35849,835565712641029153,2023-06-03,"Great location close to restaurant and shops as everyone has mentioned. However it was a different unit/layout than the pictures. A/C was not working well so the room was generally hot all the time. Some cracked floor tiles. Felt bare minimum. Fine for a night or two, but would not recommend prolonged stay. Other than a mediocre stay, Haoran was very nice and responsive.",1
35859,835565712641029153,2024-01-06,"The location is great, however the apartment is very small. It is clear the host wants to provide the bare minimum to make the place livable, having only 1 very small pillow per guest and no additional bedding/linens/anything really. Also, the wifi worked very poorly, and eventually stopped working all together, which was difficult for out of country travelers depending on wifi for use of phones.",1
35875,895493074447184134,2024-04-14,"The appartment was super clean, the host was very responsive and friendly, and the self-check-in process was straightforward. Everything was perfect. The only drawback is that the apartment is a 30-40 minute walk from the city center.",1
35877,895493074447184134,2024-05-20,"Overall good experience. Positives: - communication was very easy and clear - check in and check out was super easy - location was good - very clean - very walkable - a lot of restaurants around - good location close to the city - nice balcony Negatives: - A bit expensive for what you get - Checkout time was way too early at 10am and check in at 4pm - Hard to find parking spot - missing amenities in bathroom like shampoo etc - smoke from other apartments was annoying at times - every lamp in the apartment has a different button, was fun to find them tbh but took too long to understand how to turn on all of them",1
35881,897011883925294207,2023-05-27,"Arina's apartment was clean, practical, well-located and pleasant. We did get off to a rough start however since the key had slipped down from where Arina had left it and it took 2 hours before we could enter. Nonetheless, Arina was extremely responsive and through a number of phone calls, we managed to resolve the entry issue. Arina also provided recommendations for around Zurich. Outside the bustle of Old Town, the apartment is well-located on a number of tram lines, across from a lovely green park. We would definitely contact Arina should we return to Zurich (great city BTW)!",1
35922,898803289581533441,2024-07-09,"Very nice place, super spacious and very clear guidebook. The floor was a little bit dirty (we found hairs not belonging to us, little bit of debris, etc.). The neighborhood is also not ideal, there were many strip clubs in the area and not many people. We were right next to the tram station, however, so had easy access to all of Zürich. Overall, very nice spacious place and responsive hosts, just issue with the cleanliness and the surrounding area.",1
35931,898803289581533441,2024-09-26,The place feels right at home and it had everything you need to ensure a comfortable stay. We think the kitchen was perfect and the apartment itself was massive which adequate furnishings. The only issue we had with the apartment was the construction work next door. We stayed on the A side of the apartment and the noise started every weekday at 7am and stopped around 5pm. There’s also no elevator so be mindful if you have heavy luggage.,1
35945,835625025024303651,2023-07-01,"The budget Airbnb stay was a bit bare bones with minimal amenities, and guests should pack light due to many steps. The host was responsive, and the location was great, close to the train station and restaurants. However, the apartment lacked sufficient towels for two people. While it was surprisingly quiet, an issue with the AC arose on the last night, though a fan helped. For those on a budget, it's suitable, but others might prefer upgrading to a hotel for more comfort.",1
35950,835625025024303651,2024-06-20,"The place is nice and clean, right near the old town, lake and almost everything. The only inconvenience is no elevator. Our room is on the 4th floor. We have to go up and down few time a day. It is recommended to indicate this in the description. Some people may not be suitable for these rooms.",1
35992,898803294461571982,2023-10-26,Great location! Easy to find and access! We enjoyed our stay. They accommodated us at the last minute and were pretty responsive. The only thing I would have appreciated if they had some extra blankets as it can get cold at night. We were pleased with a property and our overall stay. Great experience in Switzerland! Thank you for hosting us!,1
36029,898803294461571982,2024-11-27,"Had a wonderful stay at Cher's flat! It was very clean, cozy, and thoughtfully maintained, making it a perfect space to relax. The location is fantastic: just a short distance from the city center with public transport only a few minutes away, which made exploring Zurich super convenient. Check-in was seamless and user-friendly, making the entire experience smooth and enjoyable. Highly recommend!",0
36072,898803298900946366,2023-08-16,"Cher’s place is convenient to the city centre of Zurich. Had a small issue of bathroom lightning and had someone over the next day to fix it, great response time. There’s also paid street parking if you’re driving, however most of Zurich street parking limits to 2 hours, unless overnight.",1
36081,898803298900946366,2023-10-05,"the apartment is awesome. close to tram, groceries, and some restaurant. just about 5 minutes by tram to the main train station.",0
36166,841091757250001536,2023-04-30,Nice clean place. Not close to the main city center but plenty of busses and trams you can take.,1
36171,841258749433274419,2024-05-23,Very nice garden and close to the nature. I like 😀,0
36177,841258749433274419,2026-05-26,"I booked Irene's place for my guest. He needed to get enough resting time and despite the constructionside, it is very peaceful there. On the weekend it was completely silent. The house is cozy and the kitchen is well equipped. The area is beautiful, a small supermarket and bus is at walking distance. My guest was very comfortable at Irene's place.",0
36180,841865455074739199,2024-06-21,This was one of the best air bnb experiences I’ve had. Stefanie was a lovely host and I really felt at home. Her house is beautifully styled with fantastic amenities and location.,0
36191,900444146921410444,2024-02-21,"Like the place a lot and have been there now multiple times. Always to recommend - very friendly host, quiet & clean apartment. Very good location and close to restaurants & bars.",0
36211,900444146921410444,2025-10-10,"Thomas was a great host. We felt very comfortable in his place. He was pleasant and had good local recommendations for restaurants, etc. The only issue we had was with parking our rental car. It is VERY difficult to find parking in his neighborhood. We paid for the blue permit through the parking authority $30 chf (at Thomas recommendation), and then there were no blue spots. We ended up also paying for public Parking. So we paid for something we never even used. That was a bit frustrating.",1
36214,842783808030546755,2023-06-25,"Very accommodating host! Thank you Dragi for having us! The place was very clean and just like the pictures. Very comfortable to be in as well, almost felt at home. Would certainly recommend. 🙂",0
36225,842783808030546755,2023-10-10,"Dragi's place was exactly as advertised, we appreciated the good quality and amount of toiletries and laundry amenities. it's so clean and fresh. the ONLY drawback was the noise in the neighborhood, but that was indicated in other reviews part of being close to restaurants and bars is the behavior of patrons. very noisy, late (10 pm) until early (5 am) , by our standards, especially on weekends. if you close the windows you will be able to rest!",1
36299,906982322935227808,2024-10-27,"This listing is underrated by its photos, it's alot better in person. The check was extremely easy and clear. Strahinja is very kind and accommodating. She even allowed me and early check in with our baby. The unit has everything you'll need. The beds are so comfortable and the place is very clean. We appreciates the large pack and play and high chair. It's located in a quaint and walkable area with a COOP supermarket just down the street, so too are the trams. Wifi was good! There no issues at all. We even got a late check out and luggage storage, so we didn't loose our day! Hot water, appliances, convenience, hangers, extra towels and sheets. Pillows were fresh and clean! We really enjoyed our stay! Thanks for having us",0
36307,906982322935227808,2026-05-28,Very helphful host. The place was very clean and well equipped. Instructions were super easy. I'll stay at this place again for sure,0
36309,851850848252849624,2023-05-28,it was a great place to stay. very spacious and great location. a bit of a walk to the main hub but there’s great public transit that’s very affordable.,1
36315,851850848252849624,2023-09-01,"I spent a few relaxing nights at Tania’s place. It is very spacious, well equipped for cooking, comfortable living room, and conveniently located by the tram which comes regularly and is only a short ride into the central areas of Zurich. Definitely would like to stay again when I return.",0
36344,851877560051711265,2023-08-28,The apartment is hot. We knew there was no a/c but there also wasn’t a fan. We ran the dishwasher and took out the trash but the host attempted to charge us an extra cleaning fee of over 100 dollars.,1
36351,851877560051711265,2025-04-22,"We stayed at this apartment for two nights with family and had a great experience. The place was easy to find with clear instructions provided by the host, who was very responsive and helpful throughout our stay. The apartment was clean and well-equipped with everything we needed. The only thing that would have made it even better was having a dedicated parking space. Overall, a comfortable stay—I’d recommend it!",1
36409,909882225277381494,2025-08-06,Fantastic location and had everything I needed! It's only a couple minutes walk away from the train station making it an ideal base.,0
36421,909882225277381494,2026-06-21,"The apartment is perfectly placed for exploring the centre of Zurich: peaceful yet within a few minutes of the lake, shops, restaurants and everything else that the city has to offer. Mika is a friendly, helpful and very responsive host.",0
36428,851895118288393619,2023-06-23,"The apartment is very nice and looks like the photos. However, during our 2 day stay, there was horrendously loud construction noise right outside our windows. Not to mention the smell of asphalt and other chemicals. If we hadn't been so jet lagged, we would have left and gone somewhere else. There was a notice on the door stating that the construction would occur from May 10, 2023 until July 30, 2023. Any decent owner/property management company would have disclosed this before booking.",1
36436,851895118288393619,2024-01-25,"Very nice, quiet and spacious place, there are two stations nearby, one within 2 minutes and the other a 5-minute walk. The street is 10 minutes from the center of Zurich by car. Highly recommended, I would definitely come back.",0
36449,855711311651562351,2025-06-14,"The hosts were very friendly and inviting, greeted us with fresh fruit and made a wonderful breakfast! It was a very hot day when we stayed so the attic was hot to sleep in, but the hosts provided fans. We were provided with great recommendations and a very nice stay before we left Zurich.",1
36453,856506414058519661,2023-06-22,Kathrin is an amazing host and her place is great to explore the city on foot or with public transport. I'm looking forward to staying in her apartment again when I return to Zurich.,0
36460,856506414058519661,2024-05-20,I was traveling alone and I felt very safe at Kathrin’s place. The neighbourhood is beautiful and very quiet. The place was sparkling clean and the kitchen was very well equiped. The only thing I missed was a proper sleeping pillow and an adapter but otherwise there is only positive that can be said about Kathrin’s home.,1
36490,912751390402811880,2023-07-02,"Diana was the best Airbnb host I have had! She is very responsive and super helpful in giving instructions or suggestions around the city (even drew me a map!) The space was very clean and comforting, no hassle. As a solo female traveler I felt so comfortable in her home and she made me feel so welcome. She offered me stuff such as water bottle, umbrella, that she did not need to provide. She even drove me to the airport! Will definitely be staying with her when I am back again in Zürich.",0
36494,915743157172708710,2024-07-18,"Great place in Seefeld. Near the shops and nice restaurants and only a short walk to the beautiful lakeside. Apartment is well furnished, clean and with a nice balcony. Well recommended.",0
36497,917237717257474918,2023-07-15,"The experience with the apartment went well, but when we left, the host accused us for stealing a remote control for the lighting. We explained many times that we will be traveling for a long time, and that a remote control is the last thing we need to have -- also it is a system that doesn't work in our country. Then, for future guests, ask for an inventory and take your time to check that all the remote controls (and items listed) are around. In our case, there was no inventory, but then we were accused for a remote control that we never used.",1
36534,941938404056199881,2025-06-28,"This flat is centrally located and very convenient. The neighbourhood is lively, but the noise dampening and blackout curtains were very effective.",0
36581,917237717257474918,2025-06-26,"What a lovely stop in Zurich! The place was even better than advertised and we loved the tiny little porch overlooking the goings on below. She was kind and helpful and honestly, it was everything we were hoping it’d be!",0
36588,942503910122362662,2023-11-16,"The apartment is wonderful, clean, cosy, has everything you need. The location is really great, next to the mall and public transport. My only complaint is that we asked for a baby cot before arrival but there was not one and it took them a day to get back to me and say we would get one only on Monday (it was Friday so we had 3 nights without a baby cot which was hard).",1
36647,943498399656724170,2023-11-02,"I had a wonderful experience staying in this apartment in Zurich. The location was fantastic, as it was close to the city center, making it convenient to explore all the attractions. What impressed me the most was the peaceful and quiet environment, allowing for a restful stay. The apartment was well-maintained and had all the amenities I needed for a comfortable stay. I would highly recommend this rental to anyone looking for a great place to stay in Zurich!",0
36648,943911436085649226,2023-09-22,"The place was easy to access and clean. The company that manages it is very professional and responsive. There is not any parking and the property is located in the strip club / dive bar area of town (if that’s your thing). Short train ride into town. We had an issue with the bathroom smelling of raw sewage. The company sent someone over to address it, but they were unable fix the issue while we were there so we just dealt with it. If you are staying in room 602, make sure they fixed the issue before you book it.",1
36667,917243256870580397,2024-08-24,"Location is very accessible both trams and train and walkable to groceries store and fast food especially McDonald and Starbucks which my kids loves it,the apartment is very spacious ,tidy and very modern which I’m very pleased ,the host are both responsive and helpful and they make sure you feel at home at there place..given a chance to visit Zurich again I will definitely comeback to this place ,I’ll highly recommend the place to my friends and colleagues at work",0
36680,917243256870580397,2025-01-19,"Great location, next to the train station and transportation. Lots of bars and restaurants around as well",0
36712,917861021749645073,2024-08-23,"Very nice place, even better than the photos; it is in a residential area but downtown/lake is easily accessible w/ transport Very modern and clean and we really enjoyed our stay, however, it was on the pricier side of things Also Gloria is a very kind host but takes a bit to respond Overall, I would recommend this accommodation :)",1
36726,918586022096296699,2024-07-06,"We had an amazing stay at Noelle and Tobias’s Airbnb! They were super nice and easy to communicate with, which made everything so smooth. The location is perfect, with everything we needed close by. The interior is both creative and beautiful, yet totally functional. We especially loved the private outdoor lounge space – a great spot to chill out. Unfortunately, our dog had to stay home this time, but it’s awesome to know this place is pet-friendly, which is pretty rare. We loved every minute of our stay and will definitely be back. Highly recommend!",0
36739,918586022096296699,2025-06-21,"""The host was very friendly and cooperative, always responsive. He even gave us a special discount when we extended our stay. The place was very clean, conveniently located near everything, and easy to access. There's a parking spot just a few minutes away from the house. The only drawback was that the rooms were not separated; it was an open space. Overall, we are very thankful for the hospitality and the wonderful location.""",1
36748,944560635273309055,2025-07-27,Great host and the location is really close to the bus station. You can get to Zurich main station in around 30 minutes. Great deal!,0
36758,944841423325467645,2023-10-05,"The flat was really good, weel insulated, clean and everything needed to cook. The surrounding is not terrible and guess people whom knows a bit of Zurich would know. Although the room was good quality I have see good place in the center for same or even less fee. Communication was very good and proactive.",1
36770,921084220429937150,2023-07-16,Very easy to navigate to from the train. Host was very helpful and responsive!,0
36807,921084220429937150,2025-05-30,"A very good stay at Strahinja's place. The flat was walking distance to the Letzigrund for a concert we were attending. Plenty of bars and cafés in the area for drinks and breakfast. The beds are comfy and the flat is larger than on the photos. It is functional -although it could do with a refresh with general wear and tear quite apparent. However, the hosts were really accommodating, left little snacks and coffee capsules, and generally very helpful. I do recommend to stay here. Thank you.",1
36822,944841423325467645,2024-07-19,"Had a lovely stay at this Airbnb! The bed was incredibly comfortable, and the kitchenette was well-equipped with everything we needed. Check-in was a breeze, and the place was spotless. Located in Zurich's vibrant red-light district, it felt both fun and exciting, with easy access to the city's attractions. The absence of air conditioning meant we had to keep the windows open, which made it a bit noisy at times, but the provided earplugs were a thoughtful touch we didn't end up needing. Overall, a great experience!",1
36858,923790290997643212,2024-05-17,"We loved staying in Angela’s very stylish, spacious and peaceful apartment, a short tram ride from the centre of Zurich and close to bars, shops, restaurants and the lake. Angela was a brilliant host and we would love to stay in this apartment again some day.",0
36877,923790290997643212,2025-05-30,Angela was a very friendly host. She ended up not being home but was very communicative and proactive to make sure we had what we needed. The location is great and clear instructions on public transport to use from the station. Do wish there was a fan in the room or screens on the windows as it was hot and we wanted the window open to cool off but then mosquitos got in. But not a big issue.,1
36895,925369942049702239,2025-08-24,"Great place. Convenient location in the city, close to train and bus stations. But the apartment contained some of the owners personal belongings so there was not much shelf space. Especially in the bathroom. Overall, though a nice spot in Zurich.",1
36946,925814836243591119,2024-06-20,"We had a wonderful few days’ stay with the family! This accommodation is unique with its fairytale garden. The apartment is spacious, well-equipped (also for little kids), and maintained with love. Walking distance to the Irchel campus and a good 15 mins tram connection to the city center. Muriel and Michael were extremely responsive and helpful from the start, making us feel very welcome. A strong recommendation, 5/5!",0
36963,945531834722531602,2024-07-11,"Absolutely amazing. People say this a lot, but the pictures do not even come close to doing this place justice. Comfortable, luxury furniture, a wide open and airy space with huge windows and a nice terrace area, well-appointed kitchen and appliances, and super comfortable bed. Plus, Fabian was a fantastic communicator and made us feel at home immediately. Cannot recommend enough!",0
36976,925814836243591119,2025-07-25,"I cannot imagine a more delightful introduction to Zurich than arriving at Muriel’s spectacular home. Not only is she the most warm and gracious host but the apartment was one of the most beautiful, thoughtfully designed and comfortable that I have ever been in. It truly was such a pleasure to be in the space and of course in the garden which is very special and has endless corners to explore and play in. The location is fantastic, only a short direct tram from the airport and superbly connected to everything by Zurich’s incredible public transport system. We adored our stay here and would love to come back. Thank you so much to Muriel and her family for having us.",0
36985,926894212969592164,2024-04-22,"Turan helped me with all the details to reach the location, was very helpful during checkin. But host was not very friendly and didn't provide lot of details regarding the sight seeing. Also the room was not great, all the rooms in the house was well maintained and good looking but the provided room was like a dumping place, it has lot of unused items in the berth and cupboard. It can be a good place for bachelor, but was not a great choice for family.",1
36998,926894212969592164,2024-11-04,"Turan's place was conveniently located to zurich hb and the city centre. However, it could feel a bit dangerous at night to walk back to the apartment after sun down as the area was poorly lit. There were also often rave parties going on opposite the apartment so it could be a little noisy, but nothing that disturbed us too much. Turan's dog was a very cute added bonus and we had lots of fun playing with him. While the house and room was nice, the bathroom had a big hole at the bottom and the apartment complex door is often not locked, so safety was something we thought about often. Overall, a nice stay.",1
37011,949908407493176827,2024-05-20,We had a lovely time. The apartment is well located and lovely. We recommend,0
37018,949908407493176827,2024-12-08,"Very nice apartment that is a quick 15 minute bus ride to downtown. Has comfy beds and fully equipped kitchen. The only downside was some noise from upstairs, but nothing out of the ordinary for a city apartment.",1
37067,927094881257317705,2024-06-26,"A great place to stay in Zürich. Our family of five enjoyed the surrounding area. I recommend reserving the parking with the owner, as street parking and parking garage are not very convenient. The place is in a great area with lots to do and easy access to public transportation. Fifth floor apartment, so be ready for stairs. No elevator, but chalk it up for a cultural experience. Would highly recommend, and would stay here again.",1
37081,927094881257317705,2024-09-16,We had a wonderful visit. The location was close to public transportation and very clean/convenient. We would stay here again! Thank you!,0
37151,927099274455108509,2024-05-20,"Cher’s place is one of the best spots on Airbnb in Zurich! We only wished we could have stayed longer. It's conveniently located with easy access to everything. When we return to Zurich, we will definitely stay here again. We had a minor accident, and Cher and her team were incredibly accommodating, for which we are extremely grateful. The apartment had everything we needed, including an international charger. The only minor downside was that being on the ground floor, it was a bit noisy with tram sounds and the doors opening from outside.",1
37155,927099274455108509,2024-06-28,"Loved our stay here! The location was conveniently next to public transport and the apartment was very clean! We felt right at home. The apartment does get warm with the summer heat, but the host provides fans, which helped a lot.",1
37174,950434633264714802,2024-09-15,"Great apartment, very clean and well appointed! We needed a quiet place to stay after our busy days and were very comfortable at Thomas and Markus's apartment. The location was also great - just a few tram stops from Zurich HB, and the same from the apartment to the airport. It was clear that Thomas and Markus had put in a lot of thought and effort to make guests feel welcome and comfortable. Instructions and tips were also great. Would visit again!",0
37183,950434633264714802,2024-11-30,Thomas and Markus are wonderful hosts who are prompt in their communication. They also provided me great recommendations around the city and the place. The apartment is exactly as described with everything required for a comfortable stay along with being squeaky clean. The patio is a perfect addition to enjoy a morning coffee :),0
37237,928811439229517808,2026-05-25,"We had a great stay and would definitely recommend this place! The apartment was easy to find and check in was super smooth. Everything was very clean, modern, and thoughtfully furnished and decorated. We felt right at home from the moment we arrived. The neighborhood was also fantastic, with supermarkets, restaurants, a cinema, and everything else you might need within walking distance. We especially loved being so close to the river, which was perfect for cooling down on hot summer days. Our host was very responsive and incredibly accommodating throughout the stay. Overall, a really lovely experience!",0
37274,929395123816126361,2024-08-09,"The apartment is right in the middle of everything. Lots of restaurants. Very walkable area. IF it is hot, be advised the AC unit only runs ~1 hour before it needs to be drained. The exhaust from the AC goes out the window, which has cloth covering it. This lets in all the heat and humidity. We basically closed the windows and ran the fan only, so it was a little over 80 (28) in the room. That is the only less than ideal. Great place, great communication from the hosts. If you have to leave your bags, check the main train station (2 blocks away) for lockers. It worked out great!",1
37293,929395123816126361,2025-11-05,"Super cute little stay right in the center of the city. Other reviews complained about the noise but for anyone that’s stayed or lived in a city it’s normal city sounds. Saturday night had a lot of people out and about later, but I figured they were just enjoying their night. Super hot shower and really close to a coop for food and the train station. Definitely a great experience!",0
37304,951877356435620690,2023-08-13,"This is an incredibly beautiful apartment — clean, well-decorated, furnished, etc. the neighborhood is a little worrisome (noisy and seemingly dangerous), but we had no trouble (and it is only 2 minutes away from nicer seeming areas of Zurich).",1
37306,951877356435620690,2024-07-27,"one of the best airbnbs I have ever stayed at. bed was comfortable, having AC was amazing, the kitchen has everything I could possibly need to cook, it was amazing! convenient location between 2 bus stops, an easy wall to the main station, and a grocery store next door. Andreas was very helpful and responsive too!",0
37316,929430258063594554,2025-09-07,"Pull out couch was broken for our third guest and they were unable to repair, so we had to shove suitcases under for support. Shower curtain was dirty and some red unknown spatter on the wall. However location was amazing and quiet inside apartment!",1
37317,929430258063594554,2025-10-06,Very cozy and clean apartment! Also very warm. Enjoyed everything! The only problem is that its a little noisy outside because there is a night club close to house so at night it was very noisy because of drunk teenagers,1
37325,937575075386386458,2023-09-06,"Ariana’s place was super clean, safe, and was just the right size for me and my friend. However, the bed was very uncomfortable, so be aware of that when you are booking:) Location isn’t in countryside like in the description but was only a 7ish minute walk to the bus stop that takes you into town. Overall was an okay stay!",1
37327,937575075386386458,2023-12-16,We enjoyed staying at the Ariana's place and hope to be able to stay there again in our future trips to Zurich.,0
37329,951987963732341575,2023-10-05,Alice’s studio was very peaceful and clean and within minutes walking distance to the tram that takes you to the center of town. The only negative was it could have been better equipped with a coffee machine and shampoo/body wash in the bathroom. But overall it was ok. There was no bed just a mattress on a wooden frame on the floor which also could have been improved.,1
37332,951987963732341575,2024-01-02,"Very nice clean and cosy appart apparemment. You just need to walk 15 minutes to join the center but there are also cute places nearby. The public transport being literally next door, if you are lazy it’s not a problem. Would recommend if you want a peaceful place in Zurich and don’t mind being in the full center.",0
37351,938068589364582436,2023-10-07,"We only stayed 12 hours (one night), but the sign of a good place is that we felt bad for leaving so soon. Sergio was very responsive and kind, he helped us check in and gave us our space despite an early morning departure. Great location. Cozy place. Comfortable bed. Can't ask for more.",0
37361,938068589364582436,2024-08-10,"Sergio and his wife’s place is really beautifully decorated and very clean. They are both super friendly and nice to chat with. The only downside is the neighborhood. The streets are filled with drunk and loud people in the evening. Not very inviting to step outside for a walk. Closing the windows helps, but not fully. So if you are a light sleeper you definitely need some earplugs",1
37366,938815084040238480,2023-11-27,"Stefano is a great host very helpful and very friendly! The place is nice, You got everything you need!! And Stefano responded very good to every question. However the Mattress was quite thin and it did give me some back pain, So probably won’t recommend this place if you are more sensitive. Is a safe place and area for woman traveling Solo !",1
37383,954829028338762829,2024-12-26,"The stay was okay for a family of five but there were quite a few problems that we are not satisfied about. First of all, the air dryer is basically broken as it is super loud and it smells like burnt when u are using it. Second, the WiFi connection was really poor in the flat, especially in the living room and kitchen as it was only one signal sign. Thirdly, there were no coffee capsules besides the coffee machine and tissues in the flat at all.",1
37384,938840431076486177,2024-11-13,The positives were the customer services was excellent and always available. The rooms were bright and clean and the check in was super easy and flexible. However I had to move rooms twice as both of my rooms had blinds which were malfunctioning or completely broken. The second room didn't have working heating. It was very much appreciated that the customer service moved me to my 3rd and final room however there I also encountered some issue when the shower head exploded off the cable and soaked the whole room. Overall the place needs some serious maintenance but the design and customer service are excellent. I would not revisit or recommend to a friend based on all the issues.,1
37411,939666088772222280,2024-06-16,"Great place located not to far from Zurich city centre. easy to locate with the instructions provided. Daniela was very good with communication before arriving. She was also a wonderful, warm host, much like her two cats. The place is bright and airy, with a really comfortable bed, where I had a great sleep. Daniela showed me a beautiful relaxing walk past some vineyards and by the lake, which was nice to see away from the city. I wanted to stay later on in my trip, but unfortunately he place is booked during that time. If this place is available, I recommend 100%",0
37423,939666088772222280,2024-10-06,"She's warm and welcoming however, during my 3 day stay, I noticed she had entered the room twicw when I was not there, without even asking me. Once to take her adaptor and my charger off the power outlet and the day after, while I had put the adaptor outside the room, when I came to the room I noticed the window had been opened and the drawer was cloased. Also, it was not possible for me to enter the apartment's door with my key as she had put the key inside the lock from the other side. Also the cats, and their hair, were everywhere and were making noise at late nights and early mornings.",1
37433,957824903618429588,2026-05-24,"My stay at Dan’s place was a great experience. The flat is cozy, clean and nicely decorated. Dan had already prepared everything for my stay. Dan is also very kind and spending time with him was lovely.",0
37434,974715669040646715,2023-09-26,Great room in shared apartment less than a minutes walk from Billoweg tram stop. Lovely park next door and the lake is a few minutes walk. Yuan and her partner are super helpful and the place was very clean. Great value for Zurich.,0
37449,980245591651988920,2024-06-14,"Jörg is a wonderful host and his apartment is a fantastic place to stay in Zürich! The check-in process was very simple and straight forward, and it was easy to communicate with Jörg. The apartment itself is very clean, modern and actually larger than it appears in the photographs. You can really tell that a lot time and thought has been put into making this a wonderful place to stay. The Bahnhofstrasse, which is Zürich’s main downtown street and one of the most exclusive shopping streets in Europe, is one block away. Walk south along the Bahnhofstrasse and it will take you directly to Lake Zürich. Almost everything from restaurants, shopping, museums, etc. are all within walking distance. If you are looking for a place to stay in Zürich, I highly recommend staying at Jörg's!",0
37473,980245591651988920,2025-10-23,This place is great in that it is centrally located and easy to walk everywhere. The apartment was quiet and was nicely stocked. We ate out most meals but the kitchen is well stocked. We would definitely return.,0
37481,980402165513408092,2025-01-02,"Very well designed apartment: stylish, functional and creative. In a quiet area, but still close to the center and the lake, easily accessible on foot or by tram (stop a few meters away). Very rich in services and facilities, for cooking, cleaning, etc.: nothing was missing. Great courtesy of Jordane: always quick to respond, precise, on time. She comes personally to provide keys and explain all the features of the apartment. Overall, great and perfect experience!",0
37486,980402165513408092,2025-08-19,"It is a clean, modern, interesting apartment in an incredible location. Jordane was very friendly, generous, and kind. The challenge is that it is on the ground floor. Being on the ground floor does not present a problem, generally speaking; however, on hot summer nights, you feel a level of vulnerability because you have to leave the windows open and sense there is a security risk as the windows open directly to the street or a patio that has no significant wall around it. If the property added a portable air conditioner and somehow found a way to provide more security around the patio, it would be ideal.",1
37499,981628303230540122,2025-05-03,"Hi, I believe I should be first fair to say that the location is very convenient and quiet, in a nice neighborhood at Witikon. I arrived very late and the keys were incorrect, but I appreciated the very fast response. I think I overall had an okay time, as I wrote. But it does look different than advertised. The garden is on the back of the Building, two stores down. The room felt somewhat dusty, and the wardrobe doesn't have much space to store clothes. Everything is very measured, one set of sheets, one trash bag and one toilet paper. A cleaning woman comes every two weeks to clean the kitchen and living room on an apartment with three rooms. Given that the place is still relatively good budget, it was okay. But the apartments could be more taken care of, so the stay feels homey.",1
37504,983863580177679534,2024-05-26,"It’s a very tidy and nice apartment, and fairly close to the tram stops to get into old town etc. Had a pleasant stay overall. The only thing that could’ve been better would be more bins - there was no bin in the bathroom and only one other bin in the kitchen.",1
37516,959239097381194889,2025-07-28,"Really enjoyed the location and walk ability of Sara’s spot. It was fantastic location and we loved how easy it was to move about as well as the apartment itself. Super cute and while furnished with all her things, she’s got great taste. Really the only downsides are it’s on the top floor so it can get very warm without AC and it was hot for us and it was not warm and raining most days (which also prevented us from keeping the windows open). The only other issue is when windows are open, you can hear the trains below creaking as well as revelers passing by. Other than that, the clock towers are quite loud and right next to the house so something to be mindful of but if you sleep deeply then no qualms here. Lovely spot in a hip part of town. Be sure to hit up collective bakery! Delish!",1
37522,962842085546555219,2023-09-17,"We loved our stay here, and we had such a great time!! The design and the vibe of the apartment are unique <3 ... really clean, and a big enough space for hosting a group. The location is really good as well. I totally recommend it!",0
37531,983863580177679534,2025-08-01,"Highly recommend this place!! We were staying at Brigitta’s place for almost a week, the travel to Zurich central is so easy, to/from airport is just one tram away. The place is super nice, just as described, we felt right at home and she’s very responsive. When we Switzerland again, will definitely book this place again :)",0
37544,986894241638340320,2025-06-19,Great location near the main train station. Easy to find and the room was clean. Niko answered my questions very quickly. In general everything super. 5/5,0
37550,986894241638340320,2025-09-02,I had a great stay! Niko was super nice and the neighborhood was great. Very central and easy to get to everything,0
37557,988294955859257167,2023-10-21,"Fantastic place. Great neighborhood and a MASSIVE place for the money. I was very happy here and can highly recommend it and Tania the host. The only small complaint was not being able to use the heating since it was central to the building, and it would only turn on if the weather outside was cold enough. But that isnt a fault of the host or the apartment",1
37565,988294955859257167,2024-06-27,"Absolutely within city with Zürich lake about 2 kms drive of 5-7 mins by tram. House is extremely well maintained and very functional. Would appreciate if host could provide the parking as well. However it’s not difficult to find parking in surrounding. Overall, I will surely rate this as 4 on 5. Superb stay and will recommend for families looking to stay in city center.",1
37576,988315692261713338,2023-12-03,"Responsive host, great location, comfortable apartment and worked well for 2 adults and 2 kids. Appreciate no clutter with the kids.",0
37600,965777574152812653,2024-03-10,"The house is beautiful, however you have to be aware that the parking lot could be a problem if you rented a car. Also, the host is very reactive but not flexible at all. I asked for an additional pillow because mine was too soft, and they didn’t allow me to have an extra one because “the number of pillows reflect the number of guests in the reservation”. Not very nice to say. We are talking about a pillow, not gold.",1
37616,965777574152812653,2024-09-27,"We loved this apartment. The first thing that made an impression on me was how fantastically clean it was. Really outstanding in this area. Lots of nice touches like new washing up implements, lots of coffee pods (although we didn’t use them, I know lots of travellers who would be very happy at this). It’s in an excellent location with shops and transport really near but it is so quiet indoors. The hosts are extremely quick to respond to any query even late at night. Very impressed by their customer service.",0
37627,988315692261713338,2025-12-14,"This was a great place to stay. We were in Zurich for a month, and I would not have changed this for any other place. The location is great, with easy access to everywhere in Zurich but still being in a peaceful and quiet neighborhood. Dimi was extremely responsive and helped us with all the needs that we had.",0
37628,990467950418927342,2025-01-01,"Jonathan was very hospitable and his condo had nice amenities. However, I would maybe have better instructions for some of the appliances and make it clear in the listing that the living room is not part of the rental. Overall, I would recommend his place. Great location.",1
37636,992532017161789206,2024-05-19,"The place was clean and spacious with 2 bedrooms and 2 bathrooms. Kitchen was fully equipped and there are many utensils available. It’s a perfect location with tram stations and grocery stores around the corner. However, the key was placed in the letter box without any lock box. Also, it is just a single key without any tags or chain, need to be extra careful when you’re out of the house.",1
37653,965794941111908198,2026-03-03,"I booked the day before travel, so got a discounted rate which made this very good value. Excellent accommodation, and well presented. It’s cosy, but has everything you need, and it’s handy to have a small kitchen, especially if you’re staying for a few days. It’s conveniently across the road from a well connected station, with good small supermarkets that are open on Sundays.",0
37659,992532017161789206,2024-07-31,"Very clean and very new, in a nice neighborhood with easy access to public transportation. Perfect for a family of four with two kids. Walking distance to playgrounds and great places for coffee. In the middle of a heatwave, the modern apartment stayed cool thanks to floor-cooling. Roman was very helpful as well, providing info in advance of our trip. Check-in and check-out were a breeze. Overall, we feel really lucky to have had Roman's place for our stay in Zurich.",0
37675,996202946473512721,2024-07-06,"Dimis place was a good, clean, basic apartment. It was well lit with a lot of windows. Check in instructions were easy and exact. The washer wasn’t working during my stay but Dimi informed me beforehand so it wasn’t an issue for me. There are linens and towels but no soap or bathroom amenities. I would only ask that the bathroom include hand soap. The locality is within walking distance to public transport and feels safe (at least on well lit summer nights). There are a few restaurants and coffee shops in the neighborhood. However, it is quiet at night. All in all a good place and I would definitely recommend it.",1
37686,965845335911798508,2023-10-29,The Airbnb was bright spacious and right in the middle of everything. the rooftop terrace was stunning and the couch and furniture were very comfortable. pillows were ofhigh quality. location is unbeatable less than 10 minutes to the train station and easily walkable to all of Zurich. right next to an aldi and a busy street but quiet up above it all Host was great at quickly answering questions once we were there. if your staying for a bit longer you will have to refill the toilet paper but the Aldi is literally next door so not too much hassle.,1
37704,996202946473512721,2025-09-01,"Dimi was incredibly responsive and easy to communicate with. The apartment is very comfortable and minimalist. The neighborhood is nice and quiet, but has easy access to a few local cafes/restaurants, and super easy access to city center via public transit. For future guests, the listing is very accurate and no other additional amenities exist so be prepared. There is no basic shampoo, laundry detergent, or extra towels/bedding, or any oil/additional spices beyond salt & pepper, which would have been nice to have. However it was clearly stated in the listing so it wasn’t a surprise. Overall, it’s a fair and decent place to stay in Zurich and Dimi is an excellent host.",1
37708,996892060300703285,2024-10-19,"Very nice and cozy home - not a rental place, but the actual home where the family lives. House is very clean, with fully equipped kitchen and comfortable beds. We used ""perks"" that most rental homes would probably not have, such as a printer, a piano, and full selection of spices in the kitchen! The location is not close to city center, but a short walk to the tram station - door-to-door all included, 18 minutes to Paradeplatz.",0
37713,999039430666427190,2023-12-01,"The apartment was absolutely fantastic. 65sqm felt much more thanks to the good design. Very well equipped, super clean, and warm. Note there is a shared washing machine in the building basement. Thanks for the great stay",0
37714,965845335911798508,2025-11-29,"Bright and warm apartment with great views. Quiet building. The outdoor space was lovely, but unfortunately, it was too wet and cold for us to use it. Would love to come back in the summer to sit outside for dinner.",0
37730,966374660589024718,2024-04-04,Marc's apartment was very cozy and the beds were very nice. He was very clear with the directions and had all my questions answered already before me needing to ask. The only downside was the shower which is a little high up to get into and there looked to be some kind of mold in the top right of the shower wall. Overall great stay and enjoyed Switzerland alot!,1
37736,966374660589024718,2024-10-01,Bed was cozy and the layout really nice :),0
37742,999100351248035456,2024-06-06,"Very good location and beautiful place. Bus 31 is convenient to go to everywhere. The only thing is the kitchen stuff is not fully prepared, we bought oil by ourselves, but based on this price it’s still ver good! Highly recommend!",1
37747,999386179155200596,2023-11-30,"Slava was such an amazing host, very personable, genuine and great communication. He suggested places to eat and things to do before I even asked and the location was only 5 minutes from the bus station. His place was the perfect size for us and this was our favorite trip yet! Thank you for being a wonderful host ♥️ We will hopefully be back in the near future 🫶🏻",0
37756,969342544925065173,2023-11-20,"John, Has a great place in the quiet area of town but still centrally everywhere! Very near all Public transit. The place is very modern and had everything we needed! Thank you for hosting my family! Happy holidays! Cheers",0
37761,1003440524246525000,2025-11-30,I had a wonderful stay in this beautiful and immaculate apartment. It’s located in a peaceful neighbourhood and within walking distance of the centre of town.,0
37770,1003686839375670840,2023-12-03,"The apartment is well connected both with the center of Zurich and Oerlikon. The apartment is clean and tidy, it has everything you need to stay. Thomas and Markus provided very detailed instructions about the stay, everything was clear and helpful. The only concern was about the child chair, which was in the ad but was absent in reality. But apart from that, everything was perfect. Thank you very much, Thomas and Markus!",1
37860,1003686839375670840,2025-10-25,Very cozy and great place to stay. All the accomodations are available. Its great location as well. We wnjoyed the stay alot.,0
37923,1004417989758418727,2026-03-15,How lucky I am to get this place when I got a cold lol. The warm room and super comfortable bed and hot water saved my life! And the lobby downstairs is just a pharmacy ( don’t even need to step out when it’s pouring outside) very clean and with all facilities needed for short stay. Michael is friendly helpful and responsive. There’s another flatmate but they give lots of privacy. No need to mention the Very Centre location 1min to tram. 7 out of 5 stars! Makes me love Zurich more ;D,0
37953,970725830571687661,2025-07-29,"Amelie was very kind from the moment we inquired about the apartment. Location was great, near Enge train station. Only 15 minute walk to main shopping street. We loved our stay and would stay again.",0
37971,970725830571687661,2026-05-02,"At first, the unit seemed a bit costly but the photos promised an amazing place. The reality turned out to be even better and exceeded my whole family’s expectations. It was worth every penny. We had an amazing time so much so that we felt more inclined to spend more time in the flat rather than go out and explore beautiful Zurich.",0
37980,971798616964147854,2025-04-21,"Stéphan’s apartment was lovely! The location is in a quiet neighborhood within walking distance of the main station, lake, and one of the only self-service laundromats in the city. Stéphan’s instructions were easy to follow and he was very communicative via text.",0
37985,971798616964147854,2025-12-06,"Stéphane’ place was great. Quiet neighborhood, quiet neighbors. We did not find the fish tank as loud as some other reviews say, I think simply by closing the door in the bedroom you can drown it out. The bed was super comfortable and loved the amenities. I will say it was a bit of a further walk than 15 mins to the main train station, but we were very clearly accessible to the tram by 5 min walk or train s-Bahn 8 minute walk. Access to all things downtown very easily. Stephane was very responsive and kind! The balcony was cute. Would come back again.",1
37995,972138808238792311,2024-07-20,"Very quiet place outside of the more hectic parts of Zurich, a quick stroll from the river and cute cafes and restaurants and a supermarket a literal stone's throw away. The host was very friendly, super easy to communicate with and kind enough to put together a list of things nearby to do and see. Ultimately, an easy and comfy stay.",0
38016,1008541685627014401,2024-11-04,"Angelo was a very easy going host. He was flexible with the check in time and gave us thorough instructions on how to get to the apartment. He was very welcoming, we could make use of the kitchen and living room which made us feel like home. The apartment is in a great location, just 10 min walk from Zurich main train station and the main turistic part of the city. I highly recommend staying at his apartment.",0
38017,1008541685627014401,2024-11-24,"The apartment is situated in a great location! Train station and main attraction are super close. Easy to find, in a safe neighborhood. The room is as described, cozy and all. Angelo is very friendly and always ready to help.",0
38024,1008550014622306301,2024-07-02,"This was quite a basic stay. The location is very convenient, only taking about 10 to 15 minutes to get into the city. However, when we arrived there was a puddle of water from the radiator and when we used the washing machine the grey water was not plumbed in, resulting in all of going on the bathroom floor.",1
38026,973221452474727512,2023-10-23,"It was great to be in the City, Busstop in front of the hous, parking too (public and over night for free-swiss bluezone from 7pm until 8am). We areived pretty late and were given the keys personally and checkout was flexible, thaaank you Lilly! It was quiet, yet next to the street. Shops and Sihlcity (a great shopping mall with even movie theatres) in walking distance, a park and the River Sihl as well, and a wellness place too. The apartment is small, cute, clean, convenient, good price... Ki4chen got all you need to cook, but take evth along what you need for cooking. Wifi was perfect, so we had excellent connection to work on the computer with lots of data. We will be back!!!",0
38028,973345225480743807,2023-09-28,"Location is beautiful and there is easy access to the tram service but the tv doesn't work. Cooking essentials like coffee, sugar and salt are not provided.",1
38034,973345225480743807,2025-08-30,"Nice and cozy place. Clean and simple one-room apartment with a built-in kitchen. Walk to the busy Old Town in about 20 minutes, but the tram goes right to Franco's place, too. Highly recommended for those planning to have business at the ETH, which is within walking distance.",0
38045,1008550014622306301,2025-07-12,"What an amazing stay! The place has incredible views overlooking the rooftops of Zürich. It's a small apartment, but has everything that you need for a getaway. But there is just one upgrade needed - a wine bottle opener haha! Jonathan was so kind to let us not only check in earlier but also checkout later than stated in the rules and he was kind enough to give us good tips on where to go and what to do in town. Additionally, he showed interest in our country as well which was super cute! The location of the place was convenient - near a big mall with grocery store and restaurants, 10mins from Uetliberg with the bus (in case you would like to hike) and just 15min walk to the center.",1
38052,973825794281120821,2024-03-30,"We had a very good time staying here, the apartment looks exactly like in the photos and it was spotless. We felt at home immediately. The neighbourhood is quiet and relaxed, but also well connected to public transport. There is a medium sized coop a few minutes away and there are multiple children playgrounds close-by. This is a good place for a short-term or a longer-term stay. The host was very responsive and helpful.",0
38056,1011469602867276664,2024-05-17,"Beautiful apartment, and hadn't fully grasped how large it was from the description. A surprise given the location and proximity to all that downtown Zurich has to offer. The apartment was spotless, check-in and checkout were easy, and the host was helpful and responsive. Couldn't have asked for a better stay.",0
38059,1011469602867276664,2024-07-10,"Dimi's place was very conveniently located - we could walk to pretty much everything we wanted to do. It was a very cool apartment, very clean and really helpful to have a washer and dryer since we were nearing the end of our trip. Would highly recommend staying here, with one caveat - like many places, there was no a/c, but there were also no fans, so it was uncomfortably hot at night. Other than that, everything was great.",1
38074,1012344283253130814,2024-08-13,"Very cozy place, the building appears a bit aged especially when you’re used to modern finished buildings but the apartment is up to date and well furnished.",1
38098,1012344283253130814,2025-06-12,"This property is highly recommended, with every detail thoughtfully arranged. The decor is fresh and cozy, offering ample space with modern furniture and appliances exclusively for guests. We found more than enough of what we needed. The neighborhood is pleasant, featuring several good supermarkets (we find a coop and a chinese shop) and a nearby tram station. The host is friendly and easygoing – when I communicated with him, he often provided more information than I needed, making me feel welcome. The balcony is nice, and nights are generally quiet. However, being on the first floor, there are occasional small insects, and the lack of AC or fans made recent hot days uncomfortable. Considering the overall advantages, I’d rate it 5/5.",1
38130,1015811749301784365,2025-08-31,"Good value. The apartment was close enough to the center. With a tram stop around the corner. There’s a place with pastries and sandwiches that I recommend by the tram stop. Sometimes a small coffee spot is open across the street, solid coffee!",0
38153,1013531268141209679,2023-11-20,"I really enjoyed staying at Sara's. She is a very friendly and helpful host, and answered all my questions patiently and with a smile. I had the whole flat to myself as she wasn't there. I had all that I needed in her place. It's clean and spacious, the road outside is quiet so I didn't feel disturbed by Street noise. A big bonus is that it's very easy to find and very close to a train station, only two stops away (or even one stop on faster trains) from Zurich HB, the main station. I will definitely recommend Sara and I hope to stay there again myself.",0
38160,1047876252571293525,2025-06-16,Giancarlo was super responsive and helpful it felt very professional. the only thing is it was a little confusing to find. Other than that it was an amazing stay. Great location super close to the train station.,1
38164,1049048167921823348,2024-07-17,"We had a pleasant stay at this apartment. Communication was also great. The atmosphere close by is quiet and lovely. With this price, definitely worthy in Zurich.",0
38175,1049048167921823348,2026-06-06,"The place was very well connected to the Public Transport. Well kept. However, it is to keep in mind on which floor you are getting the accommodation as it may be difficult carrying heavy luggage to third floor as there are no lifts. Lighting may be improved in living room and bedroom. Check-out timings are non flexible as requests for slight delays are not accepted.",1
38202,1050383145419756567,2025-03-18,"Generally a very pleasant stay with no pests. However, have to admit that that bathroom is a little cramp for adults. the bathroom also has a hole in the door - the keyhole. Just something to take note off when travelling in the group for modesty reasons. Beds were clean and comfortable, I had awesome rest.",1
38204,1050383145419756567,2025-04-05,"Loved our stay at Dragi’s Airbnb in Zurich! The place was clean, cozy, and well-located. Super comfortable and perfect for a relaxing stay. Dragi was incredibly kind and helpful, which made our experience even better. Would definitely come back!",0
38218,1015811880105348910,2025-09-21,"The tram station is close, the host always response quickly, cozy and clean rooms, highly recommend!",0
38237,1050523647010554276,2024-07-19,"The place was very well kept and clean when we arrived. It was a very modern and minimalistic space making it easy to get settled in. The instructions they provided us to get into the apartment were easy to follow and relatively clear, they were able to let us check in early. However it was a little pricey for what it was but not too bad.",1
38241,1050523647010554276,2024-08-18,Dimi's spot was the perfect stay for my family and I! Quiet area and not too far from the main city center. It was also pretty hot when we stayed but each room had a fan and he even gave us an extra one!! Appreciated the quick responses! Thanks Dimi!,0
38282,1053787233741533365,2025-01-03,"Simo was an okay host, except that there are few things we didn’t like. Fireplace was added as form of heating, but there was no firewood, so place lost it’s glory and looked bland because of it. It was not previously cleaned, as Simo updated us, the cleaning lady ended up in the hospital and couldn’t clean it before we arrived. Therefore, place was extremely dirty with stains and hair all over the bathroom, it was dirty inside as well, full of dust. Simo brought us some clean sheets but that’s about it. One more thing we didn’t like is that he tried to rent us some e-scooters that were noticeably old and not functionable for very high prices and they were taking up the space in the apartment for no reason. Overall, we wouldn’t repeat this experience.",1
38289,1018002205712871998,2024-08-24,"Nice stay at Michael and Theresa's place. It is very conveniently located to Access Zürich's city center and is as described. This is a real home, Michael and Theresa actually live in it, it had been a while since we stayed in an ""inhabited"" Airbnb which is, for us, the real initial spirit of this platform - thank you for that and for your trust in welcoming us to your home!",0
38305,1053787233741533365,2026-02-20,"The location is really great, and you can park for free in front of the house before 9:00 am. Self check-in is available, and there are several doors, so it’s quite safe. However, there are two small downsides: there are very few pillows, and the room is in a semi-basement.",1
38340,1057987655907647871,2025-05-15,"Stayed for one night to be close to the airport for a flight back home the following morning. 8 minute uber ride to the airport, it was great! The bnb itself looks exactly as the photos. Chidiebere met us out front and let us into the bnb, and showed us around before leaving the place for us. That was different, never had a host do that before. The bed was comfy and the TV was great. It was warm outside but the bnb felt cool with the fan that was provided",0
38342,1057987655907647871,2025-07-13,Chidiebere was really helpful in giving us directions to the place from the city centre and was always responsive when messaged. The place was a good base for a couple days in Zurich and really close to the Waldgarten tram stop which made travelling in and out very easy! Would definitely recommend as an affordable option for staying in Zurich. Thanks so much!,0
38351,1058047135754232978,2024-05-30,"SO SPACIOUS! Perfect for 4 couples or a large family. Our “adult children” noticed “no tv” but isn’t that we vacation is for? Haha This apartment is stunning and in a very easy location to walk to the historic part of town and restaurants. And as always, the top of my list is a comfortable bed. These were lovely after a long day of sight seeing. We would stay here again!",0
38381,1021523957746787398,2023-12-12,"Beautiful apartment, spacious, warm and comfortable. Easy access to the city by foot or plenty of transportation at your doorstep. Plenty of shops, supermarkets round the corner. Parking was made available at a cost, though we had some trouble getting timely instructions on where to park. The apartment needs blinds, as it’s easy to see in from the street. It’s also needs pots and pans for cooking as we had one pot at our disposal for a family of 5. Be prepared to come with all essentials, as the only thing provided was salt and pepper - absolutely nothing else. Recommended otherwise.",1
38389,1058047135754232978,2025-06-10,Great location and accommodations. The elevator did not work when we got their but they had so Done come out immediately to fix it. Also loved that they had an outside balcony seating area,1
38409,1021523957746787398,2025-10-07,"The apartment was clean and conveniently located near the city center and public transportation. It had all the essential amenities we needed. However, being half a floor below ground level so be aware of insects/spiders if you open the windows. Additionally, three of the four rooms did not have cupboards, which wasn’t mentioned in the listing. Only one trash bag was provided for six people and two toddlers for a five-day stay, and additional bags were refused. Parking spots was not available, and public nearby parking slots was almost always full so take care if you bring a car. Lastly, the pillows were quite uncomfortable.",1
38430,1059526005569076833,2024-08-23,"Martina-Michael were very pleasant, friendly and responsive host. They left very clear instructions and were helpful in suggesting local recommendations. As for the apartment, it’s very lovely and cozy, even looks better than how the pictures portray it. It is located in a very serene neighbourhood centrally located from important landmarks like Zurich Oerlikon train station and spar supermarket, about 12 and 3mins walk respectively. In all, it was a pleasant experience staying over at Martina-Michael’s, definitely worth what we paid and looking forward to staying over at their place anytime I’m back at Zurich.",0
38435,1021537454386932693,2024-06-06,"Good location, easy for taxis and Uber eats to find! Note that if you are mobility impaired and don't like stairs, you still have to go up or down a few steps to get to the elevator.",1
38449,1022896634414576636,2024-09-14,"The 2 hosts Sonia & Pablo were super responsive, we always got a response within minutes. The apartment is not that close to all the attractions, but very well connected by tram. The apartment was also very clean and the bed was comfortable.",1
38452,1022896634414576636,2025-01-25,"Nice place in a good neighborhood. As expected, the trams were heard but they didn’t bother us much if at all. I would love it to be a teeny-tiny closer to the center but not critical. Worth every penny. Stylish and warm. Highly recommend.",1
38466,1059526005569076833,2025-12-28,"We had a lovely stay at Martina and Michael's place. We are a multigenerational family of 8, including 2 elders and children. The place is close to 2 bus stops (about 3-4 minute walk from the house) and near 2 small grocery stores. The place is very clean. What I love about the place is that the kitchen has complete amenities so we did not have a hard time preparing meals. For first timers in Switzerland like us, what I appreciate about the place is that the hosts stay nearby so if there are any requests or emergencies, it can be addressed promptly. Martina and Michael are very responsive and helpful to our questions. Highly recommended if traveling with family or a small group.",0
38476,1022957108219903556,2024-08-12,"Speechless. No words can describe how nice Martin’s place was especially for the value. Had everything we needed and the view was spectacular (we did not want to leave). The ONLY downside for us was the lack of a proper air conditioner because I get hot very fast in the summer months and start to sweat, or maybe we are just stupid Americans! Either way, I would definitely recommend this stay. Martin, you were a great host Thank you for your accommodations!",1
38501,1062293585839672570,2024-05-25,Many’s place was a great stay! Very walkable from restaurants and the train station. Staff members at many’s place were so welcoming and friendly. The only thing we found ourselves needing was a few more kitchen utensils/supplies.,1
38538,1023271067336690245,2024-10-11,Great place to stay with close by tram stop so getting in and out of the city was super easy.,0
38547,1062293585839672570,2025-04-04,"Exceptional stay in a lovely city! It was refreshing to see that a Super Host actually upheld the standards that we’ve come to enjoy over the years. Massimo warmly welcomed us and gave us a tour of the place which was helpful. The place is pristine, fitted with everything we needed for our short stay and the storage space is abundant. The hair dryer is one of the best I’ve come across in our Europe stays and very much appreciated! The location is also terrific and within walking distance of everything. We opted to walk from the train station with large suitcases which we managed however I highly recommend asking the Super Host for a better route that doesn’t require stairs to get to Many’s.",0
38565,1065852557820317921,2026-06-06,"I recommend staying at the loft for short and long visits. Good location, nice surrounding environment with convenient public transport. Clean and green area. Solid, new building and good community areas for guests",0
38566,1023271067336690245,2026-05-23,"It was a great stay! Syrille was very welcoming and helpful with how to get to the location and offered me any more help if I needed. Place was clean, felt like home and Syrille was very pleasant!",0
38568,1065861157507256276,2024-06-27,"Unfortunately the check-in was a big struggle : instruction in German, a lot of info to share I was not expecting to spend time to do that before to get in. The place is nice and very modern.",1
38578,1065861157507256276,2025-09-29,"We enjoyed our stay, and the location is really good. The flat was big and very fancy, and have everything you need. Due to having to have internet to open doors, we sometimes struggled, as our internet wasn’t the best here with our foreign internet providers. The bed was comgortable, but the double duvet was not very big for sharing for two people.",1
38592,1067161910397657849,2025-05-19,"I've decided to book Charles's room after reading the comments on Airbnb. And everything was same with the comments. Charles and Karina is so friendly, helpful. Home was really really always clean. Location is so closer to the train station. In the morning it's lovely to start the day by hearing birds singing..by the suggest of Charles i had a good programme. Thanks for their hospitality. If you want to book it, never have doubt just go ahead for your comfortable accomodation.",0
38597,1024059169079550886,2024-09-01,"For a place in Zurich in a great neighborhood, this place was a gem. The company that hosts the apartment is extremely responsive and helpful. Its on the 6th floor and the elevator was on and off working. This is not the hosts fault but a heads up would have been nice, and a fair warning for anyone with issues with stairs.",1
38601,1024059169079550886,2025-06-07,"The studio itself was as advertised and check-in was smooth. However, during my stay I was unfortunately locked out of the apartment late at night due to a door malfunction. While 24/7 support is advertised, it took hours to resolve the situation — I wasn’t given access to another room until around 2:00 AM, and my belongings were locked inside overnight. This caused a lot of stress, especially as I had an important interview the next day. I hope the host will take steps to improve their emergency response, as the situation could have been handled much better.",1
38605,1025881991724832677,2024-08-08,The location is excellent. We stayed for almost a month and we could find everything we need in the neighborhood…Christian is a very responsible and friendly host as well. We will definitely come back again when we visit Switzerland next time. Strongly recommend!!,0
38611,1067161910397657849,2025-10-29,"Charles and Karina are extremely helpful and communicative. They give very clear instructions, and are responsive to communication via text. The apartment is shared with them, and they are attentive to the needs of the passenger. This is a small apartment with a room dedicated to the guest, With shared accommodations. The only downside is just one bathroom that is shared with three people, but it was never an issue. Highly recommended for a one person traveler close to easy transportation into Zurich.",1
38619,1069248626800655497,2024-11-19,"If i could leave 7 stars i would! The place is really great, and my only worry is that it won't be the same price the next time i visit. The host was extremely helpful and responsive. Thank you so much!",0
38620,1069248626800655497,2024-12-04,"Wondeful host, nice communication and comfortable house. Highly recommend if you are looking for the room :)",0
38627,1025881991724832677,2025-06-14,short but great stay. theres a coop nearby and a train station just in front of the building,0
38652,1069424757462308096,2024-10-13,Cleaning was not very good and the house was cold…,1
38678,1028134450181795036,2024-05-24,Thanks Marcin for your hospitality during our stay in Zurich recently!! We thoroughly enjoyed it's surroundings and city 👌. It's a 2 rooms neat & clean top floor apartment facility. The facility is well maintained. It's well connected to the public transport system - bus station 🚉 around 200 meters. Has grocery stores and restaurants around. Marcin - your timely help and timely communication is appreciated 🙏! Thanks 😊. We would like to visit you again!!,0
38683,1069424757462308096,2026-05-28,"Very comfortable apartment for my family of 5. Check in was very easy, apartment was clean and conveniently located to the tram stop. Quiet at night. Highly recommend!",0
38686,1069667276421808005,2024-07-31,Alessandro was very cooperative and accommodating. The flat is very nice and comfortable. We had everything we needed. The surroundings a bit noisy but the windows double glazed,1
38690,1069667276421808005,2025-07-28,"The apartment location was perfect, and we enjoyed it in general. Alessandro is an amazing and kind host. Very responsive . The only thing we didn’t love was the creaky floors and a creaky bed. Not a deal breaker but did take away from the experience a bit. The A/C could have been a bit stronger by U.S. standards, but it was okay.",1
38697,1070933728899653449,2024-09-18,"Property was great. very new like, lots of light and good furniture. The location was also good. However, Less points for the host, who says he is not available to pick up the phone even at 9 PM and mentions that he is not available even at emergency after 9 PM. (our flight got little delayed) We needed to turn the stove on during the morning around 7AM. looks like it was child locked and there was no instruction how to unlock it. the host was not picking up the call, nor replying on the chat until around 9 AM. this wasted our 2 hrs precious time of travelling. host should have made some measures to help the guests if they are having any issue and 9 PM, 7 AM is not such odd timing if you are a host.",1
38713,1028134450181795036,2024-08-01,Marcin was very responsive host. The place is super clean and organized.,0
38752,1070933728899653449,2025-10-06,"Dimi was extremely responsive and an excellent communicator. Two minor equipment malfunctions were investigated promptly the next morning by a repairman, even though it was a Friday. The bedrooms have plenty of cabinet space and the the lay out was exactly as pictured. Not a lot in extras but everything that was listed. By far the fastest residential internet I have ever seen. Much faster than available in the US easily. The neighborhood is out of the old town and very quiet. Any easy walk to restaurants or the main town. No surprises.",1
38774,1028762306455376305,2025-11-05,"The apartment was incredibly spacious and spotless, making it feel comfortable from the moment we arrived. The location was perfect, with plenty of restaurants, cafés, and shops just steps away. Also 15 minutes walk to main train station. Everything in the apartment looked exactly like the photos, which we really appreciated. The check-in process was smooth and easy. We also loved how well the space was organized and thoughtfully prepared for guests. The only note is that the train noise can be noticeable for sensitive sleepers, but it didn’t take away from our overall experience. Despite that, we still found the stay very relaxing and enjoyable. We definitely recommend this place for a pleasant and comfortable stay in Zurich.",1
38785,1028762306455376305,2026-05-09,"The penthouse was absolutely fantastic, and we had an amazing stay. It was very spacious, modern, and beautifully designed with an open-plan layout. The three bedrooms were perfect and comfortably accommodated six people. The view was incredible, and the balcony was a wonderful place to enjoy breakfast or a meal outside. The location was excellent, close to shops, restaurants, and many amenities, making it easy to explore the area. The owner was very welcoming, friendly, and supportive throughout our stay. Everything about this penthouse exceeded our expectations, and I would highly recommend it to anyone looking for a comfortable, spacious, and well-located place to stay.",0
38798,1071940997923120868,2024-05-20,"Location is great！The apartment is bright and spacious. However, there are no cooking oil and salt in the kitchen as the web site stated.",1
38821,1071940997923120868,2025-06-26,Great location and access to train stops! Just needed a bit more AC for the hot days but the fan helped!,1
38846,1072603252203280627,2024-07-18,"Excellent place, very clean, comfortable, spacious and central, the only detail that only has a bathroom for 10 people, but everything was good.!!",1
38861,1072603252203280627,2025-06-29,"Good rental, it was just very hot due to the heat wave. The fans were a bit loud and ineffective unfortunately. The location was great close to many things.",1
38896,1073154131303655567,2024-10-08,It’s a nice house with large rooms. The place is in a quiet apartment to the level that kids find it scary. Frank’s team was responsive and helpful until I reported an issue with heating in one of the rooms post checkin. Unfortunately they didn’t care to resolve the issue nor communicated post that.,1
38906,1029650793095032337,2024-12-27,"We enjoyed our time in Zurich and dealing with Dimi was very pleasant. Everything was very nice and clean, just as seen in the pictures. The nice spots in Zurich are all accessible by tram which makes it easy to come in and out as needed. We were there over the Christmas holidays and the only thing I wish I had known was to make reservations way in advance for restaurants as everything was closed on the 24th and 25th, also many places were closed on the 26th in observant of St Stephen’s Day which is highly acknowledge in this region. We were still able to find some spots and we did enjoy our stay very much. I would highly recommend staying at Dimi’s apartment and I would definitely go back if I’m ever in Zurich again.",0
38907,1029650793095032337,2025-03-09,"Demi was a great host, quick to respond all the questions and very respectful and kind. Apartment was clean and spacious. Would come back again!",0
38922,1073154131303655567,2025-07-18,Clutter free base. Three stops on train to the centre of Zurich. Apartment is clearly only used for rental so not homely but that was ok for us. At first we were disconcerted by being dropped by taxi in a car park and all the concrete. Then realized it’s just the architecture here - the area is really nice and feels safe. Easy access to centre and host very responsive. Wonderfully fresh white bed linen and towels,1
38963,1076607683017936080,2025-10-01,Words can’t describe how lovely of people Carsten and Bruno are when it comes to hosting. They go above and beyond for their guests in all ways possible. I’d suggest this place to anyone. They’re a quick walk from a tram stop. They have a nice quaint neighborhood with a restaurant around the corner. They make the stay well above five stars. We appreciated them the entire stay.,0
38968,1076660928320188034,2024-09-24,"This was a great spot to stay in. After having a different host cancel, we ended up staying here and it was so convenient and everything we needed! They were also super flexible with check in/out, which we appreciated so much. Thanks so much for the wonderful stay",0
38969,1079622848992379282,2024-02-15,"The appartment is nice and very clean, the location is okay (10 minutes train ride to Zurich main station and view on the lake), however the room is very minimalistic. It says so in the description but I didn't expect that it would be that minimalistic, there is only a fouton which was not very comfortable to sleep on",1
38977,1079622848992379282,2025-03-05,"All went smoothly during my stay at Vivienne’s beautiful home. She’s a considerate and friendly host. The room was pristinely clean and nicely decorated. The couch was comfortable to sleep on. I liked the neighborhood as well, the location’s really charming and right by a public transport station.",0
38987,1079627080504738425,2024-08-20,"Dimi was really attentive throughout my entire stay and the flat is really cozy. For the ones working either at ETH our University of Zurich, the location is perfect. I recommend it!!!",0
38997,1081153469703180828,2024-07-15,Nice little studio. Well equipped and with little details that show that Sonia and Pablo want you to feel welcome. If you sleep with open windows you can hear the street nearby. The apartment is not in the city center but there a tram stops nearby with direct lines to the city center.,1
39003,1029678068860825601,2025-11-23,This was my first ever Air BnB experience and it was more than a perfect a hotel rather i would say felt like home with all ameneties inside. Just felt it a little away to reach there with heavy luggages but the apartment was pretty good. Its well connected with Tram and Bus and have a lift service so it was easy to carry luggages.,1
39006,1029678068860825601,2026-05-18,Very clean and spacious!!! Loved the location as it was peaceful and quiet neighbourhood!! Would highly recommend!,0
39013,1030136300895717374,2024-04-18,The apartment was clean airy and bright. The checking in was absolutely seamless as the instructions were clear. It is very close to the Central and Zurich HB however in a residential area so peaceful. The Sonneggstrasse tram stop was few metres away. There were many restaurants and eateries in a walking distance. Overall we had a comfortable stay.,0
39021,1030136300895717374,2026-04-05,"We had a great stay at this apartment. It was very clean, well-maintained, and exactly as described. The location is perfect — right in the center, yet surprisingly quiet, which made it very comfortable to relax after a long day. The apartment is fully equipped with everything a traveler might need, including a washing machine, dryer, kettle, and coffee machine. Overall, a very convenient and pleasant place to stay. I would definitely recommend it!",0
39030,1081153469703180828,2025-02-02,"I had a great stay at ""Sorpressa."" The place was clean, well-maintained, and conveniently located. Sonia and Pablo were wonderful hosts. They were very responsive and I was able to check in less than 24h after a last-minute booking. As noted in the listing, the unit is near a tram parking station, which can get quite noisy. The walls are also thin, so you can occasionally hear neighbours. However, the hosts provided earplugs which helped.",1
39033,1082941224432174607,2024-06-09,"We had a good stay at this apartment. The views were amazing and it was spacious with a nice balcony. It had a kitchen and two bathrooms, which was nice for a group of more than two.",0
39043,1082941224432174607,2025-07-09,"It’s a great place to stay and it’s really near the tram and buses, so you can get around easily enough. However, unlike a lot of AirBnbs, you are expected to replace everything you use (including coffee pods etc), and there’s a fair bit of admin around the recycling and bins, so beware if that, but it is a lovely place to stay. And Julian was a good host and let us check in a bit earlier which really helped!",1
39073,1030468640706430341,2024-05-11,"Olaf's place was very accommodating and well situated in a walkable distance to the city center, main sights and public transport. The communication with the host was very easy and friendly, he was also flexible about the times of check-in and check-out.",0
39078,1088112872132511372,2024-12-03,Martha was very responsive and a great host! The Bnb is in a very convenient area and is within walking distance of the city center. The only inconvenience we experienced was that the sofa bed was a little uncomfortable to fit two people since the size is a bit awkward.,1
39105,1030468640706430341,2024-09-06,I didn’t get to meet Olaf however we did have chats though the app. He was very responsive. The room was clean and well located - a small walk and a 15 min tram ride from the station. The room was much nicer than the photos! Felt very comfortable and happy.,0
39116,1088112872132511372,2025-12-07,Martha’s place was very local to the train station and easy to find with good instructions. We were able to get in early as our flight was an early morning flight and IRA her cleaner was most helpful. The apartment was spacious and had all amenities we needed. However we were expected it to be a full time Airbnb as opposed to someone home. The location is good for walking into town but was quite noisy especially on the Saturday night when music was really loud from somewhere. We understood quiet hours to be from 10 pm but this went on till close to midnight. If you like the idea of being close to everything and do t mind city noise this is a great location.,1
39136,1089006581666735722,2025-07-11,"Lovely stay in a great location. Really easy to get about from the bus stop at end of road into centre in around 20 minutes. Silvia’s place is large and roomy with plenty of space for the 4 of us. We loved the sofa and projector - made for great watching of Euro games we weren’t at! The only thing I would clarify is Silvia lives on ground floor and shares an entrance with the airbnb which has the first and second floors. Silvia was a lovely host, took an interest in why we were there and was helpful with her tour of the airbnb when we checked in. Wouldn’t hesitate to recommend as a base for exploring Zurich and surrounding areas!",1
39142,1090001258790414437,2025-04-20,"very cozy home close to main attractions. Matteo was very proactive and responded to all my questions. instructions were very detailed and he also gave tips on restaurants, places to visit and even video instructions to certain things in the home. loved it",0
39147,1090467938620153379,2024-08-09,"Dimi's place was very easy to find and move into. we felt at home and all the amenities worked well. one could easily explore Zurich from his place as it's very close to the bus and tram stops. The only inconvenience is the lack of hot water for shower once two or three people use it. That aside, I'd definitely recommend Dimi's place to anyone considering a stay in Zurich.",1
39154,1033132085803812480,2025-03-22,Absolutely recommended host. It was a pleasant experience and the place had everything I wished for.,0
39173,1090585527249773044,2024-04-14,"Very good experience. The apartment located at a quiet district. There are some restaurants nearby, in which you don’t need to worry about nothing to eat when you are hungry. The apartment is at 3rd floor and there is a lift. The host provided food and clear instruction about how to go and everything I need. You will also be provided a map with guide about the city Zürich. However, there is no seasoning provided, so you need to buy some flavouring if you wanna cook. Also, no body wash, shampoo, washing powder etc. be provided, so you may need to bring your own one here. Overall, this is a satisfying experience. Thanks Dimi for hosting me.",1
39177,1090585527249773044,2025-09-14,"Excellent accommodation and location, everything is very convenient, clean, and pleasant. Accessible, no stairs, and there is a large elevator. Many thanks for the wonderful hospitality.",0
39201,1093344293204030859,2024-07-11,"Sonia’s studio was very nice and comfortable to stay in for 2 nights. The neighborhood it is located in was a bit removed from the main area with things to do and places to go. Not many stores or restaurants close by, but it was easy to take public transit to get to everything else. Sonia was responsive and helpful, and gave every clear directions and instructions for how to get there and how to check in. Overall great experience!",1
39215,1099251979615122944,2026-01-17,"perfect location, easily reach by bus or tram, easy check-in, clear instructions, very good space ,well furnitured (TV, sofa,dinning table) kitchen well prepared, studio is in the second floor but there'sa lift so no worries, safe neighbour hood,the things I didn't like are( the window infront of the bed doesn't give you privacy and it should be shaded, there was broken plug beside the bed, there is no shower gel or soap in bathroom and I asked him but he didn't provide, any Airbnb I went supplies these things, little bit noise from Ambulance when passes otherwise you don't hear anything, bed is comfortable but makes sounds during turning right or left, generally I recommend this place and if I go i will choose again after fixation of these little things.",1
39227,1036850798381206910,2024-05-20,The apartment was clean and located close to bus stops. However the apartment is advertised for 3 persons. The sofa bed is definitely not suitable for anyone to sleep on. It was extremely uncomfortable and was not set up when we reached the apartment. We asked the host after the first night for another mattress or refund for third person. Our messages were ignored until the morning of checking out when the host told us that our appreciation of the furniture did not warrant a refund for the third person. Unfortunately my brother was unable to get any rest prior to our long journey home.,1
39234,1099334065912981764,2025-11-17,"The place was roomy & the bed was huge. You could use EU outlets for the plugs. The shower was a bit small but that was to be expected. We liked the chairs and table that came with the kitchen. The chairs on the patio were not what were in the description, but it was still nice! The place was very convenient for grocery shopping & catching the bus.",1
39238,1099353728155487043,2024-07-13,"Initially I had a problem, as after having easily found the flat, when I entered I found that it was occupied. It turned out that there has been a confusion in the booking. However Dimi and the staff were very efficient in finding an alternative solution, and helpful in the whole situation.",1
39248,1107737437082543654,2024-06-15,"I recently stayed at an Airbnb hosted by Nuria and had an excellent experience. The location is incredibly central, putting me within walking distance of all the major tourist attractions. As a solo traveler, I found the space perfect for my needs—cozy, secure, and well-maintained. Nuria was an outstanding host, always accommodating and quick to respond to all my questions, which made my stay even more enjoyable. Her helpfulness truly stood out. I would definitely recommend this Airbnb to anyone looking for a convenient and comfortable place to stay.",0
39266,1107737437082543654,2026-03-28,"Cozy little place in the heart of Zürich, Nuria was very responsive and helpful!",0
39283,1110180030458360460,2024-09-23,"The host was very responsive. The unit was comfortable for two and at a great location. However for those who are sensitive to noise, it can be noisy because it is next to a busy street in the old town.",1
39306,1110180030458360460,2025-04-18,"Gerard’s place is very central, close to the train, trams and the old town. It’s a reasonably sized studio apartment, not in the most glamorous part of town, but the central location is its biggest plus. Most essentials are provided, including fridge, coffee/tea, stovetop, but no microwave and no shampoo or shower gel. Gerard went to great lengths to provide contingencies for entering and leaving, and was prompt in his communication.",1
39362,1111619375901704180,2024-07-07,The place is perfect if you are looking for a spa experience and relaxing on weekend. The room is perfect for two but small. But the facilities are on point. I will come back soon,1
39370,1111619375901704180,2025-11-09,Perfect stay and the partnership with the crown plaza spa is wonderful it’s a great idea. Thanks to Linus,0
39380,1111840263266212292,2026-03-18,"The deck was very nice and was supposed to be there 6 days, unfortunately i didn’t realize that the “bed” was not actually a bed and instead was a what i believe pull out couch. The cushion was stiff and had a very uncomfortable feel and the pillow had 0 support so I slept horribly and had to switch my flight to a day earlier. Everything but the bed was fine and as described.",1
39381,1113105733496722588,2025-05-25,"I have visited this place recently, it was amazing to stay there for 3 nights. The host was very welcoming and friendly he was present to welcome us. The house was provided with ample amenities, utensils for a small family. The living cum dining room is a spacious space for family members to sit and relax. Bedroom is provided with bed and enough storage space. The bathroom is clean and perfect. The location is calm and serene with a picturesque neighbourhood. It is easily accessible from the railway station by tram and bus. The locality has enough restaurants for family hangout’s and also with departmental stores for daily necessities. If I happen to visit Zürich again I will definitely try to stay here based on the availability.",0
39390,1113774205494762701,2025-08-21,"We couldn’t thank Dieter and flatmates enough for the great hospitality, the environment was cozy and extremely welcoming and we felt right at home. If you have a car but want to be close to city center, this accommodation is perfect. We would definitely recommend it for a nice stay.",0
39396,1038485119889689068,2024-07-28,"Enjoyed my stay at Svitlana's place! She was a great hostess and very helpful. The location allows excellent access to the train station, and there's lots of food and grocery options super near.",0
39413,1114503194643592681,2024-06-13,"Great apartment at a pleasant neighborhood. The access and Dimi instructions for check-in was great (as usual, since I stayed in some of his other rentals in Zurich). The apartment is spacious and has almost all the amenities needed for a short trip. The only downside was that the shades are too old and won’t completely close. I’m used to sleep in dark, and outside light was waking me up every day at 5am 😅",1
39414,1114503194643592681,2024-07-06,The appartment is very clean and the location is also great. Dimi responses to any enquiry quickly. The only issue is that the appartment is beside a busy street and if you open the windos for a fresh air then noise of passing cars are very loud and you nay not be able to sleep over night.,1
39431,1114527581245147398,2024-10-03,"This AirBnB is perfect for 1 person or for a couple. It is located right in the city centre, with amazing sights to see around. A very quaint, cozy and neat and clean place that we used for 4 very comfortable nights. The bed / mattress is especially very very comfortable. Has a little kitchen that we used well, as it was well equipped with utensils as well as appliances. Special mention to crystal clear instructions given by the Host, as well as appreciate how responsive the host is. The only drawback is the size of the bathroom, as it is quite small.",1
39440,1114527581245147398,2025-03-28,"It is exactly like described and well connected with tram, train and bus. The apartment is well equipped, there is basic condiments in the kitchen but missing cooking oil (not a problem as I could easily get one in the supermarkets nearby). I like the smart tv which I can cast YouTube on but for some reasons I couldn’t get the Netflix casted. For me, the only thing can be improved is the pillows as they are quite flat even I used both.",1
39449,1114532101632799702,2025-04-22,"Lovely apartment, felt right at home. The balcony has a great view, and the location is super central. We walked everywhere we needed to go. Dimi was super responsive as a host, too. The only downside is that the windows don't insulate noise very well. Since one side of the apartment faces a busy street, it was quite loud, even with the windows shut. It didn't bother me much, but my mom had trouble falling asleep.",1
39452,1038533605441117872,2024-05-01,"Great penthouse loft with small balcony overlooking the train tracks and the mountains across Zurich. Amazing screen to connect your lap top to and work from home and also smart TV that can be viewed from the mini living room and bed. Fridge stocked with some essentials. There is no kitchen but there are canteens, fast foods and restaurants all around (walkable). Also around are train, bus and tram stations for various connections. Finally, Jerry was always responsive and helpful. To be revisited! Thanks!",0
39461,1114561957367016928,2025-12-17,"Bernd's home was a nice place to stay. It was clean, comfortable, spacious, and quiet. The access to the train station was a huge bonus. We were off exploring during the daytime and it was nice to have a quiet place to come home to each evening. Unfortunately, I cannot recommend renting from Bernd. After we left, he has falsely accused of us damage that we did not and could not have caused. Upon researching, we discovered that this a common scam for european hosts. This experience will impact if we choose Airbnb for future stays.",1
39463,1114561957367016928,2026-06-22,"It was a very nice house, everything clean, and actually he offered us someone to clean the apartment during the stay. The apartment it’s nicer than it appears in the photos, very near from train station, and only 1 station from city center (5min on train). And Bernardo a really kind host, always in touch with us to see if we needed something. I 100% recommend this place to stay.",0
39482,1115154631828835298,2025-04-05,"Super nice and clean Airbnb in a centrally located area, very quiet for the area. I will say the only downside would be you are in the addict, 3 flights of stairs, and short ceilings (probably 6.5 tall).",1
39490,1115154631828835298,2025-06-17,"Great location. Lots of shops and restaurants closeby. Check in and check out instructions were easy to follow. The only thing I would advise is maybe have the fan open before guests arrive as it was a particularly hot day when we checked in, but besides that, the bed was nice and comfy, TV working well, bathroom was clean, thank you David for being responsive throughout.",1
39510,1038533605441117872,2025-09-07,"Jerry was a great host, responsive and very helpful providing directions to his place. The apartment is nice and it is easy to get to the city center. Really enjoyed my stay.",0
39522,1115359737883601596,2024-07-09,"I‘m really sorry to give only two Stars to my trip, because the host was really really friendly. I also could check-in one hour before the announced hour. And the location is really in a good spot of the city. But the heath in the room was barely endurable. A building with this kind of isolation needs to be fulfilled with at least a mobile air conditioner. Another strange thing is the fact if having a lavabo thats serves as lavabo for the toilet and the kitchen at the same time. I didn’t cook but otherwise you would clean your face in the same place where you wash your dishes.",1
39531,1038542865619833345,2024-02-21,"This apartment was beautiful, clean, well-equipped, and in a great location. There were 3 of us and we fit comfortably. Nora is kind and very responsive. She gave us recommendations and helped us at all times when we needed it. It was an easy walk to Zurich HB train station, perhaps 15 minutes. It's close to good restaurants and shops on Badenerstrasse. The only issue was the clothes dryer in the basement didn't dry our clothes, so we had to hang them up, but that wasn't a problem. I definitely recommend this apartment!",1
39532,1038542865619833345,2024-02-25,"Nóra is a great host. She is kind, flexible, helpful and quick to respond. The apartment is very nice. It is spacious, clean and well equipped. The area is nice. It is full of life but still calm and friendly. The communications are very good with a tram stop close by. Would easily stay at Nóras place again.",0
39570,1115644068624929675,2025-09-29,"This was honestly the nicest and most comfortable Airbnb we’ve stayed in. We felt completely at home. Hemerson was super sweet and always quick to reply whenever we had a question. The place is a little outside the center, but with the tram stop just around the corner, getting around was super easy. Everything was just perfect , we can’t wait to come back soon!",0
39582,1115929213559318912,2024-07-24,"Clean and spacious with a balcony to boot. Beautiful sunflower fields, peaceful forest trails and the delicious Ziegelhütte gastropub are just up the hill and tram 7 is right across the street for easy transportation in and out of the city center.",0
39590,1115929213559318912,2024-09-18,"Overall the place was great and excellent value compared to alot of other listings. The location was ideal and we went to a local restaurant just 3 min walk away from the place and the food was amazing. However, there were left over party balloons left in the room and the couches were stained and some glasses were still dirty in the cabinet. Cleanliness could have been better.",1
39625,1040520308711731984,2026-01-03,"Would book again :) Pros: - Very comfy bed - Amazing kitchen with all the appliances you need to cook a big meal - Beautiful balcony / wintergarden - Very communicative, responsive and friendly host Only con: - The apartment is a little bit cold in winter. But there is a mobile heater that you can use to heat up the room you are in. Would book again 👍🏻",1
39637,1116412397509447583,2024-04-04,"Everything is so nice~ The room is cozy and Tobias is welcoming and friendly, makes us feel like staying at home. A special experience~",0
39638,1116412397509447583,2024-04-28,Tobias provided a very nice and good value accommodation and much appreciated communication and tips. Highly recommended for longer duration high quality stays in the center of Zurich. Thanks.,0
39647,1045403962548102293,2024-07-14,"Mathilde’s space was perfect for my stay in Zürich! I could walk easily to nearly anywhere in the city center, but there was nearby access to trams if I wanted. Her place was clean, quiet, included everything, and was very comfortable. Mathilde was also very kind and communicative! Thank you for helping to make my trip so easy and relaxing!",0
39648,1045403962548102293,2025-06-01,"Loved staying at Mathilde's place. Great location near a train station and tram stops, shops close by for groceries and other items, spacious and clean apartment. The only minor drawback was that the washer and dryer listed are not in the unit and instead in a common area only accessible at certain times. We made it work, but if you are counting on doing laundry at any time take that into account.",1
39650,1047024288876535162,2025-11-28,"Beautiful apartment in my favorite part of the city. It is super modern and well furnished. You will find everything you need in the apartment. We were staying for a month with a small child and were very glad to have a washing unit in the apartment. The apartment comes at its price. However, most of the furnished apartments in Zürich are super pricey, especially in this area. The host was super responsive and attentive for our needs.",0
39659,1117485613867699064,2025-07-14,"I had a great stay at Rossana’s place. If anything, the Airbnb is more spacious than the pictures show and it was well stocked with everything I needed for a few days!",0
39661,1117485613867699064,2026-05-21,"The place was clean and had all the essentials. Responsive host, would stay again!",0
39690,1118665560754930229,2024-09-25,This stay was amazing! Andrea was truly a great host and communicated very well. She even let us store our luggage at the airbnb before our check in which was very kind of her to do. The location is very close to public transportation and everything about it was perfect. I highly recommend you stay here during your trip to Zurich!,0
39735,1047786868760736508,2025-06-09,Main complain is that apartment was not cleaned very well. There were hair on the floor that is not fine but may happen. But there were hair in the bed. For me its not acceptable especially for that price. Another item that is not covered in the description is elevator. Its small. Very small. Though it is said for 3 people it can contain only one normal-sized man and a small suite case. But if you have a stroller it does not work. All the rest is good. Apartment is in the very quite neighborhoud. Good supermarket (coop) is 3 minutes walk. City center is 30 minutes walk. Kitchen has all dishes to cook. Even fridge is a normal size. Host is very responsive,1
39738,1118665560754930229,2025-11-17,"Thank you so much Andrea for your wonderful hospitality. From the moment we arrived, everything was smooth and easy. Your clear communication, fast responses, and warm attitude truly made our stay comfortable. The apartment was spotless, well-equipped, and felt exactly like home. We really appreciated the small details you prepared for us, and the location was perfect for exploring the area. We couldn’t have asked for a better host. Thank you again for making our trip even more enjoyable. Highly recommended, and we would definitely stay here again in the future! 🤍🇨🇭",0
39751,1119640164109413293,2024-06-19,"Wonderful experience start to finish, the place is so nice and so convenient. We loved riding the tram around town that is just a short walk (this was the only town on our 3 week visit we never used a taxi or Uber) and the back yard and garden were just so lovely. Nunu is also the most friendly host, made us feel so welcome and gave us the best suggestions of places to go, she is a true local so definitely pick her brain when you arrive for some good suggestions to make the most of your stay. We’ll be back!",0
39766,1119640164109413293,2025-02-21,"Of all Airbnb units that we have stayed around europe, Nunu is the only owner that greeted us upon arrival. She is friendly, helpful and her English is very good! Her unit is splendid, exactly the same as per the photos. And u got an extra with the garden at the back. Interior is beautiful and spacious! Truly a wonderful stay. Will repeat, definitely.",0
39797,1120144716828034996,2024-09-07,"The apartment was a really lovely place to stay for a week in September. It feels even more airy, bright, and inviting than the pictures make out because there are windows on three sides, which also help with making a nice cooling crossbreeze. Ersin was friendly and responsive and made the experience feel homey. The apartment is towards the back of the building, so there’s little street noise and the main outside noise is just the regular church bells. I travel to Zürich at least yearly for work and I would absolutely stay again.",0
39807,1120144716828034996,2025-11-22,"It was a great place to stay. Close to a tram stations which made it easy to get around. It’s up a lot of stairs with no elevator. The host was very responsive and nice. He was also very flexible with our check-in! The only issue with the place was the temperature. We went at the end of November, while it was snowing, and the apartment was very cold. There was an extra space heater provided, however it didn’t do much.",1
39813,1047837378777791990,2025-05-30,"me and my family had fantastic stay at this AirBNB. The place was exactly as described-clean, comfortable, and thoughtfully stocked with everything we needed. The check-in process was seamless, and the host was incredibly responsive and helpful throughout my stay...",0
39817,1120934824940345706,2024-05-26,"The place is very close to old city centre. We go everywhere with walking. There are markets, restaurants, bakery near the apartment. The area is slint and peaceful. If I come to Zurich again I stay in the same place.",0
39830,1120934824940345706,2026-05-18,"Dimiter’s apartment is in a great location, quiet but easy walking distance to old town, and other important locations. The apartment is nicely functional and very clean. Dimiter was very responsive . The only reason I did not give a 5 star is because the bathroom is small, and furniture/lighting/ wall decor is minimalistic. Very livable but not enticing. Great for a few day stay.",1
39835,1121006079796743628,2024-05-31,"Conveniently located near the center of the city walking or a quick bus ride. The space was spacious and comfortable and great for a quick retreat in Zürich. If you don’t mind a little city noise (some buses, the occasional ambulance, some neighbors) then you are set for a great city stay! Dimi was an extremely responsible host and always responsive to our questions big or small. Thanks for everything! 😁",1
39861,1121006079796743628,2025-06-26,Perfect location steps from the Kunsthaus museum and charming old town with all the cafe's and shops to explore. The apt was very clean and the huge windows opened up to cool down the place without air condition. the apt is small but charming and the bathroom show works well. The only neg thing was the wifi didn't work when I was there she said she tried to fix it but it never worked. I would highly reccomend Dimi's place,1
39867,1121156872424979340,2024-06-26,"The flat is very centrally located, check in was easy. Unfortunately the flat didn’t exactly look like in the photos, but it was close enough. It was rather clean and the bed was very soft. There was soap and salt and pepper available, some coffee or tea would have been a nice touch. Also some decorations might give the flat a little bit of a brighter feeling. Given the crazy prices in Zurich Dimi‘s apartment was good value for money in a very good location!",1
39878,1047861794225712238,2024-09-30,"The apartment was in a excellent location. Very walkable and close to a supermarket, the Limmat and landmarks of Zürich. About 200-300m you are able to get a street tram that connects you with Zurich HB which is a must for tourists that intend to explore more of Zürich and the Switzerland. Bis bald! 🇨🇭",0
39879,1047861794225712238,2025-02-25,"Small and comfy apartment! Slightly far if you wish to walk from Zurich HB, but the apartment is near a tram stop. Plenty of restaurants around and the river is beautiful!",1
39889,1121161811639150912,2024-06-09,"Nice, bright and clean apt. Very close to all the central locations - lake, restaurants, bars, universities, etc.",0
39895,1121161811639150912,2024-07-28,"Very quiet but central location, nice neighborhood, convenient for the tram, lake, and Altstadt. We were here during a very hot weekend but the flat maintained a comfortable temperature. Otherwise, the flat was very nice and had everything we needed. Dimi was also helpful, friendly, and responsive. Highly recommended!",0
39900,1121629711054036802,2025-04-24,It was a great spot near good restaurants and lots of kids playgrounds. More of a hotel feel with the cleaning and service with the benefits of of an Airbnb.,0
39908,1123702487962688203,2024-12-23,The apartment was cost and defect for our family of five. Location was good for our onward travel and access to the city by bus easy too. Stefani was a great host!,0
39911,1123702487962688203,2025-05-11,"We truly enjoyed staying at Stefani and Alexander Airbnb! It was extremely cute and comfortable. Stefani accommodated us by allowing us to check in early. She also gave us tips on how to get around the city. The Airbnb location was walking distance to the train. She was very quick with responding to us. We did have a little issue with the toilet, and we do understand that it’s an older building; however, Stefani was able to correct the problem right away. I would definitely stay here again! Zurich was truly beautiful!! Thank you again Stefani!!",1
39920,1125298587843717820,2024-05-12,"between the smart lock with app, keypad, and physical key, we found the place very easy to get in and out of. it's along Zurich T9 tram line that goes from downtown (Zurich HB (the main train station)) to the airport, which made our arrival and departure very convenient. all the furniture was rustic (in a good way) and cute, and the two salt lamps by the bed were very nice. kitchen is nicely stocked, but there isn't a ton of counter space. the place is close to a tram Depot, (the host Sonia is transparent about this before she confirms booking, and ear plugs were provided) but it wasn't loud enough to bother me. the window shutters (blinds?) close all the way, you just have to keep turning the Crank :)",1
39929,1125298587843717820,2024-09-23,"Well located place - just 15 min away from the city centre by tram. Very clean apartment and great spot for a city trip in Zurich. Sonia is very quick in responding in case you have any questions. As a suggestion, I would like to add that it would have been nice if we had been allowed to enter the apartment a little earlier than 3 pm, as it was already ready but the code was set for 3pm sharp.",1
39949,1125421283731646093,2024-09-30,"100% recommend this place! Great location! Right next to a tram station so it was super easy to get around. The apartment is very clean and comfortable. There are a lot of nice things to do nearby but the apartment is very quiet in the evening. Matteo and Margherita are wonderful hosts! They made me feel like home! The third host Legy is an absolute love bug. Be aware! He is also a con artist! Don't trust these cute eyes when he tries to convince you that he needs a second dinner. If you are visiting Zurich, this is definitely a great place to stay",0
39953,1128064905360899187,2024-06-30,"Incredible sanctuary in the heart of it all, but just outside enough of the normal hustle and bustle of central Züri. Beautiful, pristine and spotless apartment is exactly as described. Lucas and Sara were truly kind and attentive hosts. A MUST STAY consideration if visiting this great city. Danke viel mal!",0
39955,1128064905360899187,2024-10-01,"This is an immaculate, stylish apartment in a great location with excellent amenities. We had everything we needed for a few days in Zurich and the tram station is just outside the door, so we could be in the center town in under 10 minutes. The train station is just a 5 minute ride away! A few things to note: There are 70+ stairs to reach the apartment (no elevator) The washer and dryer are not in the apartment, they are just outside the apartment behind an unmarked door. Lucas was a good communicator.",1
39970,1128404290254972817,2024-06-18,Good location. Was not expecting the room to be in a business / office type building but the room itself was fine. The location was what I was most interested in— it was close to the city center and close to public transport. I didn’t use the kitchen but it has everything you would need to cook and refrigerate groceries.,1
39971,1128404290254972817,2024-09-14,"It’s not so comfortable for 2 people. 1 is perfect, everything is a bit small. Overall great place, the gym and pool is great.",1
39986,1125421283731646093,2025-09-23,"Such a gem especially in a place like Zurich! The room was clean, spacious and comfortable, the hosts communicated well, the location is just perfect for all possible activities in Zurich but the main highlight is the sweetest and most sociable cat ever! Will definitely book this place again when back in Zurich, thanks for everything!",0
39991,1125527094939887119,2024-06-26,"Antonio and Angela were very gracious and friendly. I had plenty of privacy, but they were both available if I had any questions. I would absolutely recommend, especially if you are traveling solo. They live right near the lake with easy access to swimming in the summertime.",0
39997,1167847112150736412,2024-12-02,"The location is excellent, with plenty of restaurants and coffee shops nearby. It’s easy to find. However, note that the apartment is on the third floor of a walk-up building, and there is no elevator. One significant issue is that the hallway leading to the apartment has no lighting, so you’ll need a flashlight at night. Inside, the doors between rooms are shorter than usual, so tall individuals should be cautious. Additionally, the Wi-Fi was not working during my stay.",1
40001,1129186436954304347,2025-04-19,"Very clean place, super comfy, nothing bad to note. One of the cleanest places I have stayed. Only downside is that it was a bit outside the city center but easily accessible via public transportation or a ~30 minute walk. Host was very responsive and the guidebook of Zurich was very helpful. Would recommend and stay again.",1
40012,1167847112150736412,2026-06-25,"The location is great, just 5-10 minutes walking from the train station. There is also a supermarket nearby. The view is beautiful, the kitchen is well equipped and maintained. The instructions are very clear. The only shortcoming is lacking of air conditioner.",1
40017,1167847256638577971,2024-09-04,Full set of kitchen with good water flow and drainage in the shower room. To note that the unit has unlevel flooring with a gradient from entrance to living room sofa.,1
40033,1129186436954304347,2025-12-07,"We had a great stay here! The unit was spacious and very clean. It was very easy to get on the tram in a two minute walk, however it was difficult to get a taxi from here. The place was a little pricey for the area and the fact that the washer is in the basement, but we enjoyed our time very much!",1
40038,1129756796149622244,2025-05-23,"My parents stayed at Monika’s place while visiting us in Zurich and loved it. Great apartment with everything you need, a beautiful balcony and ideally located near the lake, cafes, restaurants, shops. Can walk into centre by the lake or seefeldstrasse or get a tram 3 mins from the apartment. Monika was great to deal with and always contactable. Highly recommend",0
40046,1167847256638577971,2026-06-29,"A beautiful and clean place, close to many nice restaurants, with a lovely view. However, we faced two issues: the weather was extremely hot and the place did not have air conditioning. Also, for elderly people or anyone with an injury, the stairs are very difficult.",1
40064,1168196576469592433,2025-05-19,"Good location, comfortable beds, clean, and great layout for our group. The only negatives were the smell of mildew in the washer and the A/C wasn’t strong enough to cool the apartment as well as we would have liked. It did cool it but we like it cold. The host was responsive and helpful.",1
40066,1168196576469592433,2025-05-31,"Fantastically clean flat, with a perfect amount of space for our family. Very convenient to public transport and a very safe feeling neighborhood. Host was very responsive to the few small issues we had. Having the washer & dryer was nice, but fair warning that it took nearly 5hrs for a load of clothes to dry. Our one challenge was that the only thing supplied for doing dishes was liquid soap, no sponge, rags, or drying towels. So we made do as best as we could with bare hands for the few dishes we had, but if you were doing real cooking there it would be more difficult. Would definitely recommend this flat and we're very grateful for our stay!",1
40069,1129800805695716463,2024-10-31,"Solo traveler, 2 nights for a training during the week: Tomi welcomed me after checking-in and we had a very friendly chat. We were both pretty busy during my stay so hadn't managed to chat again, but Tomi was very helpful whenever I needed something and made me feel at home! If you're a light sleeper bring earplugs; the windows do an excellent job at insulating from the noise but the appartment is right next to Zürich's party area and even during the week there's something going on.",1
40073,1129800805695716463,2025-07-13,"We had absolutely wonderful stay with Tomi! From start to end, Tomi was very quick to respond to every question, and he generously shared his favorite local spots and insider tips. The house itself is a dream, super clean, cozy and full of life thanks to so many vibrant plants. I could tell the hosts put real heart into maintaining the space, salute to their efforts! The location is very good, within easy walking distance of cafes, shops, train and tram stations. But there are a lot of bars nearby, so it was a bit noisy. We met Tomi in person on our last day and ended up talking for hours, he’s as warm and genuine face to face as he is over message. We’d love to stay here again and highly recommend it to others as well.",1
40099,1168278591033652735,2024-09-29,"Franks flat is a quiet neighbourhood about 30 minutes from Zurich by public transport. It is 15 minutes from the airport by taxi. ( 50 euros ) It was as appears in the photos, comfortable and quite spacious. The kitchen is well supplied with plenty of crockery and cutlery etc As others have commented some shampoo coffee pods etc would be nice ( but as others had commented we came prepared even though we were only in Zurich for 48 hours !) The parking is not easy in the vicinity. But luckily we only needed parking overnight. And Switzerland is a very expensive country for visitors !! Thank you for a lovely stay.",1
40101,1168278591033652735,2024-10-28,"A lovely place with lots of accessible public transport around. Very tidy, clean and comfortable. The check in was simple and all the information from the hosts was clear and helpful. We had a couple of small issues but the hosts were communicative and quick to respond. Small points for improvement would be to better equip the kitchen and provide some toiletries, such as shampoo, for guests. Other than that, this place is a highly recommended stay in Zurich!",1
40121,1131599809322844889,2024-04-21,"Beautiful and ideally clean apartment. We enjoyed the stay and the host greeted, welcomed us in person and helped check in process. Beds are super comfortable, too!",0
40142,1131599809322844889,2026-05-21,"Clean, large and simple home in a quiet location. It’s about a half hour walk from the center of town, which is perhaps the only negative. This is compensated for by the very close access to the tram line. The host was instantly responsive and I had no issues with check in or check out.",1
40144,1131778831616566911,2025-01-10,"it s a very nice clean apartment with tram station near and many markets(coop,migros,denner,aldi)just 2 min away to walk!thank you for all the staff blueground apartments!",0
40149,1169413424365979407,2025-06-16,"Simona is very communicative and helpful.The apartment is quaint and small, a decent size for a couple, and nicely decorated. The apartment is on the 5th floor and accessible by elevator. However, there is no air conditioning, which could be a concern during warmer months. Additionally, the neighborhood is very lively, with a club located below the building, making it quite noisy, especially at night.",1
40160,1171879492281441209,2025-08-22,"mattress with no cot, no wifi, location close to public transport trams, small room and little difficult to find the key to get in.",1
40161,1171879492281441209,2025-11-17,"The flat is well-located, and although it was cold outside, inside the heating worked very well. It's small (like the pictures show), and the bed has no frame (also as shown by the pictures). There were no surprises, so you can trust what the ad says and shows (except that the hair drier does not work without an adaptor, which isn't available in the flat). Bayardo replied quickly to our messages, which helped, and offered us towels, bedsheets, toilet paper, etc.",1
40172,1172180921919823425,2025-05-22,Best place I’ve stayed while working in Zurich! The walk to work in the centre was great and easy to get to. Nice views also.,0
40181,1131869886358819724,2025-05-22,"The location was perfect, apartment was clean and David was an amazing host and very responsive. The only issue was that we didn’t know it was his own living apartment and felt kind of uncomfortable noticing his personal stuff everywhere and not locked. Other than that it was perfect.",1
40183,1131869886358819724,2025-07-14,"Great location and apartment, would happily stay there again! Close to bars, restaurants, transport and already in the city.",0
40200,1134039414566735416,2024-07-14,"Not the best communication before arrival I wrote twice on the platform and sms without any answer and had to phone once we arrived. Very clean room but the real problem and what needs to be mentioned only for smoking people who like to smoke all the time, the smell of cold tobacco was really horrible. Even with opened windows it didn't go away, the neighborhood is very noisy even very late so it was definitely difficult to sleep. It's more like an hotel with many rooms and cleaning people staff in the morning than the home of someone. Only advantage as the price are crazy in Zurich it's relatively reasonable and very clean except the horrendous smell of cold cigarettes. So OK for smoking people on a short budget I guess",1
40209,1134039414566735416,2024-11-26,Great location and as shown in the description.,0
40212,1172180921919823425,2026-02-04,Christos was a wonderful host and when our plug adaptors didn’t fit he immediately found one for us. The apartment is a short bus ride from the centre of the city but the location was good for us to be near family and friends. The apartment was warm (it was January) and very comfortable. Our daughter joined us for two nights and stayed on the sofa bed which she found comfortable for the weekend. We would recommend this apartment and Christos as a host and hope to be able to return soon.,0
40225,1173187086718811596,2025-07-09,This apartment was great. A great size for two and in a great location - super close to transit options and very walkable. The only downside was how hot it was.,1
40227,1173187086718811596,2025-09-04,Amazing stay with a very kind and accommodating host! I loved the location and enjoyed relaxing on the balcony. The host went above and beyond to make my stay comfortable. I will definitely stay here again and highly recommend this place!,0
40229,1174067952451128140,2024-07-17,"Host is helpful, but there’s no lift and it was very difficult to climb stairs to 3rd floor with luggage, there’s no air conditions inside the apartment, also some smell of paint, towels were new but leaving furs",1
40230,1174067952451128140,2024-07-22,"This apartment is spacious and allowed for my family to stay comfortably. The location is very good - it is close to a train station and others public transportation options, it was short 3 min walk up the train station Oerlikon and about 5 min away to old town Zurich HB by train, but the consequence of the convenience is the noise. The apartment does not have lift which gave us a bit of work, especially on the last day, to get all the big bags down, but anyway in general the experience fot us was good!",1
40252,1174493919352217296,2024-06-29,"Exactly as pictured, very good and friendly communication. The place has plenty of amenities and lots of closet space. It was extremely clean. There's a nice balcony, and the doors to the bathroom and living room also have a lock for extra safety/privacy. There's two elevators in the building. You're allowed to leave any leftover unopened food for the cleaners. The only two downsides: - the self check-in is very handy, but the key box is a few minutes walk from the apartment, which means a slight climb with your luggage up a hill. Only a minor inconvenience, but it would have been good to know beforehand - the apartment had no oil, salt or pepper, coffee or tea. Thank you for the pleasant stay!",1
40268,1136920916371783777,2024-06-16,"This newly renovated flat is beautiful, with a fantastic and spacious balcony with a view of the hills above Zurich. Is is in the peaceful Seefeld neighborhood, a 5 min walk from the station Zurich Stadelhofen (which is a 3 min S-Bahn ride from Zurich Main Station, and 15 min S-Bahn ride from Zurich Airport). If one walks to the center of the Old Town, it is only 10-15 min. And, about 2 min walk from the lakeside. Very hard to beat!",0
40273,1136920916371783777,2024-10-02,"Jose-Luis’s apartment was perfect for my wife and I. It was small but enough space for the two of us to feel comfortable and cozy. There are 5 other apartments on the same floor next to each other, but it felt very private the whole time. The balcony was a nice feature as well. Unfortunately, there was construction going on during our stay so the noise in the early morning was very disruptive. However, the hosts communicated it to us and apologized for the inconvenience. Overall it was a great time.",1
40277,1174493919352217296,2024-08-17,We had a great time in Zurich! We loved the location and the balcony to sit on. Dimi was easy and quick to communicate!,0
40283,1174525811887374145,2024-09-04,"apartment was as described, with a lovely balcony. it was convenient to take the tram from just outside, and the main train station and was not far to walk to. above all, we appreciated the clear instructions, elevator access and hassle-free check in & check out process!",0
40298,1136949216140954932,2024-07-08,"Great stay! Very comfortable beds and the apartment had everything we needed. Although the place isn’t very large it’s a comfortable stay, in a great location. Only thoughts - there is no air conditioning but there are fans and the windows do open. Additionally the street is very loud outside and with the windows open it would definitely be challenging for some to sleep, but was just fine for us. Definitely recommend this place!",1
40333,1174643056974114020,2025-09-24,"The flat was perfectly located very close to city center — just a few minutes away from HB/center by car or public transport. There are plenty of supermarkets nearby, and even a cozy coffee bar right at the corner of the street. The apartment itself is very spacious and comfortable, everything was absolutely perfect. If I visit again, I will definitely look for this flat first! The host, Dimi, was extremely kind and helpful. During our stay, my son suddenly became sick and we had to go to the emergency hospital. Dimi was so understanding and agreed to extend our stay with just a simple adjustment in the price. That support meant a lot to us in such a stressful moment. Highly recommended — thank you, Dimi!",0
40337,1174663945113092382,2024-06-27,Dimi was a great host is quick to respond. The location is in the center of everything. The only problem I had was the map on Airbnb brings you to an area below the building. If you go realize it is across from the church. The apartment is close to the laundry room and very quiet.,1
40342,1174663945113092382,2024-07-29,"Giancarlo and Dimi’s apartment was a real treat. Located right in front of the Grossmünster made for the ideal location. Quiet, clean and comfortable we would highly recommend this wonderful apartment. Giancarlo and Dimi were super hosts, very responsive and gave clear and concise directions and information! The location of the apartment is within walking distance to most if not all the sights to see in the Altstadt.",0
40352,1136949216140954932,2025-11-08,"Clautilde was a great host, always very responsive with quick and clear communication. The apartment was very cozy, clean and tidy and just what we needed. The only downside is that it was very noisy. Between the bars on this street and road construction that started around 6am, there were not many quiet hours at night. This extra noise may just not be avoidable for being in such a central location, but something to know depending on how lightly you sleep. Overall, still a great stay, great host, and great location!",1
40379,1137676498166692246,2024-06-14,"Beautiful, clean and pristine apartment in a very central location. The only big downfall, is that the building seems to be going through renovations, so we were woken up at 7am to intense construction drilling every morning, directly above or beside the apartment. We genuinely couldn’t hear ourselves think. I don’t think that’s the fault of the hosts, so 5 stars for them & the space, but still wanted to leave a fair warning for anyone considering this apartment as it was very very disruptive to our vacation.",1
40393,1175324228592636196,2024-10-03,Comfortable room and bed on a peaceful street. The check-in was smooth and easy.,0
40395,1175324228592636196,2025-09-22,"The place looked exactly like in the photos. It was suitable for a couple or a small family with a double bed, a TV, a sofa, a private bathroom and a separate toilet (no bathroom door though) and a small kitchen with enough cooking utensils. The host was friendly and allowed us to check in earlier. However, the drawback would be the lights were really dim and the room was dark overall. The host helped us and gave us 2 additional desk lamps though. Thank you for the stay.",1
40414,1138498635029076634,2025-07-01,"Room was perfect for our one night stopover in Zurich, close to the station, clean functional shared bathroom and flexible for checkin time. Interior decoration is functional rather than hotel standard and fortunately for us the Jazz club opposite wasn’t loud on a Monday evening but the complimentary ear plugs suggest this isn’t always the case.",1
40416,1138498635029076634,2026-06-11,"Typical European hotel. Nothing special, you’ve remodeled all the charm out of it. Please start copying US hotels and add USB ports so we don’t have to purchase an expensive converter and haul it around with us. The chance to do laundry was a plus, but other than free coffee, no breakfast was available",1
40419,1175464796423154107,2024-09-22,"Raphael is such a perfect host, we thoroughly enjoyed our stay here! We went to amazing restaurants and loved the surrounding neighborhood. The bed was very comfortable and the window in the bedroom luckily has a screen which is not common in Switzerland I found! I would love to stay with Raphael again if I’m ever in Zurich, he is incredibly kind and respectful. Also - the tv and Netflix were easy to use!",0
40421,1175464796423154107,2024-09-25,"It is a quiet and peaceful area and short train journey from centre of Zurich. Raphael was really responsive and provided clear information. The accommodation is spacious and tidy. Couldn’t find a microwave or kettle in the kitchen but the stove was plenty for our short stay. The kitchen was otherwise well-equipped eg tea/coffee/cooking spices are provided. In the bathroom the only ventilation appeared to be a window (maybe there is an exhaust, couldn’t see it though!) but it opens to the street so it’s not too comfortable opening it. It was good that all amenities eg soap/shampoo are provided. Overall a really comfortable stay with a great host, would definitely recommend!",1
40426,1176813416936440463,2024-11-02,"A very big apartment located in a small street close to the lake, not far from Stadelhofen. It has everything you may need, including a washing machine and a dryer which is a huge plus in Zurich and a big balcony. The place is very pleasant, quiet and comfortable. It is clean and well maintained on a high standard, like one can expect in Switzerland",0
40429,1176813416936440463,2025-05-29,"The apartment is quite spacious and very clean. The location was very convenient as well. However, I was surprised how bare bone the apartment was. Nothing was provided in the kitchen, not even a salt shaker! There was one bath towel per guest provided, even though we stayed for four days. And no toiletries with exception of a tiny disposable bar of soap. We were disappointed by this lack of hospitality.",1
40438,1176878538805266347,2025-02-21,"Appartement was wonderful and the host was always reachable, absolutely perfect!",0
40443,1176878538805266347,2025-07-23,"Stefani’s place was in a great location just a short walk to the train station and the grocery store. The apartment is on the 3rd floor. Stefani reached out to inform us about construction being done across the street and we appreciated the heads up. They started around 7Ish in the morning, which was not inconvenient for us because we had early mornings. They finished around four 4:30ish in the afternoon. At night with the windows open, you could hear the Shisha bars downstairs but nothing we couldn’t sleep through. We also stayed on Monday/ Tuesday, I know some of the reviews say it can get pretty loud on the weekends. Stefani’s place was spacious and clean and perfect for our group. Thanks for the accommodations.",1
40460,1176985428847535014,2025-09-13,"Stefani’s apartment is a good place to stay for convenience and if you don’t need to be in the main area of Zurich. The main area is easy to get to by train but there’s not much around the area. The apartment was mostly clean except for a blood stained sheet which they promptly sent the cleaning service and replaced the sheets and unclogged the shower. The fans were also dusty. The biggest drawback was that it is on the top floor with no elevator and a lot of stairs. I inquired about the luggage carrying service but it was not available on the weekend. If you have heavy luggage and aren’t physically capable of hauling luggage up 5 flights of stairs I would consider staying elsewhere. Overall, decent for what it is was and an accurate description and host was very nice and accommodating.",1
40463,1177498062982581065,2025-01-03,"I had a wonderful experience at Daniel's property. He provided clear instructions for the check-in process, making it very easy to settle in. The location is excellent—just a 5-minute walk to the train station, 3 minutes to the nearest bus stop, and about 7 minutes to the closest tram stop. The bar on-site was a delightful addition to my stay. I highly recommend this property to friends and travelers in the area. Just a note: there is no TV, which I initially overlooked 😂. However, this turned out to be a positive aspect of my trip, as it encouraged me to disconnect and enjoy my surroundings.",0
40476,1177498062982581065,2026-05-24,"We had a wonderful stay at Daniel's Airbnb, the apartment was spotless and the view was absolutely stunning! Everything was just perfect, I highly recommend it!",0
40480,1177511448831408787,2024-08-20,The flat was perfectly located in the heart of everything. We did not realize the flat had no air conditioning but the breeze through the many open windows was lovely. It may not be ideal if you are a light sleeper- the church bells ring throughout the day and night and all the activity outside in the courtyard but it did not bother us at all. We would stay here again in a heartbeat!,1
40495,1138519248574630627,2024-07-25,"very convenient and near Zurich bahnhof and have many tourist attractions, shops and restaurants around. however it might get a little noisy at night due to the nearby restaurants/bars.",1
40516,1138519248574630627,2025-11-23,"Great location, it has a microwave which is very helpful, but the heater didn't heat very well even at the highest setting, and the showerhead wasn't securely fixed to the base. Even so, I recommend the place and will return more times.",1
40519,1139906946681618413,2024-07-06,"Great apartment with everything we needed. Perfect location right on the lake and close to the tram, which took us into the city within 10 minutes. Stephanie was very friendly and responsive.",0
40520,1139906946681618413,2025-05-27,"I really enjoyed my stay in Stephanie's apartment. You will walk in and know that you're stepping into someone's home and I found that quite charming. The location is excellent, steps away from train and tram stations, but I most enjoyed walking along the lake front to get into Old Town. You're also near some good cafes and a co-op for groceries along Seefeld. The apartment itself was spacious with a big bathroom and kitchen and the building is really quiet. The only slight downside for us was the largest bed was a bit uncomfortable and we probably would have appreciated two extra towels. Minor issues - I would stay here again!",1
40531,1178714421579593210,2025-04-05,"Check-in was smooth and the location was convenient, with easy access to the tram. However, the overall stay was disappointing. We also noticed spider webs in several corners, and basic amenities like shampoo were not provided. For the price paid, we expected at least the essentials to be in place.",1
40532,1178714421579593210,2025-04-17,Spacious and bright apartment in a green residential area not too far from the main station. We thoroughly enjoyed our stay.,0
40548,1178823140205505776,2024-07-11,Stayed for a short period and I loved how close it was to everything. I walked everywhere and the neighborhood was fabulous. Giancarlo answered all my questions and was very helpful.,0
40549,1178823140205505776,2024-08-25,The space was perfect and exactly what I needed. I think it was a great price for the location. Walking distance from just about everything but several stops/stations nearby if you need to take the public transportation.,0
40567,1178852331605912487,2024-09-26,"Giancarlo was fantastic and efficient to communicate with. His apartment was exactly as described; immaculate and comfortable. The location was awesome for our trip; a very short walk from the train station, the Trams, and Buses. Coffee and yummy restaurants were right around the corner. I would absolutely love to stay there again and would recommend others to as well.",0
40576,1178852331605912487,2026-05-25,"Giancarlo is among the most extraordinary AirBnB owners and managers I have ever met! He is a great communicator and constantly kept in touch with me to make sure that I was having a comfortable stay in Zurich. I felt immediately like at home at this beautiful, spotlessly clean and quiet apartment. I have no words kind enough to describe how happy I was to be Giancarlo’s guest! Thank you so much for your outstanding hospitality, dear Giancarlo !! Best wishes always to you !! Kiril",0
40580,1141046081315532660,2025-10-29,"Great deal for the neighborhood and the space! I was a bit hesitant about only one review, but the apartment overdelivers for what is promised. The in-unit washer and dryer were super helpful for a two-week work stay. The instructions were very clear, and the apartment is well-supplied with all the essentials. Easily walkable to many restaurants, bars, and transportation but very quiet at night.",0
40582,1141055310752063681,2024-09-01,"Great spot from a local apartment management team. It’s a quaint space with everything you need. It was difficult to get air flowing through the apartment, but the free laundry and stocked kitchen made up for it!",1
40584,1141055310752063681,2026-05-21,"My stay was good overall. Tania communicated well and was always kind. The only issue was that I asked a lot of questions and there was a bit of confusion because I first booked the apartment and then extended my stay, so not everything was completely clear between us. But honestly, it wasn’t Tania’s fault. The apartment itself is very nice, clean, and well located in a quiet area close to the city center. I also liked the service they provide. Overall, I would recommend it and I appreciate everything Tania did for me during my stay.",1
40597,1179690220066052639,2025-03-02,"Excellent, clean and spacious accommodation. Relatively price friendly parking, public transport stop right in front of the house. Very good communal accommodation. Thank you, I will be happy to come again in the future.",0
40598,1179690220066052639,2025-03-24,"We had a great stay! The check-in process was easy and the place was very clean. The location was near the mall and supermarket, so it was very convenient! The only bad thing was that the second bathroom's lights were not working, but we managed and I believe it is now fixed. Overall, I would recommend this place!",1
40612,1144955364362114974,2025-05-26,Dimi's olace was really clean and location is perfect. Calm neighborhood and wakable to most of Zurich's spots. Bed Pillows are very thin so were not so comfortable however bed itself is very comfy. Would have been useful to have soap or shampoo in the toilet. Overall it was a lovely and comfortable stay.,1
40614,1144955364362114974,2025-06-30,"The place is great. Close to Tram stop. It’s a studio apartment, so the space is small. One issue was that there is no Air conditioning and in summer, it can be a little distressing. However a fan was available and this softened the blow of the heat. Dimi communicates, at her own pace. Overall a good place that’s cheap and close to trams.",1
40632,1180120277035740326,2024-07-11,"Melanie was incredible! 10/10 host. She was incredibly flexible and understanding when our travel plans changed, gave us breakfast & coffee in the morning and helped us plan out our day, and even helped with my laundry when one of my clothing items had a stain 😂 would definitely return for a stay with Melanie!",0
40645,1144964235398138975,2024-12-08,"Dimi's place was great as our final stop before headed to Zurich airport. While it was very bare bones in terms of decoration, it was relatively clean and there was a lot of space & storage. Loved that the host was very communicative and gave clear instructions. The only thing I will note is that it was loud at night and seemed to be near a fire station as there were sirens all night long each night of our stay.",1
40651,1145433135014419943,2024-05-29,"Super host, attentive and polite, amazing location and super clean apartment. I loved staying with the host.",0
40654,1145433135014419943,2024-08-30,"The apartment is nice and well situated, but there were a problem with Joanna's organization and it resulted in a bad experience unfortunately. Her roommate (who were nice to me though) was in charge of the check-in and the apartment and room were messy and not very clean.",1
40655,1145833105776927070,2024-07-10,Alex was an excellent host! He gave us clear directions for a flexible check in and even met us at the team station to personally walk us to the property. He provided us great recommendations and made our stay special. I would love to stay here again. Highly recommend!,0
40656,1145833105776927070,2024-09-15,"Alexander is a top communicator, professional & friendly! The place is clean and tastefully decorated. The area is residential, quiet and conveniently situated close to amenities and public transport! The only thing for travellers to bear in mind is that the flat is on the top floor of a 3/4 storey building without a lift, so not well suited to people with mobility issues. I had a fab time & hope to be back in future! Thanks again Alex!",1
40675,1147229433785589900,2024-12-26,Michael's Airbnb is a great place to stay in Zurich. The tram station is very easily accessible just 1 min walk from the Airbnb. Parking is a big advantage. The place was clean and had all amenities needed for a comfortable stay. Michael is a great host and was very responsive. We had confusion regarding parking and could sort out with him as he was very responsive. Definitely recommended.,1
40689,1147229433785589900,2025-09-10,"Room was ok and location is convenient. However, found that the TV was not working after trying out several times",1
40696,1181152475439117989,2024-08-03,"Great location near public transit and the lake! The apartment was exactly as shown and described, perfect for our family of 4",0
40701,1181152475439117989,2025-09-01,"The apartment is very nice, in a quiet neighborhood, close to the Sbahn station (10 min for the HB). Rooms are wide, clean, well furnished. Kitchen is well equipped. It was easy to interact with the manager, who was always polite and proactive. One mishap: they left the wrong key in the mailbox, so we had to wait for the right key for a while. One small problem: the dishwasher broke down, but the manager immediately sent the technician to identify the problem. Suggestion: provide written instructions for garbage disposal. Each country has its own rules, so it should not be assumed that guests are familiar with Zurich garbage rules. I think it is a very good choice for a short stay (we spent 8 days) in Zurich.",1
40710,1182266703249064344,2024-08-01,"Very cozy apartment in a good location in Zurich. I especially appreciated the comfy bed and the amount of natural light in the room. Communication with Giancarlo was easy and efficient, instructions clear and precise. I reccommend! Thank you.",0
40712,1182266703249064344,2024-08-13,"Great location, so close to anything you'd want as a tourist, and easy to access even by car (2 minute walk from where cars are allowed, but extremely close for the neighbourhood). The flat is perfect for two people exploring Zurich, and I appreciated how quickly the hosts would respond when we had questions. FYI to North Americans visiting, there is no a/c (which is VERY normal for Europe), but there was a fan, which made the 35+ degrees (celsius) weather (not so normal for Europe, although more and more so every year) bearable, and the window made for a decent cross-breeze. Highly recommend this place for anyone visiting, and we'd happily stay here again!",0
40730,1152755643157705495,2025-01-02,"We would love to thank Carlo for the hospitality on his place. It was an amazing experience, not only the flat was great but the location and all the support we received from Carlo and even his friend Petros was priceless. We will definitely come back again. Carlo was such a great host and responded to all the questions we had. Also, he allowed us to use the laundry providing credit on a card. Thank you so much for everything! This place is fully recommended",0
40731,1152755643157705495,2025-08-10,"I had a fantastic workation here! Carlo communicated so well, helped me with little bits as the week went by and generally was an amazing host. I loved the flat, I felt right at home and super safe on my own there. The area is also fantastic as it's so close to the tram for moving about but there are also great restaurants nearby - as well as the best gelato place. Can't wait to stay again!",0
40734,1155926321095915409,2024-06-03,"Very nice stay! I assume that we were first guests of the apartment because a lot of things (hair dryer, iron) were still inside the store boxes. Clean apartment, nice kitchen, responsive host. Good and convenient location: 10 minutes to city center, 30 to the airport, 3 minutes to the big supermarket. Under the building nice pizzeria. Highly recommended",0
40737,1182654388623130978,2024-08-14,"Very nice apartment! It was better than advertised, with some major upgrades including a large TV, and a new sofa, coffee maker, and balcony table. There’s not much going on nearby but public transportation is close and it’s 15 minutes to the Bahnhof and everything. Great hosts too.",1
40741,1182682880677101430,2024-09-28,Everything was excellent! The apartment took good care of me and my travel companions. All my communication with Lina was nice and easy.,0
40743,1182682880677101430,2024-10-29,"The place was very clean and generally comfortable.The kitchen was well-equipped with everything we needed, including a coffee maker and toaster. The beds were comfortable, but the pillows could use improvement. The property was warm and had nice towels. Access was easy, and it was quiet overall. The instructions provided were clear and Lina was a great host.",1
40758,1183178574314342240,2025-05-24,The van is very nice and cozy. It is of course a small space but ideal if you're looking to spend one night transiting through the city. The only downside (probably because we have stayed on a friday) was the noise coming from the square nearby; there was a group of young people partying.,1
40762,1155926321095915409,2024-07-11,Great accommodation and conveniently located within a short walking distance to the nearest tram. The space was neat and tidy with all amenities included as advertised in the listing. The self check-in process was seamless and the host always responsive. Thank you Delta.,0
40788,1183281509877530111,2025-02-04,"Great location - close to public transit, a delicious bakery and convenience stores. Apartment was very clean and as pictured, very spacious (even with 6 adults), but the walls are thin. Communication was fast and easy. Would definitely stay again!",1
40803,1183281509877530111,2025-06-24,"We enjoyed our stay in this 3 bedroom apartment. We visited Zurich on the hottest day of the summer (92 F), so the first night was a bit warm without air conditioning. But the apartment was everything we could hope for and large enough for 6 people (4 adults and 2 teenagers). Nico was very responsive to our questions and helpful.",1
40859,1158703683194834888,2025-07-05,"My flight got cancelled the day before, I informed them that I won’t be there but they never responded. Unreliable and unhelpful host.",1
40878,1158703683194834888,2026-05-13,"the place is a perfect location but the rooms are under my expectation for 100 CHF, the bathroom and room was not clean",1
40881,1159108461044860277,2024-08-19,Stefani was very welcoming and the apartment was great! I recommend:),0
40894,1160843022345347902,2024-07-11,Our host was very responsive. We were in Zurich for the Eras tour. He sent us articles regarding the concert/rules/traffic. He also took the time to share local recommendations for food and activities as my family was visiting from the USA. He made sure we had clear instructions to get into the building and upstairs to the apartment. We had so much to do in Zurich that we didn’t even mind there not being a television. Would definitely recommend a stay here!,0
40895,1160843022345347902,2024-12-12,"We really enjoyed our stay in Zurich, Tobias gave us clear instructions on how to find the apartment and was very accommodating. The apartment is in the middle of the city and is in a great location to reach most things on foot, everything is available, the apartment has a very minimalistic but nice interior.",0
40914,1184871634900095700,2025-08-18,"Jens place is so wonderful, this is my second time staying there. It's perfect for people looking to explore Switzerland on a budget. It's very close to public transportation, which I found to be the best thing thing about the apartment. When he was there, he was very polite and helpful, made me feel at home. 10/10 I would definitely stay again.",0
40927,1160972060237844024,2025-10-09,The apartment was very close to the train station which was very helpful and easy!,0
40933,1160972060237844024,2025-12-31,"As the listing states, this location is right by the train station. During the day, there is a lot of traffic in the area and trains that you can see from the windows. At night, there is significantly less noise. There are a few lounges at the street level open until 2 or 5 am (depending on the day), however, we did not hear them on the Monday or Tuesday night we were there. The unit is quite spacious and looks the same as the pictures. Floor heating can be turned on and works quite well. There is a grocery store with a few minutes, walking. The listing does state there is no elevator. The unit is on the 2nd floor, so you do need to go up from ground level to 1, then to 2 on a wide, winding staircase.",1
40939,1160985872573170849,2024-07-23,"Stefani's place is very clean and comfortable to stay. He is very easy to communicate with and always response quickly. Location is very convenient and close to the transportation stops. The only thing is the area is noisy since the train rail is near by, you also can hear the traffic all the time from the main road. There is a restaurant on the main floor, you may hear people talking in the middle of the night. We have to open the windows for cool air circulation but the noise is much louder while you sleep, Stefani is very thoughtful to have a fan on each bedroom. That's really helpful. If there is AC for this unit, it's possible to close the windows, the noise may not be a issue at all. Other than the noise issue, this is a good place to stay.",1
40944,1160985872573170849,2025-06-29,"The apartment is conveniently located near the train station and restaurants. It is well maintained and has basic amenities. However, because of the restaurant’s nearby it can get noisy in the night at times. Also, given the heat in the summer months, I would recommend bigger fans in every room. While they had 2 portable fans they were small and did not cover enough surface area.",1
40949,1186128206877571208,2025-07-12,"Everything is very good, especially for the price in Zurich. The flat is clean, easy to access and near a train station. The only little thing is that sadly during our stay there wasn’t not hot water, I don’t know if it was just during our stay or it’s always like that. Everything else is great !",1
40955,1187414021414560727,2024-10-09,"Pascale was so friendly and responsive to any requests from my side so I felt really comfortable and safe. The place has good connection to city centre. In the kitchen you gonna find everything you need. Huge bedroom, plenty of space. Washing machine was a life saver. Happy to choose Pascale as my host and next time will do it again. Thank you",0
40956,1187414021414560727,2025-05-11,"Pascale's place is only 5 mins walk from the nearest train station and many tram stops nearby which was very convenient. She also provided many good food recommendations and was very responsive. Home was very cutely decorated and cozy. She was also very kind to allow us to store our luggage after check out time due to our late flight, which we appreciate it a lot.",0
40975,1187535940386521005,2025-06-23,Listing is exactly as posted. Very nice accommodation & there were shutters that kept the bedrooms cool during the hot summer compared to other places I’ve stayed. Location is very close to bus and train stations. Airport only 10m walk & 5m train away OR 5m walk and 15m bus ride. Grocery store was close. Place was clean and kitchen was nice. TVs and fans in both bedrooms was great! Host is very helpful and responsive & I would stay here again if I was in the area 🙂 The only thing to note for me was that there is no “living room” area - however this made no impact on our stay.,1
41013,1161320552083116594,2024-12-17,"The host was incredible and communicated very well. The place was clean, easy to find, and very centrally located in a fantastic location. However, please note that there is no shared living space, which makes it nearly impossible to hang out with your party. It is just two bedrooms, a kitchen, and two bathrooms. Additionally, the showers and tubs are difficult to get in and out of, even for young and healthy individuals. I am 5’10” and the side came up to my mid-thigh. There is a built-in seat that makes it very difficult, as you have to stand in one spot directly under the water. Otherwise, it’s a great place to lay your head and the host is fantastic.",1
41020,1161320552083116594,2025-02-26,"Checkin was marvelously clear and easy thanks to Dragesa. However the flat was much smaller than the pictures showed, therefore than expected. It was a little claustrophobic. One of the 2 bathrooms didn’t have a sink to wash your hands. Everything needs maintenance and a good refurbishment. The owner should charge half the amount of money it asks. All in all, the experience was great thanks to Dragesa!",1
41052,1187535940386521005,2026-05-22,"near to the station... a very big house. very comfortable stay for 4 people. Gabi got everything at home. she had a proper rice cooker. being indians we loved it. the place comes with detailed instructions and lot of love. feel like home. the 48 steps up might look like downside. but it's the best house we stayed throughout the Europe trip. it has everything u can think about. we were slightly unprepared for my titlis trip, Gabi arranged gloves and mufflers too for a small price. however we werent aware of that arrangement and we got a full set at decathlon. Gabi is a sweet person. if she arranges a lift or a caretaker for the luggages, this is a first class house. best stay at Zurich . I would definitely visit again.",1
41063,1187836238658953479,2025-08-01,We spent two months in the apartment and we loved it. It’s not a typical Airbnb place because it’s a real personal space and it feels like that with all its ups and downs (mostly ups). The location is amazing for longer stays and even for shorter ones- it’s the best part of Zurich by a long shot and the trams to the center take 5-7 minutes and pass every 2-3 minutes. We would definitely recommend it for any single person or a couple who wants to experience true Zurich and it’s charm and calm,0
41073,1188364329894041518,2024-07-12,"Positives: Very nice place with quite a bit of room. Easy to get to with the metro stop only minutes away. Mini market conveniently located also minutes away. Drawbacks: Price (however, Switzerland in general is expensive), Location, yes we chose it however, probably would opt for something even closer to Zurich central The floors in the apartment are very noisy and we received complaints from the neighbors. Overall, a great spot and host if willing to be a little outside of the center.",1
41076,1188364329894041518,2026-01-24,"Flat was clean, spacious and exactly as described. Couple stops away from Zurich city centre but was convenient to get from A to B with both a train and tram accessible. Just fyi you're based on the third floor with no lift.",1
41079,1189628875080445077,2024-10-13,"I recently stayed at Kathrin‘s amazing apartment, which is stylish, well-equipped and impeccably clean. The location is perfect and the host went above and beyond to make my stay enjoyable, providing valuable tips and always being available to help. I highly recommend this AirBnB for anyone looking for a superb experience. I can’t wait to visit again!",0
41080,1189628875080445077,2024-10-27,"Kathrin’s place is at the heart of Zurich, really easy to reach and allows you to access the city smoothly. The flat is very cozy with all necessary amenities. Kathrin was super helpful with all inquiries and gave really good recommendations!",0
41103,1190938914194932346,2024-12-02,"Olaf is a great host, kind, responsive and the home is close to public transport into Zürich city centre.",0
41115,1190938914194932346,2025-09-01,"I liked the room. Spacious and cosy. Comfortable large bed. I was not aware, that 3-4 rooms are rented out in the apartment. I thought I would only be sharing the apartment with Olaf. It matters as there are more people coming and going. My room was next to the kitchen and bathroom and I hear everything in the hallway. There was activity until 12.30-1 am starting again 5.30-6 am. As I was there for a conference- with many hours of lectures - I needed a good sleep. This was unfortunately not possible. Had I know I would be sharing with several people I would not have booked the place. Otherwise the place was fine - good location. Easy to walk everywhere.",1
41120,1162342115535138785,2024-12-31,Walkable to shops and restaurant，worth the price of it!,0
41129,1163673559973909414,2024-09-20,We found the apartment to be well located though finding it the first time was a little challenging. Guests should not give up. It is located near a large mall and two grocery stores for easy access.The bus and train stops were very close. It is very spacious.,1
41141,1163673559973909414,2025-07-28,"This layout for sleeping was perfect for us and we thought the location was fantastic. It was even more walkable than I expected, and lots of green space around. Peaceful even though it’s a big apartment building. We had everything we needed but nothing more—furnishings are not luxury but the beds and bedding are comfortable. I would have appreciated if more linens, a few coffee pods, and some other basics for the kitchen were provided and if the grass on the little yard had been trimmed. High char was a plus but a baby bed would have been even better! But all in all a good price point for Zurich and lots of space to hang out.",1
41152,1191118836122682079,2026-05-08,"Valentina has a lovely apartment in a calm but vibrant area. A lot of beautiful streets, restaurants, cafes, all you need really right outside :) The apartment looks exactly like the photos, very cosy and homey and equipped with everything one would need! Super easy communication all around and lovely stay! Highly recommend! :)",0
41156,1191178139935523220,2025-06-11,"I had a truly wonderful stay at Luca’s place! The apartment is beautifully maintained, clean, and full of thoughtful touches that made me feel immediately at home. Everything was exactly as described —if not better— and the peaceful atmosphere made my time in Zurich extra special. Communication with Luca was smooth, kind, and always helpful. He provided clear check-in and check-out instructions, and his mother, who welcomed me, was absolutely lovely and made me feel incredibly comfortable. I wholeheartedly recommend staying here— this place is a gem. Thank you again, Luca, for your hospitality. I would definitely love to come back!",0
41157,1191178139935523220,2025-07-21,"We had an extremely good experience staying at Luca’s Airbnb in Zurich. The place was very clean, well-maintained, and nicely decorated, making it feel cozy and comfortable from the moment we arrived. It’s in a great location, with easy access to public transport, shops, and restaurants, yet still peaceful and quiet. Luca was an excellent host—responsive, helpful, and thoughtful throughout our stay. Everything was exactly as described, and felt very welcomed. I would highly recommend staying here if you’re visiting Zurich .",0
41161,1191202539586206900,2024-09-27,Great apartment and super friendly and helpful host! Totally recommend the place!,0
41176,1165412006366231768,2024-09-17,"The apartment had insufficient bathrooms (only one toilet upstairs for four bedrooms), insufficient furniture in living room for sitting, very hard beds and even harder pillows, and a floor in living room that was coming loose. There were no brochures or maps for tourists and no Zürich pass for guests. . It was very plain and uninviting. It was however convenient to trains and trams and was clean, and the hosts were very responsive.",1
41217,1165412006366231768,2026-06-06,"The house was nice, and the rooms were clean, comfortable, and well-maintained, making for a pleasant stay and good night's sleep. However, light sleepers should be aware that there is some train noise nearby. The host was responsive and communicated promptly throughout our stay. When we encountered an issue with the dryer, the host quickly arranged for someone to come and inspect it. One inconvenience was that the lift to the house was not working. As we were a group of seven traveling with luggage, carrying everything up the stairs was quite challenging. Guests should also note that soap, shampoo, and laundry detergent are not provided.",1
41224,1166465730705114826,2024-11-04,"Ornella is a wonderful and generous host. The apartment was very enjoyable and quickly felt like home. I really enjoyed the opulent sofa and the ‘50s/‘60s furnishings. The view is gorgeous and the location combines the best of both worlds…a minute to the tram, a quick walk into the city even without public trans. and great walks through mountainous woods, jogs along the river, all at the doorstep. I will definitely return.",0
41243,1192581034464551462,2025-05-18,"John’s flat is even better than the pictures and previous reviews describe. Really great easy location, relaxing apartment, fantastic host. Would happily stay here again if I’m back in Zurich. Appreciate John’s responsive communication, care and attention.",0
41249,1192793812266356598,2024-08-06,"The place was less than 100 meters to the tram. Tram took 10 min to reach Zurich HB. Location is super amazing! from airport, direct tram to home. Place was clean and nice with beautiful plants. Highly recommended! The only thing is that the wooden floor made noise while walking. Stay was perfect! Thank you Theresa.",1
41261,1166629117632205691,2024-07-13,"Rafael's place was beautiful, compact and close to grocery store, Coop. Also walkable to bus stop which directly to train station. However the common area was a bit small but the kitchen are fully equipped. Other than that, everything are excellent.",1
41262,1166629117632205691,2024-07-19,The house is so quiet and clean. The host is so kind and cooperative.,0
41264,1198994842217146464,2026-01-03,"We were a bit worried at first because the flat had only several reviews and the price was lower than flats nearby. But I should say it is the perfect place to stay. The host is not a private person, but a city agency of accommodation. Communication with the host is super quick and easy. The flat, cutlery, and amenities are extremely clean (we were with a child), and there is cleaning available once a week. Downstairs there are 2 washing machines and 2 dryers - they are quite nice not dirty. Also there is a gym downstairs. We super recommend this host and this block of flats for short and long staying in Zurich.",0
41267,1192857815059091323,2026-05-19,"María was a great host and very responsive, apartment looks like the photos. I was unable to connect to the wifi while I was there but Maria was responsive and tried to help nonetheless. The apartment is nice but the walls are a bit thin and I could hear noise from the street and entryway. Not a big deal but if you are a light sleeper bring earplugs!",1
41286,1194945320752673250,2024-07-11,"Agnes’ apartment was perfect for our stay. The apartment was very clean, tidy and exactly what our family needed. She made sure we were very comfortable during our stay and well informed about the neighbourhood. Agnes was helpful in any way needed and very easy to communicate with.",0
41287,1194945320752673250,2024-09-22,Beautiful home with good location :) Very near to the station and easy way to get to and from the airport The house is equipped with everything needed for cooking and enjoying (netflix🎈) Hoping to come back again!,0
41296,1200067717365411660,2025-06-30,"The apartment is even better than the pictures- it is charming and stylishly decorated in minimal style. It is spacious, very clean and the kitchen is well equipped. Delia was very responsive and helpful, and her colleague met us for check in and even carried our bags up. As described, the location is in a very colourful neighbourhood so there is plenty of noise from the street activity and bars and clubs, but there are earplugs provided. It is a very convenient location for seeing Zurich with a close walk and easy public transport options. Definitely recommend this place!",1
41299,1200067717365411660,2025-08-19,"Delia and Harold communicate really well and we found the place easily and parked in a private spot next to the apartment. Harold helped us in and even carried some of our bags. So helpful ands super kind. The place is perfect and just like the photos. It’s a buzzy, lively area which may not be to everyone’s choosing but we enjoyed it. The hidden gem is the river (15 mins walk) where you can swim and sunbathe. Really amazing! Highly recommend.",0
41309,1200110905980538333,2024-09-06,"Delia and her husband were super helpful and responsive. They gave recommendations, responded right away and let us store our bags and receive a last minute parking spot if we wanted it. I’d say the place isn’t exactly how it appears in photos, just an old property. It was very noisy even on week days outside and upstairs so I wouldn’t necessarily come here to relax but if you want to stay out, it’s lively and fun. The only other thing is the area is a bit dicey, I wouldn’t stay here alone as a woman but felt comfortable with my boyfriend.",1
41313,1200110905980538333,2025-05-18,"This was the perfect spot to explore Zurich and the areas nearby. The central location was great for catching local transit, and close to the trains station for getting in and out of town. The space was very comfortable and had everything we needed. Delia was super helpful before, during and after our trip. Highly recommend!",0
41334,1220271491161170925,2024-09-26,"A nice, very well-kept and clean apartment. The location is near to the train station, and also not too far from the downtown area. The space is definitely on the small side. There was a nespresso coffee machine there, but unfortunately no pods to use.",1
41337,1202181762344247118,2024-11-04,"Great location! The apartment is really small and the bathroom is not great. If you plan to stay for just a weekend, the location is absolutely perfect and I would highly recommend it! However, I wouldn't recommend a longer stay due to the bathroom and size.",1
41353,1220271491161170925,2025-01-05,"We had a nice stay at Mateusz’s place. It was clean and had a relatively good kitchen set-up. Although, we felt the neighborhood was in a more noisy, night life adjacent part of town than we were hoping for. It was fortunately very easy to take the bus or tram into the other parts of Zurich; however, I would not stay again in this neighborhood.",1
41379,1202183091802926790,2025-05-23,"We had a great stay at Oscar’s apartment. Everything was very clean, and Oscar was friendly and welcoming. We felt right at home. The room was quiet, so we slept well, and the location is convenient — there’s a fast connection to the city center by bus and tram. We’d definitely stay again!",0
41385,1202183091802926790,2025-07-19,"For my first solo trip and my very first Airbnb, I am absolutely thrilled! Oscar was incredibly helpful, and the apartment itself was wonderfully comfortable. Being in such a good neighborhood, so close to all the city's major tourist hubs, made exploring a breeze. This was an excellent experience from start to finish, and I 100% recommend it!",0
41396,1220988513035901091,2024-09-24,"Julius apartment is very big and nice. the area is super calm, close to tram and bus stop and close to nature",0
41397,1221610123300559758,2024-12-10,Lovely apartment (accurate listing) spotlessly clean. Very clear communication and precise check in/out instructions. Great location - few minutes walk from tram stop or a pleasant (25-30 minutes) walk into central Zurich either along the waterside promenade or the street. Highly recommend.,0
41412,1223151303674888078,2024-12-14,this was an amazing apartment. very well kept and modern. my fiancee and I loved that it was super close to the Zurich Main Station since we used the SBB trains during our entire week stay. the only downfall of this space is the walls are thin. we stayed during the weekend and the bar next door was extremely loud until nearly 1am each night.,1
41414,1223151303674888078,2024-12-25,"We spent 4 days and we had a great stay at this apartment! It’s clean, well-maintained, and located within walking distance to Zurich's Central Train Station. The apartment itself is very nice, although it would have been even better with a microwave. The area can be quite noisy from Friday to Sunday, as there’s a bar downstairs, and the sound is very loud – almost like it's inside the apartment, even considering the typical Swiss quietness. It’s also worth noting that there are some instances of illegal product sales right across from the building during certain hours, so a bit of caution is advised. However, Lara was amazing and made our check-in process very easy. Despite the surrounding environment, with a little care, I would definitely recommend this place.",1
41454,1223915955089385790,2024-09-24,"The appartment is very modern and cozy. You can reach the city center by foot or tram within 10 minutes. Unfortunately, there were several long dark hair in the provided towels as well as beds and bathroom.",1
41461,1223915955089385790,2025-05-04,"A modern and great apartment in an excellent location. Great connections with public transportation. Wonderful view. Easy communication with clear instructions. Few minor improvements could be made, such as sharper kitchen knives and better vacuumed carpets and leaves should be cleaned from the balcony. However, we would gladly return and warmly recommend the apartment!",1
41477,1202637171810437696,2025-06-19,"We had a great stay at Frank’s place in Zurich. His co host,Liv was very helpful and responsive to our questions . Checking in time was flexible and easy . The apartment was very clean and comfortable and spacious for 4 people. I definitely would stay here again if I am in Zurich.",0
41479,1202637171810437696,2025-07-24,Had a great stay! The host was very responsive and friendly. The place was exactly as advertised. tidy and well equipped. It’s conveniently located near bus stops for easy travel. Will definitely book again! 5 stars for me!,0
41497,1224000911641908648,2025-01-02,The place was clean and had a door code that made for easy check-in and check-out. The only issue we had was that on the listing it lists having a washer and dryer. While technically true the washer and dryer is not in-unit and is shared by the whole building. Because we had only a short stay we were not able to get the laundry card from host to be able to do our laundry.,1
41501,1224000911641908648,2025-12-06,The place was superb! Location was great with easy access to trams and trains. Only near from the airport and central area of Zurich. There were also variety of restaurants around the area. Will definitely stay here again when I visit Zurich in the future!,0
41510,1224017144242285767,2025-10-25,"The flat is nice and comfortable overall. However, I wanted to mention an issue with the bathroom setup. The shower area is open and only separated by curtains, so when someone takes a bath, water spreads across the floor and doesn’t drain properly. There’s also no outlet for the excess water, and the area stays damp.",1
41511,1224017144242285767,2025-11-17,"The room was nice and comfortable, and the kitchen was fully equipped. It’s in a great location, not far from the train station and close to a Coop supermarket. However, during my stay, the bathroom door had an issue and couldn’t be closed, and the lighting in the living room was too dim, which made cooking quite difficult",1
41514,1224025629419925272,2024-12-16,"Great stay! The accommodation was clean, comfortable, and well-located. The host was responsive and helpful. Highly recommend!",0
41522,1202756036366229659,2025-07-24,"Overall good stay, with the caveat that no shampoo or soap was provided and we had to buy our own. Also, we weren’t able to get additional towels (we were given 4, but we used two for the body, 1 for the hands, 1 to clean up a water spill), but the bnb had good location and pricing. I’d recommend staying and bringing your own body cleaning products.",1
41541,1202756036366229659,2026-05-28,"Great neighborhood, spotless place with a cool balcony and backyard!! A real Zürich experience. Felt like a quick 15 min walk everywhere. We were required to be quiet between 10pm and 7am, but the neighbors upstairs and downstairs didn’t follow the same rules which wouldn’t have bothered me if the rules weren’t so explicitly stated in the listing. Stayed during a heat wave had a specific request that led to some back forth. That being said all of the hosts were very gracious and accommodating. Overall a wonderful little place, well equipped with amenities and a cool spot to call home for any duration!",1
41548,1224025629419925272,2025-11-09,"The apartment was exactly as described. The only thing I would note is that it’s listed for four people, but I’m not sure how four could fit comfortably at once. It’s quite spacious for three guests, though. It’s close to the train station and just one stop (Oerlikon) away from both the airport and Zurich HB. Because of the weather, we didn’t get a chance to enjoy the balcony, but it would be great in nice weather. The host, Stefani, answered all our questions and was very kind. Thanks for their hospitality.",1
41551,1224047249595881769,2024-09-20,"Stefani and team is remarkably responsive. I was stunned with the prompt reply and measures. After my checkin, I have realised that workplace I.e. work table and chair was missing and I requested Stefani that it world be very helpful for me if I get a table and a chair to work as it was my official visit. After 1 hour she rang the bell with new table and chair. It was overwhelming . I wish every Airbnb admins are like this :) Bravo for Stefani and team for this. My stay was very pleasing and hassle free, great location, easily reachable, neat and clean and soothing.",1
41554,1224047249595881769,2025-07-05,"Stefani’s property was in an incredible location, as it was less than a 10-minute train ride from the airport, and it had several tram and S-Bahn options to commute into the heart of Zürich. Additionally, the flat was extremely clean and all of the amenities worked really well. My friend and I also really enjoyed using the balcony to have our supper and to enjoy the summer breeze. Stefani was also very responsive to all of our queries throughout our stay. We really recommend this property if you plan on visiting Zürich!",0
41559,1224076066672010559,2025-02-15,"Excellent stay. Studio apartment was clean, tidy and as shown in photos. Easy check in and excellent communication with the host. The studio is within easy walking distance (2 blocks) to the Oerlikon train station. From there it is only a short journey to the airport or the Zurich main train station. The studio is very quiet and no street or train noise with windows closed. I would absolutely recommend this apartment and would return again.",0
41561,1224076066672010559,2025-05-29,"The location is a little outside of the main area of Zürich however, it’s very conveniently located near bus and train stations. There is also convenient access to the grocery store. I really appreciated that they had a coffee machine with a milk frothing element. It was a little extra that helped a little with our coffee budget. The apartment was small, but it was very clean. The communication with hosts was excellent. We were a bit of a last-minute booking and they were quick to get back to us and confirm the booking as well as answer questions. Also, transportation to the airport was very easy from this location.",0
41570,1202909680155740603,2024-12-18,"Nice, spacious apartment with all the necessities. It is conveniently located close to the centre, but the place is a bit noisy - it is right next to a busy road and the windows do not appear soundproof at all. Also, the small side windows have no blinds, which is not perfect for privacy.",1
41572,1202915855923020760,2024-09-02,"Nice, comfy and close to the lake - almost perfect! Would rent again if available next time :)",0
41574,1202915855923020760,2024-11-06,"The place is very clean, and located close to the lake and the train to the airport. The host is very friendly and helpful and super responsive. Would definitely recommend!",0
41583,1203042518304587916,2025-07-11,Really fast answering always when we had questions about something. Also very easy to reach from the airport by tram. Clean rooms and was just what we were expecting!,0
41586,1203042518304587916,2025-09-27,"Great place to stay with family and it's only a 5 min train ride to the main station ""HB"". Stefani was super responsive and provided great instructions. The place was neat and quite spacious. Highly recommend!",0
41595,1204142780945078598,2024-08-17,"The apartment is in a fantastic location, close to everything you need. The accommodations are generally comfortable, though it can get quite warm at night during the summer. Unfortunately, there's no AC, and the current fan provided isn't quite sufficient to cool the space. For the price, I would have expected a better fan, and I hope the host considers upgrading it soon. That being said, the apartment itself is nice and would be perfect with improved ventilation.",1
41600,1224607278471326501,2025-02-05,"I found Enada apartment since I changed my booked accommodation. Enada took good help to support me and gave me good description of what she offers although I was very a lots of questions before confirm since my experienced before. It is very good strategic location apartment since near the Zurich HB station and huge area for me and my wife, although short noticed however she could prepare the accommodation for us. Bit crumbs on the floor that I have to swapped but it was not big deal. Also her stuffs still remained since she live there also if not offered. She is very helpful if I have some questions surrounding and also with others. Many thanks.",1
41604,1228329145700222826,2025-05-02,"I had a nice stay at Vilma’s place! The home had all the necessities and was exactly as described. Vilma was a very friendly host, making check-in and the stay easy. The neighborhood was quiet and safe, with a nearby bus stop. I would definitely stay again, highly recommended!",0
41606,1229027834473467094,2025-03-23,"Our trip was great! the place is very well communicated and very close to restaurants, cafes etc",0
41617,1229057349307006351,2025-08-19,A really nice air bnb and very clean. Would definitely come back and it was a great bonus there is parking right behind the building which was great because we had a car and it’s very hard to find parking on streets.,0
41621,1229057349307006351,2026-05-25,"We really enjoyed our stay, the apartment was exactly as we expected and even better. Everything was comfortable, clean, and beautifully prepared. Thank you, Stefani and team, for your kindness and for always responding so quickly to any questions or requests. We truly appreciated it 🤍",0
41627,1229118445100472069,2025-05-21,Thank you for a clean and tidy convenient location for us to stay in on our international travels it was noisy due to construction and a small Appartments but the place its self was need tidy and accommodating.,1
41634,1229118445100472069,2026-05-27,"Stefani and the team is super responsive. I got quick replies to my questions. In general the place was clean and nice. It was easy to check-in and clean towels were provided. The only issue we had was the area was noisy if you left your window open. There was a cafe or some sort of shisha bar near the place and there were loud people staying pretty late like up until it’s 12 am. Whenever we opened our windows they were all looking inside 🤦‍♂️. The host is amazing btw, this is not related to them. In general it was good value. Thanks!",1
41638,1207104945422435921,2025-01-07,"Great stay! The host is very responsive and helpful. The location is great, a few minutes walk from the tramstation and supermarket. Walking to the city centre is also possible (15-20 min walk). There is a elevator. The studio is clean and complete. It doesn't show on the pictures, but there is a little kitchen with the necessities you need. Bed is comfy, pillow are for me personally too soft, but still good. There is a desk. The bathroom is clean and has a bathtub.",1
41651,1231739264490582849,2025-04-03,"We had a great stay at Délia’s apartment in Zurich! The place feels even bigger in person than it looks in the photos, with two comfortable bedrooms and a separate kitchen. Although the street outside is busy, the bedroom was well soundproofed, so the noise didn’t bother us at all. The only small issue — which didn’t affect our stay — was that one of the curtains in the main bedroom wasn’t working properly, so we got some morning light. Other than that, everything was great. I definitely recommend this apartment!",1
41656,1231739264490582849,2025-06-02,The location is close to many restaurants and supermarkets. The kitchen is very well equipped with a new and efficient oven and a full size fridge. The only drawback was the noise from the neighboring bars on Saturday night. The music was on until 2 am. It gets stuffy during hot summer nights since the windows had to be closed to keep the noise and 2nd hand smoking away. The rest of the nights were quiet and fine. I’d book it again given how reasonable the rent is but just avoid the weekend stay. It might be a good choice for young folks who enjoy night life and don’t mind the noise.,1
41671,1207104945422435921,2026-06-07,"Stylish, yes; sterile in a non surgical way, yes! There is a kitchen and a mocha coffee pot, but no complimentary coffee, not even for one day. There is no extra light bulbs in case one is burnt. Bring your own shampoo, conditioner and body wash. There is only a tiny bar of soap. One table light has no plug to be used The modem is right on top of one of the night table. There are no blackout curtains and the only one that is thick enough does not even cover the glass door. The place is spacious yes, and a great bathtub, but the fact that you have to bring your own bubble bath bottle does not worth the value. If these amenities would have been included in this place, then it would have deserved 5 stars.",1
41686,1207146175320917286,2024-08-03,"The room is very clean and quiet. Easy to reach every place. The host is very responsible, communicative.",0
41694,1232543743363128782,2024-09-02,"Our accommodation fell through last minute and we were able to book Dimi’s Airbnb and check in an hour later due to their great response time. Location is great, only 5 minute walk to Stadelhofen station, and 10 minutes to the lake. It would be a 25-30 min walk down hill to the main station but the tram line is also around the corner. Airbnb is very clean and was perfect for what we were needing during our 5 days in Zürich.",0
41702,1232682407613237834,2024-09-04,"Location was great, apartment magnific and probable something that I missed from the description (or doesn't exist, or it was opened by mistake), the access to the building roof was open and me with my wife enjoyed the morning coffee there with the view towards Zürichberg, which was amazing.",0
41711,1233140796052108572,2025-07-15,"Annabelle was an amazing host, quick to reply, gave recommendations for things to see and do around Zurich and was flexible with check out times. The apartment itself is in a good location for public transport to the city centre and feels nice and homely inside. The balcony is also a bonus, we’d love to visit Zurich again so this apartment will be at the top our of list of places to stay!",0
41715,1233140796052108572,2026-01-27,Lovely place truly home away from home. The location is quiet and with easy public transport (trams and buses) to city center. Highly recommend!,0
41771,1233851288239180561,2025-06-21,"We loved our stay in Kenny's Wilson Apartment - it was perfect for our 1 night stay in Zurich. The apartment is so well set up, and easy walking distance from the main train station and other sights in the city. However, it is the friendliness and kindness of the hosts that made our experience memorable, including providing us with a great meal at their pizza restaurant under the apartment. Could not recommend more highly, and would love to come back one day!",0
41789,1233851288239180561,2025-09-06,"Had a really great stay at Kenny’s place. Apartment was clean, had everything we needed. Comfy bed, nice shower. Plenty of fans. The metal blackout curtains were a very nice, unexpected treat. I think I mostly liked the location. I felt like it was plenty close enough to the train station and public transit, maybe 10-15 minutes from the old town by foot or transit. But the neighborhood itself was very quiet, charming, and a real joy to walk around. Plus, we got a free meal! Which was very good and definitely welcome after a long day of traveling. I would definitely stay here again. In fact, we wanted to stay an extra day once we were there! Highly recommend this stay. :)",0
41824,1207175015954866243,2024-12-23,"We had a good stay for two nights here. The only major issue was that we were unable to use the dryer and due to the weekend, it could not be attended to during our stay.",1
41831,1207175015954866243,2025-07-04,I’ve stayed at Giancarlo’s places previously and they’ve all lived up to expectations. I would not hesitate to recommend any of the locations that he manages.,0
41846,1234204667406584893,2026-01-03,"Giorgio was very friendly and helpful, and then introduced me to his Mum, Franka, who took over looking after us. She has been very helpful to us, and has provided everything we have needed. The flat has a beautiful outdoor space, and it is very easy to get into town, either by walking or by a short bus or tram ride. It is in the hills, so walking back takes getting used to, but that keeps you fit! You can also go up to Sonneberg Park and get an amazing view of the lake and the city. I would highly recommend this place, and also Giorgio and Franka. They are a pleasure to deal with.",0
41848,1236143056236574363,2024-12-10,"The apartment is in a very convenient location, close to tram and train stops, super markets (even for late hours) and restaurants and has great views. It was clean and organised, with all amenities as described. Bed and sofa were a bit uncomfortable for our preference, but the rest of the apartment was fine. The host was friendly and responsive and gave us clear instructions on anything we asked. Overall, a great stay!",1
41855,1236633959577405501,2025-11-20,"Perfect for Hallenstadion, 8 min walking from the flat. The place is clean, tidy and good quality overall. I'd be pleased to come back here when I'm in Zürich again",0
41866,1237050338076183212,2025-06-07,"Clean, modern apartment with easy transit access. However, the listing was unclear: there's no A/C, and the 3 bedrooms are split across two separate apartments with no internal connection — important to know for families. Communication was polite and responsive, though I was disappointed to be mistakenly charged for missing pillows that were left behind. That was resolved, and overall we had a good stay.",1
41871,1237057737534199344,2024-11-27,"We were disappointed at first because this rental was actually 2 apartments, not one. The ad was a bit misleading. We made the best of it, however and enjoyed our holiday in Zurich!",1
41874,1237057737534199344,2026-05-18,"We had two adjacent units and Stefani was very helpful in allowing us to check into one an hour early due to a tour we had scheduled. Unfortunately in the scramble to get our unit ready the adjacent one was not cleaned by normal check in. However, Stefani responded immediately and cleaners were there within 5 minute which was great. Very convenient to both trams and trains but busy traffic neighborhood. Enjoyed our stay!!",1
41885,1208470103869332013,2025-06-30,"The place is nice, comfortable, and convenient for a couple(2)…relatively close to public transport and Rose was a very responsive and friendly host! However, it is right next to a busy elevated highway intersection as thus very noisy if you need to open any window!!!…which we needed since it was a very hot summer week and it has NO air-conditioning, so you needed the air to cool it down. In cooler days it would probably be ok since the windows are modern and offer good insulation so you do not hear much of the noisy road. If the noise foes not bother you…it is great. All in all, a good place to stay though!",1
41886,1243318919780844501,2025-07-02,"I can’t say enough good things about Monika’s place. It’s a lovely location, easy to get anywhere you want to go on foot or by transit. There are grocery stores and good restaurants nearby. Yet it’s a quiet street, very peaceful. The apartment is serene, well equipped and so comfortable. Monika is an excellent host and has thought of everything you might need. She was very welcoming and friendly, checking in with us but not intrusive. I would absolutely stay with Monika again and highly recommend her apartment to anyone visiting Zurich.",0
41893,1243318919780844501,2025-09-07,"Fantastic Apartment to stay at. Our host Monika was very helpful and accommodated us very well. Super clean , with all the amenities we needed. Great location too where you are far enough away from the noise, but also walking distance to everything",0
41898,1243449127847120741,2025-05-30,"Amazing place! Felt at home right from the start and wouldn’t mind staying longer or coming back another time! Beautiful location although it does take a bit to walk to the centre (about 1h) but beautiful walk all the way along the lake. With the tram it’s much faster and takes about 15min. I was a bit disappointed that it was first said that I can get clean towels and sheets as I please but then charged extra, initially 75€ then reduced to 35€ for fresh sheets.",1
41901,1243449127847120741,2025-07-18,"Claudia’s place was perfect as a home base and jumping off point, for 1-2 people, to get all around Switzerland. Claudia was very responsive and helpful. Great location! Very peaceful and private, right across the street from the tram, 8 minute walk to the train station, and 4 minute walk to Aldi. The balcony was lovely for morning and evening reflection, tea, and writing. Looks exactly like photos, small but lots of storage space. Bed and bedding was very comfortable! It was a good spot for our first time being in Zurich! Thank you, Claudia!",0
41918,1208470103869332013,2026-05-22,"We loved our stay at this Airbnb! The apartment is a good size and in a quiet area, and the views are fantastic! It is worth noting that the bus and train stops are both ~10 minute walk, as well as a grocery store. When the description mentions “10 minutes from Zurich HB”, that is 10 minutes in a car, closer to 30-45 for public transit. The only real issue we had is the blinds in the bedroom do not block out the light in the morning! There are large gaps between the blinds and the window/building and it got bright very early. Consider an eye-mask if you are a light sleeper or can’t sleep with daylight!",1
41921,1214599121050307126,2025-01-04,"Stefani's place was great and perfect for our family. It was actually two apartments, but the whole floor. We were all very comfortable. Stefani was fantastic, very communicative, and shared a lot of information about things to do in Zurich. While the apartments are not in the center of Zurich, they are right next to all of the transportation options; all travel was inexpensive and quick to get anywhere, and they were perfect. It was actually fun to travel around the city this way; it helped us to understand the city better. I would recommend Stefani's place to anyone.",0
41931,1246145858487826964,2025-03-30,"A very nice place, great location, clean and a very responsive host. The only improvement might be a bigger blanket/two blankets when two persons stay there.",1
41933,1246145858487826964,2026-05-19,"Great place and the host is very responsive, however the stay is a little far from main attractions and the bed is small for 2 people.",1
41936,1214599121050307126,2025-05-24,A great place to stay when visiting Zurich. You get everywhere easily by public transport or car and the builduing was very calm and lovely to stay at. Very nicely kept apartment.,0
41946,1214602133903630816,2025-06-14,This was so conveniently located just a quick walk from the train station. It was very clean and we were very comfortable with the accommodations. The host was very responsive and kind. We loved Switzerland!,0
41948,1214602133903630816,2026-05-17,"This was a fantastic Airbnb. It was great with kids and easy to access. No elevator but nothing like a good workout carrying a bunch of bags! Just be mindful if you are elderly or have a disability. Kitchen, beds, etc. were all great. The only con I have is that people were making lots of noise until 2 am. I should’ve have complained but I know people are also just trying to enjoy their vacation and this may be a one off instance. You also can’t open the windows because downstairs there’s a hookah bar and lots of people smoking weed. Again, totally fine with me but just don’t want it in the home and around kids. Other than that, host was great and we really enjoyed the convenience of the location. So easy to get to airport and to other places.",1
41954,1214603611545581369,2025-07-09,"This place is very new, very clean, and very convenient as it is close to the train station (5 min walk or less!). My family and I enjoyed our stay here and will recommend it to others!",0
41955,1214603611545581369,2025-08-15,"The apartment was very nice, tidy, and clean. The only challenges we faced were that there was no elevator, and during hot weather there is no air conditioning, while the fans didn’t cool the place enough. But overall, it was a very comfortable and very clean place, and we truly enjoyed our stay.",1
41959,1246302673133424386,2025-10-24,Perfect place and stay! The hosts are super warm!,0
41965,1246302673133424386,2026-06-12,"It was in a very good location, the toilet is very old, he needs a full refurbishment, lift very old towels, I wish they have a bigger and better quality. Overall experience is OK but the toilets need to improve.",1
41966,1246347375862558397,2024-09-29,"Good choice for young travellers! Super location. Close to Zurich HB station, ETH main campus, and many bus stations. Warm and quiet room, sufficient room for 2 people. And the toilet and the shower room is very clean. The host gives us very clear instructions on how to use the room and the house with sticky notes. Quite cute.",0
41967,1246347375862558397,2024-11-19,"Thanks to Maxime, we had a really enjoyable stay at Zürich. Maxime himself was so friendly and responsible and the house itself was clean, warm and located in a good location. In general, I am sure that if I ever travel to Zürich again, I will try to book Maxime's AirBnB again.",0
41993,1217478867357470103,2025-06-06,"Easy check in and easy stay. Water in the morning wasn't hot, but the place was very nice.",1
42014,1250619365942301520,2025-06-17,"Nice and spacious apartment, had everything we could need. The location is also good but a bit noisy. Our host was great with communication, answered any questions we had and tried to solve any issues in a reasonable time. The only down side was the air conditioning, we went there in Summer and honestly it was a bit too hot for us, the portable air conditioning in the apartment is more like a fan and doesn’t do much cooling.",1
42020,1250619365942301520,2025-08-13,Sara’s place is perfectly situated very close to old town. Lots of restaurants and places of interest within walkable Distance . The apt was very clean and well maintained. The kitchen had basic utensils( if you plan on cooking mostly then it can be a challenge) but lot of great restaurants close by. Sara was able to provide high chair and baby crib for my baby which was greatly appreciated. She is also a very responsive host! Made our stay very comfortable. The only recommendation to the host is to replace the sofa bed. It was pretty squeaky and uncomfortable to sleep in.,1
42025,1218047102913998993,2026-06-17,"Overall, we had a good stay, and the host was kind and helpful. However, there were a few minor issues during our visit. There was no gas available for cooking, and the electricity supply was very limited, making it difficult to charge even two phones. The host kindly allowed us to cook dinner at her place, which we appreciated, but it would have been nice to have gas available at the accommodation itself, as we were unable to prepare breakfast or lunch. Despite these inconveniences, we enjoyed our stay overall, especially because of the convenient location close to the train station, the city center, and swimming areas.",1
42047,1251450311831531964,2026-03-28,"Wonderful apartment in the heart of Zurich. It was easily walkable to (just about) anywhere you would want to go to experience what the city has to offer., including the boat tour dock and train station. Gil is an outstanding host, quick to respond and extremely helpful with advice. We highly recommend this AirBnb Thank you, Gil, for a great experience",0
42090,1251997622358104340,2025-10-25,"There were four of us and we absolutely loved our stay! The space was spotless, spacious, and felt so comfortable. Perfect central location, we could walk everywhere. Would definitely stay here again!",0
42099,1251997622358104340,2026-05-11,"The flat was very clean, very well located, and it has a great view from the roof. Chris was friendly, helpful and easy to talk to. The only thing I'd improve would be the check-in process, the flat has many switches, buttons and remotes to control the lift, main door and windows/blinds which are not intuitive, and the host was not fully sure how they work either, so it took me a bit of time to figure it all out, but other than that I would definitely recommend this place to anyone visiting Zurich.",1
42103,1218841427043390872,2024-08-31,"Great location and decent-sized apartment with lots of natural light. Note there is no AC, but the fan provided makes it very bearable during the summer months. Dimi was a great and communicative host. Would recommend!",1
42107,1218841427043390872,2025-03-28,Thanks for the stay Dimi. The space was as described and more with everything you could need for a short or long stay also located in a very walkable location.,0
42129,1253504463902581769,2025-07-02,Location was good and the stay was worth it,0
42137,1219287468098353016,2025-07-17,"Nice staff, OK value for money. Nice temperature in the room. A little outside of the city center and therefore not that much of interest in the immediate surroundings, apart for some good options for food. Only a few parking spaces available, and quite expensive (though «expensive» goes for everything in Zurich).",1
42138,1219287468098353016,2025-08-11,My wife and I had a wonderful couple of days in Zurich while staying at Hotel Stoller. It is a convenient location with great public transport and matches the description.,0
42185,1253504463902581769,2026-06-23,"Good location, close to tram and train station, bars right outside. Didn’t have any noise problems even though there is a bar right outside. Unfortunately, the place wasn’t very clean. Found a chewed gum on top of the shower soap dispenser, hairs on the bed, soap and shampoo dispensers were empty. The wifi didn’t work although we messaged host and he supplied another wifi connection. They advertised to have a freezer, but no freezer at all. Washing machine is at the basement level which is all ok but have to supply own detergent. Host was responsive only on some things.",1
42199,1274628680831291176,2026-05-06,"Overall great stay. The host is very proactive and responsive. The apartment was clean, comfortable bed, and in a good location. Zurich Hb train station was about 15-20 min walk. It was nice to have a kitchen with all of the supplies to cook!",0
42202,1275143843776985242,2025-03-18,"Giancarlo’s place was in a great part of Zürich, near lots of shops, restaurants, and accessible to transportation. The place itself did not look as new as photos. Also, the dishwasher smelled awful and several dishes that were in the cupboard had dried and crusty food on them. A little disappointed that there were no coffee pods for our stay like the other Airbnb‘s we had stayed had. Nor were there any salt and pepper and other basic amenities.",1
42214,1256419572499818704,2025-03-30,"Great stay! The apartment is close to two tram stations and the apartment complex is very easy to find. Everything was clean and everything inside looks just like the photos. Nana responded to all our messages within 20 mins, no complaints :)",0
42224,1256419572499818704,2025-09-30,"It's a decent stay, one can consider the place for a few nights stay. The presence of laundry is a great plus, however very complex to operate (we wasted a few CHF only to learn how to operate the washer and dryer. Accessing the laundry was not easy either. The room is conveniently located near tran stations and MIGROS for any groceries. The host Nana was very responsive and helpful, which makes the experience overall positive. We did find some dust, stains here and there (which was a big concern and we had to clean things ourselves). We found chicken bones (and other food leftovers) on the floor, below the bed. Not expected from high rated AirBnBs like this one. The cleaning agency needs to do a better job for what they are charging the guests. Overall, it's an Okay place.",1
42241,1278824184894724459,2025-08-06,This apartment was in a lovely building with the most amazing architecture and decor in the public areas. It is close to the tram station and good if you have kids or lots of luggage even though it’s on the top floor as there is a lift. The roof terrace is lovely too although there were lots of wasps around! The only issue we had was that the sky lights in the apartment don’t have any blinds over them so when the sun comes up although all the windows have great blinds you’re woken up due to the light coming through the sky lights. The host was very responsive and allowed to us to check out slightly later which really helped us as we had 10 hours until our flight.,1
42297,1257998738158564444,2025-06-15,"Geoffray's place was modern with nice overlooking view of the city. Getting there was a bit challenging for us due to the very steep road going up the street where the building was located. It was good that Geoffray was there to help us carry our luggages and brought them inside his flat. Groceries like Denner, Coop and Migros were just near the flat as well as some restuarants. Beds were comfortable and room was clean. Just need more cleaning in the kitchen drawers and other utensils and pots. We were four adults but there were only 3 towels in the flat. The host must be aware or check on this next time.",1
42299,1257998738158564444,2025-08-10,"The location and flat itself were okay, but the host asked us to come early to pick up the key, saying he would be leaving at 2 pm (check in was supposed to be at 5), then when we got there, he said he wasn’t leaving until 5, so we left again to kill a few hours, which was inconvenient, since the flat is far from the centre, and my mom was ill. Then once we came back at 5, the host was hosting friends, and they left only 15-20 mins later. And finally, there were only 3 towels, even though there were 4 of us.",1
42329,1258604949751564764,2026-04-12,"Great location, in the heart of old town Zürich: 5-10 minutes walk to train station, restaurants and supermarkets.",0
42330,1258604949751564764,2026-06-13,"Location was incredible - it’s not far from the train station and nearby a lot of wonderful spots. The apartment is small, but had all the amenities we needed and is as-described. Overall, very happy with the place especially for the price. Our one complaint is that the mattress was sagging significantly, and we weren’t able to sleep very comfortably. For our short stay this wasn’t too problematic but could be an issue for others.",1
42365,1278938770911609006,2026-04-09,"The host was polite and did try to address the issues we raised and communication was cooperative. However, during our stay we experienced a blocked shower and an ongoing ant problem in multiple areas of the studio, including the kitchen and bed area. Airbnb ultimately provided a partial refund, which we appreciated. Overall, the stay did not fully meet expectations, but the host was responsive in dealing with the situation. We would recommend ensuring that the ant infestation is fully investigated and eradicated before anyone else stays.",1
42370,1259330150914065689,2025-09-06,The stay was fantastic and Dragesa was really good. The location is in a beautiful neighbourhood and quick morning walks to the nearby park was all we needed for my kid. The apartment was a quaint little place to stay and explore the city. I would definitely recommend this place.!!,0
42373,1259330150914065689,2025-10-09,We had a great 2 night stay. Excellent communication from the host with very clear instructions for remote entry. The unit was spacious with a great kitchen and very clean. In fact I think it was better than the photos. It's on the 3rd floor but there is a lift. A very quiet and pleasant neighborhood with a tram into town about 100m away. Highly recommend,0
42389,1259348925963040140,2026-06-17,"Daniella’s place was wonderful. I would book it again. The only nay was that it was a work trip and had requested a few times that the bed gets split which hasn’t happened so we had to do it ourselves when we got there, but not an inconvenience that would require me to tax the review ❤️",1
42395,1278938770911609006,2026-04-25,"Overall we had a nice stay, but the apartment we ended up staying in is not the one pictured. Our room was still a good place to stay for our quick trip in Zurich, just not what we expected. Host was communicative and check-in was smooth.",1
42405,1259378209542142701,2024-12-29,"The studio was greatly located, can reach the city center in 15 min. Everything was really clean and it was easy to get there. The only thing is that there was not hairdryer.",1
42406,1259378209542142701,2025-01-29,"The apartment is not in the center of the city, but a few tram stations. It is old, but well maintained. It was very nice to have selection of tea and some coffee capsules. There is a small supermarket quit near. It is a very peaceful and quite neighborhood. Not much to do. The only drawback is getting the key - it was a struggle opening the key lock both when we arrive at dark and even when we left in the morning.",1
42418,1260138879343731436,2025-07-24,seemless from beginning to end thank you we enjoyed our stay and the amazing property,0
42425,1260138879343731436,2025-09-22,"This place is centrally located and restaurants and shopping are in walking distance! Kitchen is well equipped with everything you need and the place was very clean. Our only complaints were both bathrooms were on the first floor, which wasn’t convenient for the bedroom on the second floor. Also, in the second bedroom, mattress is on the floor and very uncomfortable. Unfortunately, my mother who was assigned that room had to sleep on the couch instead because she got a backache.",1
42448,1278944120497924663,2025-04-11,"We only stayed for 2 nights, but the apartment was perfect for a short stay. About a 20 min walk from the main train station. Clean, comfortable and stylish. A little far from the main attractions but nothing was too far out of reach. Overall the perfect spot for our trip.",1
42468,1261682812447793984,2024-12-01,"This place is amazing! Beautifully designed with modern furniture and comfortable beds. We didn’t get to use the terrace on the roof but will do so if we return in the summer. The apartment has everything you need with amenities in the kitchen, bedrooms, and bathrooms. Very quiet building and neighborhood and rooms have blackout shades so we slept well. The only downside is it being a bit far to walk to the city center but there is public transportation close by. All in all we absolutely loved our stay!",1
42469,1261682812447793984,2024-12-10,We have a wonderful stay. A bit of a walk from the city center but the area is lovely and has a track field right next door for running. Convenient for uber and plenty of street parking. Has an elevator so that is nice. The rooftop deck was a wonderful surprise and lovely view.,1
42478,1262287253321365747,2024-11-03,We had an amazing stay with Julien! I highly recommend the flat. Julien was very reactive and understanding. He also provided us with good addresses/ tips in the area and was happy to chat with us while at the same time respecting our space. The kitchen is very well-equipped and the bathroom spacious. The neighbourhood is also great and very central (we did everything by foot). My friend and I were delighted with our stay and would recommend the accommodation many times over! Thanks again to Julien for his kindness and warm welcome!,0
42479,1262287253321365747,2025-08-30,"Excellent spacious bright apartment with a soul. Lots of plants! There is everything you need for comfortable living and cooking. Huge and comfortable bed. But the most important thing is the silence inside and around the house! I have never seen anything like this. 15-20 minutes walk to the center, tram and bus stop opposite the house. Two large supermarkets around the corner. I highly recommend this original airbnb. It's like visiting an old friend. Thank you, Julien!",0
42499,1278944120497924663,2026-04-30,"The place was in a great location. Very comfortable and had everything we needed! My only complaint would be that it showed an iron/board but the board was not there so I had to leave my clothes wrinkled. The host was also delayed in sending us details regarding our check in code, besides that all was good and I would definitely recommend!!",1
42518,1278951075743491555,2025-06-25,"Had a wonderful 4 night stay in Nicole's place. As others have stated, it is bigger than it looks from the photos. There is also a large balcony, perfect for dinner in the evening if you want to stay in. The bathroom is a shower over bath and is beautifully clean and spacious. There is no microwave, air conditioning or lift/elevator which may be relevant to some guests. The apartment is a 2nd floor apartment but the first flight of stairs is short (only 8 steps or so). We had a great time and would certainly consider staying again.",0
42520,1278951075743491555,2025-07-03,"Had a great time at our stay, a very nice walk to the water and all the restaurants, and super close to the station. The apartment itself was bigger than expected and the patio is huge. The lack of A/C could be challenging in the summer, but the host was kind enough to leave a fan for us without us even asking. Great stay!",1
42548,1262318003749250570,2025-10-25,"All good, easy communication, nice we could leave our luggages at the office before checking in. Location is perfect and the flat is very functional and super clean",0
42559,1262318003749250570,2026-03-01,"Great stay! The apartment was very nice with lots of space--the living room is more of a large bedroom with the couch/pull-out sofa and a table, as well as extra chairs and a balcony, which was such a plus. The location was amazing too, and transportation around town was convenient and simple. We felt very safe. Would definitely stay again!",0
42563,1262738327076817969,2024-10-27,From the beginning the contact and communication was easy and fast. Unfortunately we haven’t met and Rafael arranged an easy and flexible check in. The room and all of the apartment was clean and spotless prepared. We felt right at home. An early check in and late check out gave us most flexibility with our friends and our flights. We will definitely come back to Rafael’s place and we do recommend his room to his future guests. Thanks a lot.,0
42565,1263247683242685464,2025-10-12,"Overall, great stay! Host was responsive and instructions were easy to follow. Everything was as described and clean! Only issue was the noise, I know it was noted before and noise usually doesn’t impact me much. However, it is much louder than anticipated. Otherwise no issues!",1
42566,1263247683242685464,2025-11-30,"We had a great stay here- only 15min walk from the big train station, lots of places to go and perfect for a weekend stay. Lovely apartment and if you like to go out there is lots of food and bars nearby!",0
42578,1264266107581436018,2025-07-15,The only complaint is not having a second bathroom. But we know this going in. Great place probably best suited for one family. Luckily half of the party did not make this trip. Gary and Leslie will try to make it back.,1
42581,1264266107581436018,2025-11-17,"This is a beautiful, very clean apartment filled with history in the centre of the old town. It is very comfortable and clean. Anna is a wonderful host and was so attentive, helpful and friendly. I would highly recommend this apartment.",0
42594,1284165320950983325,2025-10-05,Easy to get to from the airport and located within walking distance to everything I was interested in seeing. Haymo's place was the biggest of the three I stayed at during my trip to Switzerland... and the shower was the largest! :-) Thanks for all your help/advice during my stay Haymo!,0
42602,1284165320950983325,2026-05-12,"If I could give Haymo more than 5 stars - I would. This place is next-level, from the amazing location downtown, the panoramic views of the city, the incredible peace and quiet despite being in central Zurich. Not only that - but the entire apartment is tastefully appointed and Haymo provides outstanding information on how to get there, easily check in and provides a guide of all the best sights, restaurants and much more, and is generally super responsive and helpful. All I can say is I can’t wait for my next visit.",0
42615,1267366693430560689,2025-04-19,Would definitely recommend! Great location!Clean! Easy to check in. Plus the host is extremely responsive. It’s a simple place that has all the necessary amenities to lay your head down after spending the day touring Switzerland. The only thing I would recommend is a couple of additional pillows. The ones provided were very thin and unsupportive.,1
42618,1267366693430560689,2025-08-23,"LOCATION. LOCATION. LOCATION. We are a couple with the baby, and we truly enjoyed our stay at this place. For us, location was everything. In the most beautiful part of town. Just couple steps away from all the best places. In the apartment everything was fine and clean, just as in photos. Check-in was easy. If we visit Zurich again, we will choose the same place for sure.",0
42623,1284754456745216532,2024-12-29,"We had a very nice stay in Serena’s flat! It is a no-frills apartment, clean and elegant, which had everything we needed including 2 supermarkets visible from the balcony and was around the corner from the Uetliberg and a short tram /bus ride from the center of town. Serena was well-organized, accommodating and helpful. The kitchen had everything we needed and Serena was so kind to supply some essentials for cooking.",0
42636,1267386512583553398,2026-03-25,"The place is in a good location—just a 2-minute walk from the tram station. Dimi, the host, was very responsive, and I really appreciated how flexible he was with the check-in time. The studio looked exactly like the pictures: clean, tidy, and well-kept. The neighborhood was quiet and felt very residential, which made the stay even more pleasant.",0
42639,1267386512583553398,2026-04-27,"It was easy to find his house and everythink was clear. My towel was damaged but they left me a new towel, He was always responsible the answer us! There is only one missing that there was no shower gel but It is OK!",1
42643,1267392130705794442,2024-11-02,"Unfortunately, the apartment wasn’t reddy at check in time, as it was still being cleaned. I was told it would take another 1-2 hours. They found us another unit in the building on the ground floor, so I appreciate that, but we lost time as a result and made the afternoon stressful as we had plans in the evening and things were pushed back. I can’t speak to how this unit was as we had a different one. But the unit looked ok. The ground floor one was very noisy, even with the windows closed. Location was good.",1
42646,1267392130705794442,2025-09-24,"This is my second stay, and it is as enjoyable as last time. Very convenient y located, Giancarlo is very responsive and friendly. Cherry on the pie, flexible with my schedule. Perfect for a business trip or tourism. Thank you Giancarlo",0
42654,1284781083450592231,2025-07-21,"I had a lovely stay with Giancarlo, who was responsive and accommodating throughout the trip. The location is great, with a nice creek that runs right outside the apartment.",0
42678,1267398086201718370,2025-07-19,"Place is as described, restful and enjoyable. Host communicates clearly, easy to check-in and overall a quiet and peaceful place. Restaurants and main places at least 15 minutes walk but reachable. If you want to use a rented bicycle or scooter they’re mostly everywhere and to come in really handy. In another note I kept looking for the washer area but could not find it so a little trouble there, however had a great experience overall.",1
42679,1267398086201718370,2026-01-04,A cozy studio apartment with all the basic things you need for a short trip. A quiet neighborhood and only a 15-20 walk to the main railway station. Hosts were easy to communicate with.,0
42683,1267404554135546477,2025-06-17,"The apartment was in a great location, very clean, and well-equipped. Initial communication and the booking process was a bit confusing, as this was a last-minute booking and the calendar of several of the host’s units showed availability when there wasn’t any. However, once I booked, everything went smoothly and the host’s instructions were clear. I would recommend staying here, especially if you are able to plan your trip in advance.",1
42684,1267404554135546477,2025-07-03,"Love the location, small and functional and definitely good value. Very responsive and helpful host. Jumping in the lake within 4 minutes was a total luxury 😊",0
42697,1284791844326776014,2026-02-27,Perfect stay! Clean and good location near the tram station and the center.,0
42699,1284791844326776014,2026-04-13,Mr. Dimi was incredibly responsive. The apartment was spotless and exactly as described in the photo. Mr. Dimi went above and beyond to communicate well with us to ensure we were comfortable. Perfectly located at the old town center & great for exploring Zurich and the check-in process was seamless.,0
42708,1286040861575824883,2025-02-16,Very nice and spacious apartment in a quiet neighbourhood. The kitchen is fully equipped. We had a very nice stay at Jose’s apartment.,0
42710,1286040861575824883,2025-12-09,"I had a wonderful stay at this Airbnb near Zurich’s center. The location is truly unbeatable! Nearby everything the city has to offer, yet tucked away in a peaceful, neighbourhood. The apartment itself is fantastic. The fully equipped kitchen was a huge plus; there were absolutely no limitations when it came to cooking, which made it feel just like home. The workspace was comfortable and well-lit, making it easy to get things done during my stay. The natural light throughout the apartment creates a warm, inviting atmosphere that I loved coming back to each day. Combined with Jose’s thoughtful hosting, this Airbnb is the perfect option for anyone visiting Zurich whether for work, leisure, or both. I would absolutely stay here again and highly recommend!",0
42711,1268095793567489825,2024-12-16,"The location is great. Modern, spacious penthouse with impressive views of the city and beautiful neighboring buildings. Cozy and comfortable place with stylish, quality furniture. Snow-white bed linen, comfortable pillows, and blankets. The blinds provided a great sleep. Sufficient lighting. Comfortable bathrooms. Exquisite decor. Dimi is a responsive and friendly host. It was a pleasant, amazing experience to stay here.",0
42714,1268679813595763445,2025-02-20,"I had a really positive experience here. It was warm, cosy, clean and wellbeing. The host was friendly, responsive and helpful.",0
42718,1268679813595763445,2025-08-14,"appreciate the fact he allowed me an earlier check in . he was rude to me when I asked about unclear / wrong instructions and he sent me back to read the instructions. when he found there was a mistake , he apologized but the magic was broken already. apartment is very hot in summer time , everything else is great !",1
42724,1272375766278745319,2025-06-20,"Accommodation was as described. Communication was excellent and every query was responded to very quickly. The property is immediately at a tram stop. But, it is still very walkable to the train station area. It is a good alternative to traditional hotels. While it did cool down at night, the unit can get warm during a hot June day. I would consider staying here again.",1
42735,1272404340936330355,2026-01-18,"The place is clean, well located, the kitchen had all that it needed. However, an extra blanket would be needed during the winter times as the heating stops between 11pm and 6 am, and the room gets very cold during the night time.",1
42740,1274012663768582357,2026-05-31,Well located apartment for exploring Zurich. Close to public transport and the city centre. Ersin was very responsive and helpful. However I would not recommend taking a baby in a stroller as the entrance to the apartment is via an external staircase.,1
42761,1287559299755026593,2025-05-22,"The appartment was well situated, pretty much centered in a very quiet area. I really enjoyed my stay. The bed was very comfortable, which is important if you walk around all day visiting Zürich. The appartment was very clean. A little plus is the bathtub and the covered balcony. Thank you very much. I totally recommend this place.",0
42773,1274120126432283390,2025-11-28,"Really liked the apartment. Great, spacious and tons of restaurants around.",0
42780,1274120126432283390,2026-06-10,We were in z-town for a few days for business and it was a perfect place to sleep and spend a few hours in the evening. Good location very central.,0
42783,1299167757644142053,2025-02-23,"A very nice, clean, bright and lovely furnished, well located appartement in the heart of Zurich. Highly recommended!",0
42785,1287559299755026593,2026-05-27,"The apartment was nice and quiet, although it didn’t have an air conditioner which is something to keep in mind if you are coming in the summer, it does however have a fan. Theres an elevator but you have to climb a few steps to get into it. I liked the location a lot, it’s close to a bus/tram stop which you can take to go anywhere. Overall i enjoyed my stay and maybe I’ll come back here again but only in colder weather.",1
42798,1288176665758922127,2025-08-05,great place! had a cute balcony and kitchen with utensils and such provided. the bed was very comfy and it was super close to public transit!,0
42801,1288176665758922127,2025-12-20,The apartment is in a great location and very clean. Easy check in and check out. The host is very friendly. I recommend.,0
42816,1288313174549766491,2025-12-29,"The apartment was as shown in the photos; it was clean and the location was good. However, we experienced an issue with the heating during our stay. The host mentioned that they were unable to address the problem due to the Christmas period.",1
42818,1288313174549766491,2026-03-22,"The apartment was in a great location, we felt very safe walking everywhere even at night. The apartment was comfortable, the bathroom was a little older than the pictures showed (the lighting was very good in the pictures) and there was no hand soap in the bathroom. But the apartment was great for a short stay and we felt very comfortable! Giancarlo was also very responsive!",1
42823,1302313335909458523,2025-06-08,Great time In Zurich. This apartment was very comfortable and so close to everything. Me and my friend were able to do a lot on the 3 days we were there and it was nice to come back to a place that was comfortable and relaxed. Would recommend!,0
42866,1303539072566443025,2025-01-02,Loved this place and location! Very spacious apartment as well. Near Wiedikon station and felt safe walking around the area!,0
42876,1303695241945434771,2024-12-30,"Thr host was very responsive to all my worries in a promptly manner. on arrival i called the host my phone immediately went off, however tge host was very proactive by continuously calling till contact with me was established and helped with my query immediately and in a very friendly manner. I will definitely recommend this place. tram stop was directly outside which made my travel to both the airport and main train station very easy.",0
42877,1303695241945434771,2025-01-03,"The apartment is exactly what it looks like in the pictures. Semion is very communicative and responded quickly. Close subway stations to get to the city. Great deal, perfect for a weekend in Zurich!",0
42899,1305653437205466463,2025-06-09,"Close to major attractions. Everything you need. We overlooked that the listing did not offer air conditioning, but the host made sure to bring us a fan when we asked! Very responsive and helpful. The elevator was down so we did have to take our luggage up 6 flights of stairs. However the host did offer to have someone when assist if needed. Would stay again if in Zurich.",1
42900,1305653437205466463,2025-06-20,"Arye was very communicative but the place is older than I expected. Also with suitcases it is quite difficult to get to on public transport and then its on the 6th floor. Although there is a lift it is very small. I also had trouble with the internet and could not get my phone connected, only my laptop. So overall the stay was fine, but given these factors, I felt it was a bit overpriced.",1
42911,1289022915577578718,2025-08-14,"The room was very clean and simple, just right to rest. It can get warm in summer, but the host kindly provided a fan. Great location with easy access to public transport.",1
42920,1305762886204534976,2025-02-16,"Loved the room! Attention to detail, modern and super cozy. Host was very friendly and helpful and made us feel very comfortable. Totally recommend, and when back to Zürich will be choosing it again! :)",0
42931,1305762886204534976,2025-09-13,"The place was very good and we really enjoyed it. Regarding instructions, everything was clear and straightforward. The room was also clean and like the pictures. The only minor drawback is, although in the description it is mentioned there is no elevator in the building, but it wasn't mentioned that the rooms are only placed at the 4th and 5th floor. So, you should prepare yourself for a little bit exercise (specially if you have luggage with you). Overall, I suggest this place.",1
42953,1289022915577578718,2026-01-14,"Considering the price of everything else in Zurich it’s an ok place to stay. Unfortunately the bed was paper thin, the bathroom cubicle had many unwanted stains throughout it, and the shower curtain is much too small leading to a mess while showering. Although multiple large towels was a nice addition to have.",1
42956,1305830428013932145,2025-10-05,"This home was perfect for the six of us - me, my husband and our adult children. The home has been beautifully curated with unique modern furnishings and decor. The kitchen had everything you needed to make meals easily. The only choice was to enjoy it on the deck or lovely dining room. The location is fantastic-right in the center of old town. Minutes from the train station and grocery shopping at Coop or Aldi is just across the street. A great spot for adults! So glad we selected this home for our stay in Zurich 🥰",0
42958,1305830428013932145,2026-02-26,"The apartment was located at an impeccable location near the Zurich train station, close to all the big supermarkets and shops. The host Nora was very understanding as we had young kids and she was willing to accommodate some of our requests. The only minor point was that the master bathroom had a bit of a funny smell but Nora provided us a solution and offered to help in no time.",1
42998,1307476972228816295,2025-08-22,"Great host, he was always kindly responsive. The house has a great location and is located next to the supermarket. The host was generous in providing coffee, dishwasher tabs, and everything... The only downside is that the house has not lift and The parquets making noise. I highly recommend this place.",1
43000,1307476972228816295,2025-09-16,Very well connected by all means of transportation. Supermarkets are at the walking distance. However the apartment soundings are little off. Apartment is equipped with all the necessary amenities and it is quite spacious. The cleanliness is maintained throughout. We enjoyed our stay here.,1
43012,1308702318118481595,2025-01-25,"Lovely stay, David was a wonderful host, very respectful and kind. I felt right at home. I travelled alone and felt safe in the neighborhood. Would recommend totally this place.",0
43025,1308702318118481595,2025-12-23,"Erik was very welcoming, easy to communicate with and I felt home immediately. It is very well organised and the room is spacious. The shared areas also very pleasant. Great location to move around in the city. Thank you Erik for a pleasant stay.",0
43033,1308742249104615485,2025-09-08,"Erik is a warm, kind, helpful, friendly and welcoming host. I stayed at his place for 3 nights and most definitely recommend it. The apartment is conveniently located close to the train station and tram lines, both within 5 mins walking distance. The room (Jura) was spacious, cosy and the bed super comfortable. The common areas (living room, kitchen and bathroom), were always kept very clean and tidy. I felt at home and would stay here again when in Zürich!",0
43039,1308742249104615485,2026-04-11,Loved Erik’s Airbnb! One of the best I’ve had the pleasure of staying in. Erik is very thoughtful and made sure I had everything I needed. The apartment was clean and the location is conveniently located next to the station. I would 100% stay here again.,0
43041,1289022915710351303,2025-10-05,"Really great location and responsive host but The bathroom was not clean, the bedding was not super confortable.",1
43043,1289022969585936712,2025-03-25,"The place was near the city center. The room was clean, and the check-in process was easy. However, it would be better if the room had at least one small cupboard. Also, note that there were no employees inside the hotel",1
43050,1289022969585936712,2025-05-03,Great location. Comes as advertised! Perfect base to explore the city old town area and the lake.,0
43070,1311676054417470678,2024-12-30,"Wanted to leave my review, as the only lace was really good. Dmitrii’s place was really good and he was really helpful, and friendly. Highly recommended.",0
43098,1318789215361466884,2025-10-11,"The stay was very pleasant. I had a great time at Simon’s 🏬 Flat everything was super tidy and clean 🧹 felt like home 🏠, the shower 🚿 area is pretty small and you need to bring your own toiletries 🧴 🪥🧼 the bed 🛏️ can fit one person comfortably, you can’t access the 🛋️ living room because it’s Simon’s Workplace 🖥️ but then the flat is in the 3rd Floor I had to lift my luggage upstairs apart from these things I had a good time at Zürich 🇨🇭😬",1
43099,1318789215361466884,2025-10-19,"Simona was a fantastic host who gave me super clear check in instructions which was very helpful with my late arrival. The room was fantastic and the apartment was lovely, I felt right at home for a few days",0
43113,1320018647597017283,2025-09-15,I loved the apartment! Fabiola's space felt very cozy and the location was perfect. Close to everything. Fabiola was very responsive and flexible too. Would highly recommend staying here.,0
43114,1320018647597017283,2025-09-21,"Fabiola was helpful and friendly. Her apartment is in a great location, walking distance to tourist spots and just a few minutes from a train station. It is clean, spacious and has all the amenities you would expect/need. I would recommend it!",0
43127,1320458055103984511,2025-06-23,"apartment was good.. easily walkable from oerlicon station... neat and clean only problem was in amenities washing machine and dryer was not there..and fan was in one room...I messaged to host..they arranged me a standing fan next day so one night we were sleeping in hot room.... and they didn't talk anything about washing machine... I messaged them about the balcony gate also which was not working..so we could not sit in balcony.. if amenities are written in the description as washing machine ,dryer, fan , balcony...then they should provide them .. so after paying a big amount in peak season amenities were lacking otherwise ok.....",1
43142,1325336488941784170,2025-03-06,"Nico's place is spacious with plenty of natural light and a calm interior. The host was very communicative and easy to reach, and check-in and check-out were very smooth. I will recommend this place and host to all my friends.",0
43147,1325336488941784170,2025-04-22,"When we arrived at the apartment, it hadn’t been cleaned after the previous guest checked out. Prior to our arrival, Nico had declined our request for early check-in, stating that the apartment needed to be cleaned. However, it was clear upon arrival that this had not been done. I messaged Nico, and he responded immediately by sending cleaning staff. While I genuinely appreciate his quick response and action, it would have been more professional if the apartment had been prepared as communicated.",1
43164,1289024964833416671,2025-01-26,"had a fantastic stay! The room was clean, comfortable, and exactly as described. The location was great, and the host was very responsive and helpful throughout my stay. I would definitely recommend this place to anyone visiting and would love to stay here again in the future!",0
43169,1289024964833416671,2025-03-22,Check was completely automated which went very smoothly. Room was very small. Noise was average for being in a small building in the middle of a city centre. The only issue we had was the smell of marijuana and cigarette smoke that was potent in the room. Unsure where it came from but it was overpowering until we opened the windows.,1
43190,1325916371545876360,2025-05-03,"This is nicely close to the train station. But the area is sketchy, bathroom not clean and unmaintained, and the mattress hurt to sleep on. This place is probably just fine if the location and price is all that matters to you. Otherwise, just say no.",1
43191,1325916371545876360,2025-09-01,"We arrived 2 hours earlier than planned due to a bus change and asked the host if we could check in early since we were very tired. The cleaning lady confirmed the room was ready, and the host kindly allowed us to check in. 1. The room was incredibly clean and comfortable. 2. There was a market just downstairs and unlimited tea and coffee. 3. The bus station was only a 10-minute walk away. 4. As Turkish tourists, we loved that there was a Turkish restaurant right next door, but for other travelers there were also McDonald’s and a burger place nearby. The only minor downside was that if we left the window open at night, we could hear some noise from outside — but once the window was closed, it was completely silent. Overall, it was an excellent stay!",1
43198,1325933421927845590,2025-06-14,"This is a really central location, the apartment looks just like in the photos. Communication was easy and so was checking in. However it’s a going out area (the windows isolate a lot of the noise but it’s worth saying it), the kitchen is not well equipped and I was told there was a spot to keep my luggage but when I got there was given an area that was accessible for the store. In general I think it’s great for a short visit!",1
43202,1326028684477218444,2025-04-09,"This was one of my favorite Airbnb experiences. Anu truly embodies what it means to be a gracious host. She invited me for tea and made me feel welcome in their lovely home. Anu was very responsive and understanding, and I definitely felt at home during my stay. The house is peaceful, and the beautiful surroundings enhance the experience. The location also offers privacy, which was the perfect combination for relaxation. Thank you, Anu, for being such a wonderful host. I will definitely return to visit.",0
43207,1326028684477218444,2025-07-08,I had a wonderful stay with Anu. She was very communicative and helpful. The room is very quiet and peaceful yet easy to get it central Zurich with the tram.,0
43277,1326062998431490129,2026-05-10,The place was absolutely perfect—comfortable for our stay with two young kids and located in a great part of town. The apartment is easily walkable to old town and the lake and surrounded by bakeries and restaurants. The beds were SO comfortable and a real highlight. The hosts were very responsive and kind. Would gladly stay again!,0
43280,1326062998431490129,2026-06-17,We stayed in Nora’s apartment with 3 young kids. The kids loved the different designs in each room and they loved the games! Nora was an incredibly communicative and friendly host! We would love to stay again.,0
43331,1333251612771413873,2025-11-03,This place is nice — organised and has everything you need. The host team was helpful.,0
43341,1335415072851654786,2025-07-16,"Fantastic place. Right in the middle of neighborhood. Felt safe and sound with families. Accessible to public transport in just about 5 mins. Some of the bathrooms do not have a lock which can be looked into, however it is not a big hassle 😁. The hosts are simply amazing and responded in about 5 to 15 mins. I highly recommend this place",1
43345,1335415072851654786,2026-03-29,"Super clean, well located, really easy to access, big house with tonnes of room for a big group of friends visiting Zürich. The property was fairly basic and didn't have loads of decor/personality but did the job absolutely perfectly, and we would stay again!!",1
43349,1335465197923075724,2025-08-07,"Super location with the tram and train very close by and easy parking outside (in the blue zone once you have the daily parking permit or across the road using Park+Rail). A lovely lake view is enjoyable from the balcony. The apartment itself was clean, comfortable and exactly as described. The wifi was a little weak but the hosts promised to get that solved which was much appreciated. Overall I can easily recommend it as a place to stay.",1
43389,1335504690643593489,2025-10-09,Dimiter's place is a gem in Zurich. The location is awesome. Easy to walk to the lake and the old city. One block from the train station and tram. The apartment was easy to access and exceeded my expectations - it is spacious and modern. Perfect for an individual or a couple. The patio is also spacious. Highly recommend!,0
43399,1335550943280795832,2025-05-30,The stay was great! The neighboorhod is really chill and good to walk. There's a plenty of restaurants and cafés nearby. The apartment is great,0
43406,1335550943280795832,2026-02-17,"Really nice place, in a great area, matched the photos. The one thing, we had no clue how to turn on oven, it needed a child code for us, which we didn’t have, but that was the only thing that could’ve been improved. Responsive host, and emphasizing how great of an area it’s in!",1
43437,1338337051312155101,2025-09-19,"This is not going to be your completely aseptic soulless usual Airbnb. This is a place where people live and it shows so do not expect an hotel room. It is cozy, receives a lot of light, is ideally located, close to everything. All that is necessary is there and works. The host is super nice and responsive. I had a great time.",0
43440,1338337051312155101,2026-01-06,"For Zürich good place near University Irchel. I visited family and enjoyed the privacy in the flat. The flat has a decent size and has a balcony. But it was too cold to enjoy such in winter. The balcony was a great plus, but in December, it was too cold. The only negative point was, that there is no elevator, so be good to walk up 7 half floors to the third floor. Just be aware. I only suffered on thee first and last day carrying my suitcase, with all the presents to bring to the family and then to to take back. :-)",1
43447,1340055884771795137,2025-07-03,"We stayed at this hotel for 4 nights and overall, it was a great experience. The room is large and feels luxurious. It was very clean and the bed was comfortable. There are a few ants around the room, so be careful not to leave crumbs on the floor. We went during a European heatwave, and the apartment did not have an AC unit. However, the host was very helpful and brought in a portable AC unit the next day which made a huge difference. Location is near a red light district, which at first shocked me. However, it is very quiet at night and we didn't have any issues sleeping. The hotel is within a close walking distance to central Zurich and bus stop.",1
43452,1340055884771795137,2025-09-03,"We had a great stay at the Deluxe Appart & Hotel! We had an overnight stay in Zurich before our flight, and this was the perfect location -- within walking distance from the main city center as well as train station. We had a small issue with the self check-in (it was a machine/technological error, so no issue on the listing's part), but the team responded immediately and we were able to check-in quickly after a long travel day. The room was clean, comfortable, and looked just like the pictures. We would definitely stay at Deluxe Appart & Hotel the next time we are in Zurich!",1
43503,1340068054966717426,2025-07-17,"Overall great stay. The included snacks and drinks were a pleasant surprise. The apt was clean and well maintained. The only complaint was that room itself was a little hot, despite the portable AC. Would recommend for other travelers",1
43511,1340068054966717426,2025-08-16,"We stayed one night in Zurich at this lovely hotel, 10 mins from the train station. The room was clean and came with free snacks and drinks. It’s a self check-in, but the steps were very easy to follow. The host also provided an AC which we were so grateful for during the 35°C heat! Be aware there’s no elevator and it’s above a cabaret club, so it can be noisy at night. Overall, a good spot for couples or solo travellers.",1
43531,1341050552646910178,2025-06-19,Giancarlo’s place was ideal for its location. We felt safe staying in the building. His apartment is more of a clean bedroom with a bathroom. I would not call it an apartment because the only sink available was a small bathroom sink. There was a small cube size refrigerator and microwave available. The room was clean and had a fan.,1
43532,1341050552646910178,2025-09-10,"The place was spotless, clean and plenty of electricity plugs to charge things. Check-in instructions were clear and easy to follow so that was a wonderful thing after a journey to be able to check in seamlessly without a hitch! All because the instructions are very clear and detailed. WiFi works great & the bathroom was very clean. Centrally located in old town Zurich where you can move to anywhere on foot or by tram. Apartment was nice and cosy. I loved my stay there!! And would book it again for my next Zurich visit.",0
43565,1343574955617458869,2025-05-19,"These are the reasons why I would rerurn again. 1. Great location 2. Very clean 3. Walkable and easy access to public transportation 4. Reasonable price However, I wish there were a washer.",1
43573,1343574955617458869,2026-04-05,"Way bigger than it seems in the pictures and in a very convenient location! The wood floors are pretty but if you have light sleepers and people that get up in the middle of the night to use the bathroom, the squeak of the wood floors could be a concern. The kitchen and bathroom could use an update, but the good price more than makes up for it! The host was very responsive to an issue and resolved it quickly! Overall, we were pleased with our stay.",1
43577,1343587767190733181,2025-02-17,"We really enjoyed our stay! The location was great, and the room was clean!",0
43582,1343587767190733181,2025-04-19,"Positives: great location, clean, bright and well insulated unit, very responsive owners, clearly eager to help their guests appreciate their stay. The kitchen is well appointed for breakfast with coffee/tea options. Why I probably won't come back: Not that quiet at night due to the location (proximity to a restaurant, some neighbors can be heard walking one floor above late at night). The kitchen is functional mostly for breakfast, but cooking a larger meal is out of question. We are avid cooks and even boiling 4 potatoes took more than 1 hour, that's the only thing we attempted besides making tea/coffee. The kettle in the kitchen leaks from the base of the spout, making it hard to pour water in a coffee mug. Some provided supplies could be more plentiful but that's an easy fix.",1
43647,1349212527545732629,2025-06-26,"The location is fantastic, and the property itself is OK. However, I was disappointed by the unclear instructions for retrieving the keys, which left me wandering around with luggage late at night or on weekends. Additionally, the absence of WiFi was a drawback, especially since it wasn’t mentioned upfront—ideally, the description should clearly state if it’s not a provided amenity. Overall, it was OK.",1
43654,1349212527545732629,2026-05-22,"Fernando's appartement is in a great location and not expensive, he is friendly and helped especially when I arrived. However the apartment is not in a good condition, especially common areas like the kitchen and the bathroom, the bedroom's window does not close well either. Overall, pretty good deal if you are ok with loose cleaning, otherwise it could throw some people off.",1
43656,1352019773390728552,2025-05-08,"The place is well located , but the men where together with the women , not good and people Were loud in the evening , I had to wake up early to catch a flight , and people Were talking",1
43685,1352019773390728552,2026-06-17,"its a super nice little capsule hotel! very central and easy to find. I was a bit worried about the check in as the instructions said you need a code and I never got a reply from the hotel, however this was not necessary if arriving before 10pm.",1
43706,1353055392713954035,2025-12-14,"The apartment is 9 minutes walk from the closest tram stop, or 30+ minutes from downtown. For us it was worth it to save some money, as staying downtown is expensive. (I’ll add though that, with three people, it ended up being the same cost to uber as it was to take public transit.) The kitchen is quite small, so much so that I imagine cooking meals would be difficult. However, the rest of the space was very spacious and comfortable. There were plenty of towels, blankets, etc. There was a small amount of mold in the bathroom due to humidity from the shower.",1
43731,1356390242184908530,2025-04-23,"The apartment is nice place to stay in Zürich for a few days. Nice and quiet area, short walk to bakery and groceries. Unfortunately the apartment wasn’t clean and some important amenities auch as towels and kitchen equipment weren’t present. The host sent us money so that we could buy the necessary items. However se still had to spend our time to fix these issues ourselves. The bathroom is small and could use some refurbishment.",1
43738,1356390242184908530,2025-08-18,"This modern one-bedroom place is wonderful ....lots of space in one of the best neighborhoods in Zurich, close to the lake and the #2 and #4 trams that take you to the old town and Opera Plaza and Bellevue in minutes. Communicating with Laurent is easy and quick. Having an elevator is also a plus. Be aware that Laurent may expect you to strip the bed and deposit the laundry in the basement machine before you leave. But overall all, a great find and a great deal.",1
43755,1289024965006075182,2025-05-21,This location is really well located. Close to the train and close to multiple restaurants,0
43764,1359491220202517275,2025-12-07,The airbnb is a short walk from the Zurich HB and the bus line. The unit is on a busy street but the insulation blocked out a lot of noise. Host was communicative. Very easy check in and out.,1
43772,1359507201657871544,2025-04-25,"Great location and apartment! Walkable to the city, in a quiet area with parking included! The home was very clean and exactly as advertised. Comfortable and clean! Host was extremely responsive and easy to communicate with. Would definitely stay here again!!",0
43805,1359507201657871544,2026-05-04,"Great place to stay, nice neighborhood, and even during a holiday weekend Jaybee was able to accommodate our early check-in for a 30 pound fee for housekeeping. The place was well equipped and cozy. TV was nice. The only comment is that there were some ants coming in through the window. The bed was smaller, but as a couple where both of us are closer to 5 feet tall, it was manageable. Jaybee was helpful, communicative, and chill.",1
43807,1289024965006075182,2025-07-19,"We made an early check in for 10 chf, the machine errored while doing that but the stuff helped us immediately. The room was clean and everything. Only downsides are, there are no extra space to hang our clothes to. No hangers in the bathroom for towels. And it was kind of far from the old town but not too bad. The neighborhood was really nice and calm.",1
43827,1363567730866414028,2025-08-23,"William was very responsive and helpful. We were thankful for the umbrellas that we needed for a day when it rained. The location is optimal and central which is very convenient. It is right across from a restaurant so if you're a light sleeper, it may be an issue. However, we were tired after busy days and it didn't bother us much.",1
43831,1363567730866414028,2026-04-04,Perfect location! Enough space for a family of three without feeling cramped. Value was excellent and the arcade was a huge hit!,0
43856,1365390780556923493,2025-06-27,"We had a very comfortable stay. We had trouble with the TV not working, but the next day the staff rushed over and dealt with the problem. They were always attentive and polite so that we could have a comfortable stay. The area around the apartment was quiet, so we were able to sleep peacefully. Thank you.",1
43874,1289285601476859046,2025-01-01,"Jack was very nice and helpful! We felt a warm welcome ✨ He received us on the entrance and gave us a little tour to show us where everything was, the place is very good located right in the heart of the city and just a few blocks from HB plaza and a few min walk from some museums, hope to come back!(:",0
43882,1365390780556923493,2026-06-23,"The host was very responsive. I asked quite a few questions before and during check-in, and Jaybee was always available to help and responded quickly. The location is convenient, with the nearest tram stop just a few minutes’ walk away and less than a 10-minute tram ride to Zurich Central Station. The accommodation was also very clean. The only minor issue was that water could easily spill out of the shower area, even when the curtain was fully closed, but it was not a major problem. A nice touch was that they provided a portable fan, which was especially appreciated during the hot weather. If you’re into Korean food, I also highly recommend the Korean restaurant IMONE. It was really good and worth a visit.",1
43886,1367297956140988744,2025-08-16,"Great listing. We found no problem in checking in. The entire apartment was clean and spotless. The apartment however is in the second floor without any lift. So it might be a challenge for some, but the apartment itself was very good, airy and had lots of natural lights. The nearest Coop is right around the corner, so it's easy to find all the essentials there.",1
43887,1367297956140988744,2026-05-17,"The apartment was on the first floor, and the building has no elevator so can be hard for luggages. The room smelled of cigarettes, the light of one bedroom is broken and the hairdryer cannot be plugged to the socket. But the staff is responsive, however they only deliver the adapter the next morning. They did send vouchers as a apology for this tho so i can buy my own adapter.",1
43894,1367514025888517341,2025-08-12,It’s a very nice apartment and it was extremely toddler friendly (they had a crib ready for us). It is up 3 flights of stairs which was tougher for a more senior group and there’s no air conditioning so a lot of street noise with open windows and noise from the other apartments but the place was beautiful and in a good location and a fair price.,1
43897,1367514025888517341,2025-09-17,"We absolutely loved this apartment! Bright, airy and squeaky clean, it’s also right around the corner from the polybahn which was a simple and novel way to get right down to old town in 3 minutes! Loads of trams also took us everywhere we needed to go. Frederick was so helpful and responsive - a perfect host. The only thing we missed was a dryer as the machine was washer only. But that may not be relevant for all - otherwise the perfect stay!",1
43925,1367922572678879378,2025-07-29,"Nora and Christian’s apartment was extremely well located, we didn’t rent a car and even with luggage the main train station was <10mins walk. Several grocery stores were also very walkable and kitchen was well stocked (coffee maker, oven, microwave, fridge and freezer). Clean and quick communicators, would stay again.",0
43928,1367922572678879378,2025-09-14,"Nora's home was perfect for a short stay in Zurich. It was well equipped, clean, and very comfortable for our family of 4. The extra crib and baby changing table she provided were very nice touches and made it much easier for handling our infant. It's quite close to the train station (4 min walk) but there are either stairs or a steep hill to navigate in case you have a lot of luggage. Trams to the main train station are close by. I would highly recommend staying here for your next visit to Zurich!",1
43953,1367950400991889814,2025-06-03,"Nora was a wonderful host! The apartment was clean, cozy, and exactly as described. The check-in was smooth, and communication with Nora was always friendly and helpful. I’d definitely stay here again. Highly recommended!",0
43965,1367950400991889814,2025-08-07,The apartment is just 5 minutes walk-distance from the train station and easy to get in.The apartment is as the same as the photos and well equipped.The location is quiet.The apartment is really nice for a small family.,0
43983,1369404778733540687,2025-04-23,"My children (9 and 11 years old) spent 2 nights at Manuela’s apartment. The location was perfect, only 10 minutes by car away from the city center with lots of trees and beautiful surroundings. The apartment was exactly as in the pictures and very clean and well equipped. We would definately come back here for our next Zurich trip. We highly recommend it.",0
43985,1369404778733540687,2025-04-25,"The apartment was great for us. We were just two people, but there was plenty of room for two couples, if required. The bathrooms are modern and clean. When I say clean, I mean spotless. We walked extensively throughout the city. We went on a long boat ride and there are many fine restaurants in the area. Manuela the host was super cool and so very accomodating. She thoroughly explained all the functions of the apartment as well as the amenities. I consider this place as a stay anyone would love and it met all our needs. It even has a mountain view from one of the windows in the dining room. We also loved the balcony. I could only recommend she include more pictures, as the listing does not fully show what a wonderful apartment this is. We were pleasantly surprised.",0
44019,1290665018154625957,2026-02-06,Place was very nice and I really like how easy the host made the experience.,0
44069,1291405527803043442,2025-06-25,"Great location- hear the main train station and in historic area. Nice looking apartment, as seen in photos. Unfortunately, when we arrived, the housekeeper was still there. She was nowhere near done when we arrived, and rushed finishing. The apartment certainly felt like someone else had just been there. As mentioned by other reviews, the Airbnb notifications sent to us all say a 2pm check in, but the owner emails and says 3 pm check in. This needs to be addressed. Could be a lovely stay, if the cleaning is better dealt with. Perhaps we were just unlucky.",1
44081,1291405527803043442,2025-09-27,"Leonardo’s place is great- spacious, clean, and in a convenient location. Just be aware the bar next to the apartment is pretty noisy on the weekends!",1
44125,1370891393137182897,2025-06-02,"We stayed one night and it was a nice apartment. It was easy to find and the host provided clear and easy instructions. The apartment was very clean and spacious. It was able to accommodate six of us very well. The only downside was the stairs! Pretty difficult to climb so many stairs with lots of luggage so keep that in mind. Other than that, it was a great apartment. Also, perhaps having bottled water for guests would be helpful as we could not find any at any stores nearby as it was Sunday and everything was closed.",1
44136,1293424915673226058,2025-05-16,"Great for an overnight stay. As advertised, this place is a budget friendly option in a great central location near the station. The place looks new and fresh and blocks the noise from the street very well. Don't expect any services or much from the room (i.e. fridge, good pillows).",1
44149,1293424915673226058,2025-09-30,"This place is exactly as billed, no frills or services. And its reasonably priced, especially considering some of the other hotels in the area. Everything is done online or at a self serve kiosk. We had no trouble at all checking in or out. But the location is what was best, 5 or 10 minute walk from Zurich HB.",0
44167,1370891393137182897,2026-06-04,"We had a wonderful stay. The apartment was very clean, beautifully designed, and equipped with everything we needed. We especially appreciated having a washer and dryer, as well as an iron and hair dryer — these details made our stay very comfortable. The only small downside was that on very warm nights, when we needed to keep the windows open, it could get a bit noisy due to the nearby tram and occasional helicopter traffic from the hospital in the area. Other than that, everything was perfect. We truly enjoyed our stay and would happily recommend this place to other guests. Thank you for being a great host! 😊",1
44173,1371648129402275760,2025-10-19,"If you plan to stay here, the apartment is beautiful, modern and has all the amenities you need. If you’re staying here longer, there are shops close by 5min to pick up necessities. The station is very close and is one stop away from the city center however it is also an easy 20-30min walk for those wanting to explore the city.",0
44179,1371648129402275760,2026-01-18,"Dimiter was a good host - being very responsive and explaining all very well. The place was at a great location, very central and easy to reach. The apartment was spacious, modern and as shown at the pictures. Unfortunately, cleanliness of the place could have been better (e.g. dust, hair,..) which we shared with Dimiter who said that he will take it up with his cleaning crew.",1
44203,1372435353884053590,2025-05-10,"Great place to stay while in Zurich. The BnB is very well furnished with all the amenities and is very close to train and tram stations. In rare case you find something amiss, the hosts are super responsive and will resolve the issue fast. Awesome place, will definately recommend to Airbnb community.",0
44216,1372435353884053590,2026-01-30,"We really enjoyed our stay. The apartment was clean and there were nice towels for us to use. The house was equipped with what was needed. The apartment was a little bit outside of the city center, but there is public transportation super close by.",1
44223,1294080514837667808,2026-01-27,"A lovely place with all the amenities you could need, including underground parking for a car which was a blast to use! The kitchen is fully equipped and there is a washer and dryer as well! The space is tastefully furnished and decorated and should provide a convenient, enjoyable, and comfortable place to call your temporary home when you visit Zurich.",0
44256,1372520565720638839,2025-08-16,"Thanks for a lovely stay! It was a HOT week in Zurich, but the flat was lovely and we had a great time seeing the city!",0
44260,1372520565720638839,2025-09-10,"The place was spacious and very clean. We enjoyed our stay here. The apartment was easy to find. The only thing there isn’t a lift which makes a bit difficult for the luggages. Also, the parking is on another location where you need to walk to go",1
44292,1373937967992607203,2025-04-21,"We loved the apartment, it was very clean and comfortable. We really enjoyed our stay. It's close to the city so that you can walk to the centre but also in a quiet street with beautiful trees. Close to the river, too, for nice walks.",0
44310,1295447770657587670,2026-05-10,"We spent about a week in Giancarlo's Stork 21 apartment. It was at the perfect location, we found the unit clean, comfortable, and quiet. However, there were some unresolved plumbing problems, and it took days to get wifi.",1
44325,1295750377517383903,2025-10-25,"This was one of the best stays I have ever had! The pictures are beautiful but they don’t do this place a justice. Just book it and see for yourselves. Look nowhere else! Location is perfection, and the apartment itself is perfection.",0
44328,1295750377517383903,2026-01-23,"We had a fantastic stay at this central apartment in Zurich. The location is unbeatable — everything is within walking distance, from lake to shops, restaurants, and public transport. It made exploring the city effortless. The apartment itself was spotless, modern, and thoughtfully designed. It had all the amenities we needed, and the bed was extremely comfortable. Despite being in such a central area, it was surprisingly quiet at night, which we really appreciated. The host was friendly, responsive, and provided clear instructions for check-in and local tips that made our trip even better. It truly felt like a home away from home. We would absolutely stay here again and highly recommend it to anyone visiting Zurich.",0
44354,1373937967992607203,2025-09-15,"Nice but small appartment outside the city, but in walking distance to Zurich HB from where you can easy come around in whole Schweizerland and see the mountains like we did. jaybee is fast to respond if you have questions, but the flexible checkin plan and easy to understand instructions and pictures did that not many questions was needed. we had a great stay!",1
44369,1295784270216035840,2025-08-10,"We had a great stay and would recommend to other travelers, friends and family. Location; great location, a few minutes walk from the main train station. 15 minutes walk to old town and all shops and restaurants. if you are traveling with large luggage or strollers or it is hard to walk uphill- the entrance is up the street at an incline. Not super steep but worth noting. The home; exactly as described and like the pictures. Very clean and comfortable. The AC units worked very well - it was very hot during our stay in Zurich and it was nice and cool in the apartment. Overall I would stay again",1
44408,1374028457070106942,2026-01-03,"Superb, spacious place in Zurich’s Old Town, tastefully furnished and very comfortable. The host was great, helpful, responsive, and easy to communicate with. The apartment was spotless, and we were pleasantly surprised by the thoughtful amenities, from fresh flowers and nice bath products to useful kitchen essentials. Fantastic location. Would absolutely stay again.",0
44413,1374028457070106942,2026-02-08,"Anna`s place match description and was perfect for our stay. Very close to stores and restaurants and very comfortable. I would only add that it is located at the top floor of the building and does not have elevator. So, people with heavy luggage and/or special needs might struggle a little. Also, the shower head in bathroom is strangely positioned at 1m of height or so, which makes it weird and a little tricky to use. Positive highlights to the living room (lots of space and very well decorated) and kitchen (modern, clean and fully equipped). I really recommend the stay!",1
44425,1295784270216035840,2025-12-19,"The apartment is very close to the train station and is easy to find. It was kept very clean and was good for our family of four. The apartment can get quite warm even with the thermostat turned all the way down, so we needed to keep windows open while in the flat. There was also a small alarm going off in the lobby of the building 24/7 which unfortunately we could hear while trying to fall asleep. This is not an issue with the apartment itself. Overall we had a good stay and we’d likely stay here again.",1
44431,1374434543156491281,2025-06-17,the place is amazing. very cozy apartment and kitchen with everything you need if you want to cook. the only thing is there is no screen on the windows. so if you want to open the window in the evening be prepared for mosquitoes in the summer🥲,1
44434,1374434543156491281,2025-09-17,The location and the luxury qualities of the unit makes this one of my favorite Airbnb properties we have rented. I would recommend and stay here again.,0
44456,1296932865753936748,2025-04-20,"What a great spot in Zurich! Our family enjoyed being away from downtown and exploring this neighborhood. The view of the Lake was stunning, the access to nearby playgrounds and public transit also great. The place was old-style-AirBnB in that we could tell the hosts usually lived there, which made it speciall and homey. It was lovely to open the windows and get a breeze.",0
44457,1296932865753936748,2025-05-17,Perfect location and a beautiful walk along the lake. Direct train to and from the airport and Zurich city. Spacious apartment and it’s worth noting that there are a lot of stairs to the top floor (no lift) and it is their home so you must be respectful.,1
44472,1377698168315160152,2025-12-29,This 5th storey apartment is beautifully decorated and spotlessly clean. The only issue we had was it was very noisy; we could hear every footstep from the apartment above making it difficult to sleep.,1
44482,1377698168315160152,2026-03-23,"- Unit was not ready past check-in time. - Moved to another unit because the unit was not ready, but the other unit was not clean either. Oily and dusty floors, smelly unit. - Miscommunication between the host and the cleaner. Messed up. - No responses after sending a few questions prior to stay. No communication about check-out process.",1
44496,1378922953400753566,2025-07-23,"Just loved the apartment, right outside of the hustle and bustle of Zurich. We had no problems getting around via public transportation. Switzerland really got it right. The bed was quite comfortable. The air conditioning worked very well and appreciated the Dyson fan to keep the cool air circulating. Reto did a great job staying in communication with us to ensure we had no issues. We had everything we needed and would definitely return when we visit Zurich again.",0
44500,1378922953400753566,2025-11-13,"We had a great time in Zurich at this cute and cosy Airbnb. The place was located perfectly for and was so wonderful with the vineyard near by, it was quite picturesque. Public transport was extremely close with a tram just up the hill less than 200m I think. Retro was a great host and made our stay very pleasant.",0
44511,1298298894833540642,2025-12-14,"Loved this place! Was VERY clean and comfortable bed. Had a little hiccup at check-in due to the fact that my key had not been in the lock but the hosts were very unresponsive and were able to have someone give me the key in 45 minutes. The best location and everything worked! Just remember to bring your own cleaning supplies + coffee + tea + shampoo, etc... as the place only had 1 small bar of soap! Overall loved this place and would come back. Clean and tidy.",1
44521,1381156260952811163,2025-04-26,"Raphael is a fantastic host - everything from the start was smooth, quick, and professional. The apartment is cozy, well-equipped, and perfectly located, just steps away from Lake Zurich and within walking distance to everything you need. We felt right at home and will definitely book with Raphael again!",0
44527,1381697723340644458,2025-06-25,great apartment and great location. amazing guests very helpful and responsive. would recommend the apartment to anyone who wants to live centrally in Zurich with great connectivity and nice neighbourhood with greenary and parks around.,0
44537,1298378153900606182,2025-09-28,We had a lovely stay. Location is really close to the train station. The apartment was very clean. Alexandra was really helpful with recommendations of places to eat and things to do in the area and gave clear instructions to find and access the apartment. Thank you very much,0
44544,1298378153900606182,2026-05-30,Extraordinary! Fantastic location surrounded by supermarkets and restaurants. Just 1 minute walk to the train station. You will never miss a train staying at this place.,0
44551,1298781639163040216,2025-03-22,"The apartment is exactly what you see on the pictures. Not a big one, but the space is well arranged. The bed is super comfy. The view from the window is really stunning. Walkable distance to the old city and other attractions of Zurich. Luigi replied super fast, in my case it was just in minutes. I needed to have a late check- out, and Luigi was extremely nice to let me leave my suitcase in the apartment though it was not super comfortable for him, I guess, as he was returning home from his trip the same day. Overall I enjoyed my stay and will be happy to stay at Luigi’s place next time in Zurich",0
44567,1298781639163040216,2026-05-24,"We had a great stay! The place was in the most central & convenient location, remarkably clean and well-put. It felt as taken care by truly professional hosts. They have also been so friendly and always responsive. I can’t recommend it enough - we’re definitely staying again there in our next visit. Thank you so much!",0
44575,1381697723340644458,2026-05-19,A very spacious apartment not too far from Hbf. It was clean and accessible with lots of balconies and open spaces for natural light and fresh air. Only had small trouble in finding the apartment in the maze of buildings and the huge commercial center which makes the entrance a bit obscure. Also there were no basic amenities like tea/coffee/soap. Would be nice to have it for short stays especially.,1
44585,1381835367024932406,2026-03-08,"We were very satisfied with Frank and his team. Their communication was excellent and they were always helpful. The apartment was big and had everything necessary. The location was good as everything was a walking distance away: shops, restaurants, etc. The heating is unfortunately central and you can adjust the heating only to a certain point. The apartment was too hot for us, especially at night and sleeping with an open window was a bit noisy. As well often the elevator smelled strongly of weed and that was a bit unpleasant, especially with a small baby.",1
44588,1381835367024932406,2026-06-05,"The apartment is in a good location, but there are a few areas that could be improved. Upon arrival, it did not appear to have been thoroughly cleaned: the floors needed attention, some coffee capsules had been left behind, and there were visible marks on the windows and mirrors. One of the bedrooms faces the street and can be quite noisy when the window is open, while the other bedroom is much quieter. The apartment is functional, but it would benefit from some renovation and a more welcoming interior to make it feel more comfortable and homely.",1
44612,1382253803866510037,2025-09-19,"Fantastic Zurich Stay at Cher's Apartment We thoroughly enjoyed our time here! Cher is a very helpful host, and the apartment delivers on quality and convenience. The Upsides: Unbeatable Connectivity: Bus, tram, and metro stations are all just 5-7 minutes away on foot. Spacious, High-Quality Kitchen: The kitchen is large, and all the appliances (fridge, induction, dishwasher) look brand new and work perfectly. Thoughtful Amenities: The apartment includes a great Marshall speaker and a much-needed travel adapter. Added Convenience: Cher offers luggage storage in the basement cellar. It's a nice, spacious 2-bedroom apartment. The Only Note: As noted in the listing, the apartment is located on the third floor of the building. We had a great time and would definitely stay again!",1
44629,1382253803866510037,2025-12-21,"A clean and beautiful apartment that we have the pleasure of staying 2 nights in. Do note that there is no lift in the building and the apartment is located on the 3rd floor which may not be that convenient. However, everything else was perfect! Thank you for hosting us.",1
44649,1401478708570943132,2025-07-15,"The apartment was very clean and spacious. The location couldn’t be better to get around Zurich. All the best bars and restaurants are very close. It does mean the street noise is rather loud, so over the weekend you can hear the partying. We loved having the washing machine and dryer. They are brand new and great for longer stays like ours. The TV has Netflix and the internet was very good too. Communication was really good. However, the mattress for the bed is firm and not that comfortable, so we didn’t sleep too good. But there were far more pros than cons.",1
44667,1401478708570943132,2026-05-26,"The apartment was also quite nice and close to Zurich HB main station, as well as the tram stop and Coop supermarket. However, the Wi-Fi always disconnecting, and the equipment was limited. For example, the shower screen should be repaired for improvement.",1
44689,1401483962721606971,2026-05-12,"Perfectly clean and quiet, a well-organized and tidy space with room for two to relax. A very comfortable bed, plenty of air and light. I especially appreciated the fans in the bathroom and laundry closet. Good restaurants, museums, markets and bars are all within easy walking distance. Street life is lively but not noisy. A delightful experience!",0
44691,1401483962721606971,2026-05-31,"We had a great stay! It was nice to have a washer and dryer to use. Area was quiet after 10p even though there were several restaurants and bars in the area. Great location to old towne, the river and lots of restaurants a d cafes. No air conditioning but they provided a fan which worked adequately as it was unseasonably warm while we were there. Something to note is: cabs are not able to drive down the street between 11p and 5a.",1
44701,1384828896083782601,2025-06-22,"The apartment was in very clean, as advertised, and in a great location close to lots of transportation options that made it easy to get around Zürich. The hosts were accessible and made check in and check out really easy. We would definitely stay here again!",0
44702,1384828896083782601,2025-07-10,"We really enjoyed our stay in this spacious, modern apartment. The layout was open and bright, with large windows that brought in lots of natural light. The beds were very comfortable, and everything was clean and well maintained. The only thing we missed was having a washing machine for our clothes. The location was perfect—peaceful yet with easy access to trams that made getting into the city quick and convenient. A great base for exploring Zurich!",1
44726,1384907123065356051,2025-07-24,"Sage suite was the perfect place for us. Spacious, clean, and close to everything. We walked to old town, the FIFA museum and amazing food. Train station is very close. The public transportation is easy and right outside of the apartment. When it was time to leave we walked maybe 20 yards down to a tram stop and jumped on one straight to the airport. Location is amazing and so is the apartment. Thank you! Hope to be back someday❤️",0
44727,1384907123065356051,2025-07-26,"Friedrich was a good host, very responsive. The flat is nicely appointed, and the beds were comfortable. The flat is right next to a major street with public transport running by, but it’s not an issue unless you have the windows open. We stayed in the summer when it was warmer at night, so it would have been nice to have a cool breeze from the open windows, but the noise would have been too loud. We utilized the fans, however it was still somewhat warm. But the location was very ideal for our family of three kids, with a public transport stop very close by. We were also able to leave our luggage in the flat when we arrived in the morning, which was a big help. Nice flat overall.",1
44753,1402863237069224854,2026-03-19,"Nice location, walking distance to train station and supermarkets. The host answer ed what I questioned, but it took long time for response. The place is neat, however, the handheld shower is a bit weird that another shower will be turned on and released cold water after shutting the small one off by pressing it harder. Because of this, I had bad showering experience.",1
44756,1402863237069224854,2026-04-11,"Me and my family had a nice experience in this stay, it was very centric, useful. The bed was comfortable but the sofa bed not so much ^^ either way, we had a good rest. I recommend it.",1
44784,1388276941144685150,2025-05-20,"The apartment was as listed and matched the photographs shared. Very spacious, lots of light, ventilation across the apartment. Location is very central, bang opposite the Silhcity mall and only a few tram stops away from the main high street / shopping destination in Zurich. The tram stop is right outside the apartment. An excellent supermarket attached to the same campus with a few eateries was a bonus. The host was responsive. Overall highly recommend.",0
44788,1403371012118427267,2025-07-23,"Dogan was very responsive and nice. He was kind enough to accommodate an earlier checkin which was appreciated after our long trip. The apartment was very clean and spacious. Definitely big enough for 4 guest. However, it would benefit from additional pillows and blankets. There weren’t enough for all. The location is next to public transportation but not too close to old town if that’s a preference.",1
44789,1403371012118427267,2025-08-02,"Absolutely beautiful apartment in a great location! There's a well-stocked Coop grocery store right outside the apartment, which worked really well for us as the kitchen was quite nice. The apartment is also right outside a tram stop that takes you right to Zurich HB, the main train station in Zurich. Dogan left very clear and easy-to-understand instructions for check-in and we got into the apartment with no problems. The apartment also has a great sound system and television! Important to note that there wasn't soap in the apartment, but this wasn't a problem as we had brought our own.",1
44801,1388276941144685150,2025-11-06,Lots of room in this flat for our travelling family of 4. Great park out back and shopping centre across the road. Nice neighbourhood with easy short tram ride to the old town. Nice stay.,0
44810,1389841069217702222,2025-06-19,"Giancarlo’s place is located in central part of Zurich, in a beautiful, clean and quiet residential neighbourhood. The tram station is only a 2 minute walk from the apartment, and within a 10-minute walk, you’ll have the lake with a few surrounding bars, restaurants and shops. The apartment is very clean and it has a gorgeous balcony. The only downside was the fact that the elevator was not working during my entire stay, which made going up and down the stairs difficult for me with my knee injury. Other than that, I was very happy with the place.",1
44821,1406436236711530744,2026-05-10,"unfortunately we didn't get to meet dila whilst in zurich, but andres was the perfect host - he was welcoming and incredibly helpful during our stay, and was always quick to respond to any questions",0
44823,1406436236711530744,2026-06-28,"Dila and Andres are the best hosts! On a hot day in Zurich they brought me along to swim in the river and attend a concert :) I truly felt welcomed as their guest and had the most amazing time in such a short visit to a new place. I highly recommend staying with them, they are wonderful people! (plus they have an amazing cat Sophie🐈‍⬛)",0
44845,1407461350686112319,2025-09-21,"The apartment itself was fine — as shown in the pictures, and the location is good. No major issues with the space. However, I had a negative experience with the host. From the beginning, he did not provide clear instructions to enter the building. At the end of my stay, he pressured me to leave a positive review and even threatened to leave me a bad review when I said I would be honest. He also claimed I didn’t leave the apartment clean, even though he admitted he never checked it himself. The place is okay, but I cannot recommend the host’s behavior.",1
44853,1407461350686112319,2025-12-06,"We booked very lastminute, and this was a good option in terms of location and convenience. The apartment was a bit dated but clean. You could also hear the street traffic, tram and sounds within the building quite well. We had asked for separate beds but the sofabed isn’t really suitable - Its on the floor and came without any topper so little comfort. The double bed was comfortable, so I’d recommend this for a couple that is out and about a lot.",1
44861,1390536735965591301,2025-10-30,Great location Cozy apartment and easy access to the central,0
44862,1390536735965591301,2025-12-06,The apartment was exactly as shown in the pictures. There is everything you need for cooking but there are also restaurants within walking distance. It is a short walk to the city center but there is also a tram stop right next to the apartment and the public transport here is easy to navigate. Over all we enjoyed our stay and would love to come again!,0
44900,1391291890970980263,2026-02-19,"It was a good location, nice place very clean but there was construction going on outside and on the floor beneath the apartment while I was there.",1
44922,1408153696591021405,2025-06-26,"We had a lovely stay in one of the City Stay apartments - keep in mind there are clearly several that differ from the photos. The location is wonderful - super short walk from the HB and main city sights. The apartment is old however with a very crammed bathroom, but for the price, worth it for a short stay.",1
44933,1408153696591021405,2025-09-30,No elevator. This should be very clear to other guest because if you have large luggage’s as we had it’s painful depending on the floor. Smells from other people’s apartments and it came into our room. Room also had a smell when we first came in. Toilet seat looked dirty. It wasn’t cleaned correctly. Had spots all over it. The price I paid for a 1 bed with 1 bathroom it would be better at a hotel for same price. Basically it was a hotel and The only difference it had the tiniest kitchen which was a tiny sink and tiny stove top. We didn’t cook so we regretted not opting for a hotel and avoid the smell and no elevator. Internet was horrible and it eventually stopped working and they never fixed it.,1
44939,1391291890970980263,2026-05-12,"The Airbnb property is located at a very good and convenient location, which made travelling around very easy. The amenities provided were also well-equipped and suitable for families staying together. However, the only noticeable issue during the stay was the unpleasant smell inside the property, which could be improved for a better guest experience overall.",1
44950,1391874430994508855,2025-12-01,"Had a lovely stay at Merlin’s place. Merlin and the other tenants were super friendly and forthcoming and Merlin had lots of good recommendations about Zurich. Merlin was always quick to respond in case of questions and the check in and check out went super smoothly. The house is a beautiful old building with lots of charm and the bathroom is renovated really nicely. However, while the floors were super lovely to look at some of the planks are also quite squeaky, which is quite common for old buildings but something someone who is super sensitive to noise may struggle with. If you’re sensitive to light like myself you’re all set though - the blinds world quite nicely. I had a great time at Merlin’s and would stay there again.",1
44952,1391874430994508855,2026-05-17,"This stay was amazing! The room is in a shared house, so can be noisier at times but the housemates are incredibly kind and respectful. One even took the time to show me where the washer was and teach me how to use it.",1
44955,1392947522744345396,2025-06-09,The space is beautiful and looks exactly like the photos! Carla was very responsive and helpful with any issues/questions. The only unfortunate thing was that there were no towels available for guest use in the space. This was inconvenient but we knew about it beforehand as we had asked her. Overall very well kept and pretty apartment with great access to central Zurich via public transportation while remaining peaceful,1
44959,1409530675633456836,2025-09-13,Convenient location but the room is a little bit dirty and the shampoo was empty when we checked in.,1
44969,1409530675633456836,2026-03-23,This is a no frills apartment and you’re constantly reminded of this when there. AI slop art stapled to the wall No hand/small towels provided. Posting advertised a wireless charger but there wasn’t one so we had to go buy a converter. Included travel wifi was nice. Loud sounds all times of day/night. Sad looking room but in a convenient location. I’d say you get what you pay for but it’s not cheap either so 🤷‍♀️,1
44985,1394171162084997631,2025-05-15,"This studio is in a wonderful location, very central in Zurich and easily walkable to restaurants, shops, bars, Lake Zurich. It is also very clean, simple, but has what you need. However, as it is so central and with 2 churches nearby, there is quite a bit of noise, and church bells ring twice an hour. While I was there, there was also construction going on outside, so there were metal slabs covering the pavement, and when cars and vans drive by, it makes a lot of noise. Unfortunately the windows are not double glazed so you hear all the noise. The noise started already at 5am with delivery trucks.",1
44986,1394171162084997631,2025-06-02,"The apartment is small, but very central with everything walkable. It had everything I needed, good bed, good internet and access to a washing machine. The agents were very professional. Always communicative, well-organised and responsive. Check in was done by code/key box and very smooth. Unfortunately, my stay was affected by noisy roadworks outside which was clearly announced inside the building, but not communicated to me. The agents were understanding about this and were quick to come to a suitable compensation agreement. All in all decent value for the accommodation and position.",1
45001,1416012662850044379,2026-03-17,"Good location surrounded by lots of shops, restaurants, and things to do. The main train station is even a 5 minute walk, which is great. However, the room I was given did not match the photos. It felt held together, and a vent cover was even held up by tape in the bathroom. Quite costly for a place of that quality. Safe and an ok place at best. 3 stars for me.",1
45009,1394246341800020789,2025-10-24,"An old and a bit shabby, but clean and spacious apartment. The only negative surprise was the 4th floor and no lift. Parking was easy to find on the street, but the city of Zurich hasn't made it easy to get the permit so it is recommended to check the process in advance. There is also a bus stop cross the street.",1
45010,1394246341800020789,2025-12-22,"Great location, really close to train station and the airport however the sink was block through out my whole stay. Struggled with the heating other than that it was okay. Very clean",1
45014,1394371538394035889,2025-05-29,"Nice stay overall. The place is a bit small, but the location is excellent — very central and convenient. Comfortable and had everything needed for a short stay.",1
45020,1394371538394035889,2025-08-12,Jaybee was a great host and very responsive. He was able to accommodate a late checkout for us and since our flight was at 5:45pm we found it really helpful to have somewhere to keep our luggage till we were ready to leave Zurich. Place was extremely clean and had all the listed amenities. The location is best for a couple. We are a small family of 3 and found the space not quite enough but the listing says that it’s suitable for 2 so trust that. Overall we had a wonderful time and felt secure in our location. Thank you Jaybee!,1
45041,1419497181236649943,2025-07-04,"I LOVED staying here! I was only in Zurich for 12 hours and had 3 hours to explore the city before getting ready for bed and an early train ride the next day to Germany. Maxi was so friendly, helped orient me to the city, get an affordable train ticket and feel comfortable in Zurich. I would highly recommend staying here. Plus, the bathroom was so nice and the bed comfy! 5/5 stars!",0
45042,1419497181236649943,2025-07-09,"I had a wonderful experience staying here! The view was absolutely stunning, and the location was perfect—just a short walk to the tram stop, which made it easy to get anywhere I needed to go. The host was incredibly nice, responsive, and helpful throughout the entire stay, which made everything smooth and stress-free. I’d definitely stay here again and highly recommend it to anyone visiting the area!",0
45070,1420101503676059547,2025-06-15,Nice place! To get into the city you need to drive but the location of the Airbnb is quiet and a good place to stay!,1
45074,1420101503676059547,2026-05-27,The location is great and the neighbourhood felt peaceful and safe. The host responds fast if you have any troubles. The walls are very thin so you can hear conversations and foot steps from the neighbours in the evening and early morning but the neighbours seem to be quiet and calm so that doesn't bother too much. The apartment looked exactly like in the pictures. All the beds are though queen size (I think one was mentioned to be a king size). Some improvement in the cleanliness of the apartment would be very much welcomed but otherwise we were happy with our stay.,1
45078,1395608822175502310,2025-09-11,"This was an excellent stay. I looked at the reviews beforehand and didn’t have a as much of a problem with heat, the temps while I was here were in the 60-70s Fahrenheit during the day, but the door being able to open and the fan on made the room comfortable. The location is so walkable and close to tram stations, and extremely convenient to Zürich HB. The room was clean. No complaints and I would stay here again! (Solo, able-bodied, female traveler for context)",0
45079,1395608822175502310,2025-10-01,Dimi is a great host and the flat was perfect for a few days stay. Thank you!,0
45104,1420191461025775610,2026-06-05,"We stayed at Giancarlo’s place for 4 nights, and absolutely loved it. The apartment was spotlessly clean. The neighborhood is walkable and very convenient to the center of Zurich. We didn't need to work while staying, but the separation between the bedroom and living room would make it an ideal apartment to work from. Giancarlo was immediately responsive and provided all the information we needed. We hope to be back!",0
45112,1420205425643144369,2025-12-25,The tram stop is right in front of the apartment building. The apartment is cosy and clean with beautiful skyline view. Maxi is responsive and he checked in with us regularly. The only information that was inaccurate was the tram number. It was not the fault of Maxi as there is a change of tram number from 4 to 51 due to construction until Dec 2026 It will be helpful if this piece of information is updated so that the next guest will get to the apartment safely.,1
45123,1395644124425314020,2026-05-03,Very nice and friendly person! It is walkable location from the main station :),0
45125,1395644124425314020,2026-06-06,Stayed here overnight and was super pleased with how accessible this was to the AltStadt/Downtown area. This is a basement unit so you have to navigate down a small walkway and downstairs but the instructions and accompanying pictures made it super easy. There was also a small dehumidifier/cooling unit in the room which I appreciated. Room was as described. Thank you!,0
45131,1397547202113912118,2025-07-28,"Kathrin‘s place is small but very nice and cosy. It‘s nice situated, near the lake, in the green but still within the city.",0
45139,1397547202113912118,2026-06-22,"Everything was perfect. We had a last minute change to our plans, and communication went seamlessly with the host. The apartment itself was super cute, and stayed noticeably cool during the day, even with a heat wave washing over Zürich. I would highly recommend this listing.",0
45145,1399442494628728301,2025-06-25,"We really enjoyed our stay in Zürich at Dominik’s place. He was very responsive, flexible with the check-in and had very clear instructions about the place. This tram stop was literally a minute walking distance which made it very convenient for us. The place itself is clean, very beautifully furnished and very comfortable. The only thing I will add is Switzerland gets hotter than what I thought and there is no AC in the apartment. We just made sure we closed all the windows in the morning and put the blinds down before leaving the house. And then we opened the windows in the evening, which helped with the breeze coming in. There are also floor fans in every room which greatly helped. overall we had a wonderful day.",1
45147,1399442494628728301,2025-07-31,"Great location, plus 1 min away from the bus stop to get a bus ride straight to the airport. Supplies and amenities more than complete! Amazing! I would highly recommend this place to my friends!",0
45165,1400015173970010034,2025-05-15,"I enjoyed my stay here. It’s a beautiful 2 bedroom apartment that was very spacious, clean, and had everything you might need while you stay there. The only room for improvement was that it wasn’t ready by check-in time.",1
45173,1421080372360201323,2025-07-13,The apartment was gorgeous and in a great location - public transit to the main area of the city wasn’t too far and there were plenty of cute shops and restaurants nearby. We also had our flight to Zurich get cancelled from the US and Johannes was very patient and communicative with us as we tried to find another flight (ended up going to Frankfurt and training over). Lovely place and host!,0
45179,1421080372360201323,2026-02-16,Beautiful apartment and perfect location! Unfortunately there was some problem with the hot water during our stay but Johannes was very helpful about it,1
45198,1400015173970010034,2026-05-08,Great place to stay if you want access to both the central train station and the beautiful old town in Zürich.,0
45205,1434088389367203201,2025-11-09,"Absolute pleasure staying with Heiko, he's super responsive and super friendly person I would definitely stay in the future with. Thank you so much for your hospitality, hope to see you soon",0
45210,1434564911054884951,2025-07-24,"Simon resolved an issue we had promptly, and always quick to respond. The inside of the property was clean and tidy. Heads up that the outside of the property is currently a building site, literally. This is covered by the owner’s description, but for this reason alone we couldn’t recommend it at the moment.",1
45212,1434564911054884951,2025-08-04,The apartment itself is clean and comfortable. It is located close to the train station so has the expected noise level. Check in instructions from host are very clear and information about the state of building was accurate. Not really equipped to cook meals - lacks basic cooking equipment other than pans - e.g a wooden spoon or something similar for cooking. Not even salt or oil are provided as was described - just a half used sachet of sugar. Coffee and milk were provided however which was helpful.,1
45218,1434607346337559861,2025-07-20,"The apartment was very nice, and the location was quite good, close to the train station. Unfortunately, it was on a specific, party street. If you don't like that kind of atmosphere, we don't recommend it. Some of the information in the listing description was inaccurate. There was a lack of salt, pepper, oil, and, most importantly, toilet paper. Half a roll of toilet paper for four people for three days was an absurd amount.",1
45224,1434619051514426570,2025-08-07,The price for 1 night was to high and the rest is good we left early morning at 5:40 to train station we had the train early morning. But the people in nearby restaurants and bar has too much noise all night long we could not sleep.,1
45227,1434619051514426570,2025-08-26,"We only needed a place for one night before flying out and it was a great location near the train station for easy access to the airport. Any sort of food, drinks, and groceries were extremely close-by. Although the building was under construction we had not issues with conflicting noise or cleanliness. The flat is vey spacious with huge rooms and clean kitchen but there is very limited utensils or serve ware if you are looking to make any of your own food. The location is noisy and would not have been a problem except that there was no air conditioning and all the rooms were very hot at night. Keep that in mind for longer stays.",1
45245,1434630732472438288,2025-08-29,"A few days before our stay, the host informed us that the original apartment was unavailable due to water damage and offered an alternative on the fifth floor, which included a third bedroom. The replacement apartment was very clean, comfortable, and well-suited for our group of five. Its location was ideal—just a 10 to 15-minute walk to the train station. The only thing to note is that it’s near a bar, so light sleepers may want to use earplugs at night. Although there is ongoing construction in the hallways, it did not impact our stay. The hosts were responsive and attentive throughout the entire process, from booking to checkout. The apartment looked exactly as shown in the photos.",1
45256,1423760289581822487,2025-07-24,"Quiet and clean apartment that I'd happily recommend, however please pay close attention to the ""no frills"" element in the description. The kitchen equipment and accessories are very basic and cooking for a hungry family is a bit of a challenge. That said it is in a quiet location and well located for trips in and out of Zurich.",1
45265,1434630732472438288,2026-05-31,"Beautiful place, clean and perfect for a group of four. The location is excellent very close to Zürich HB and the city centre, making it easy to get around. The apartment is right in front of bars and the train station, so there can be some noise, as mentioned in the listing. However, once the windows are closed, the noise is minimal and we were able to sleep peacefully every night. The host was amazing very responsive, quick to reply, and extremely helpful throughout our stay. They even allowed us a late check-out, which we really appreciated. Overall, we had a great experience and would definitely recommend staying here",1
45272,1435136232470041921,2025-10-19,"The apartment is comfortable for a family of four, bright and clean. The kitchen is well equipped (including a dishwasher) and there is also a washer/dryer. The location isn’t bad though there isn’t much to do in the area however, it has good connections, making it easy to get around the city by car or public transport. On the downside, there aren’t enough parking spaces available in front of the building and they’re usually occupied. The nearest covered (paid) car park is about a 10–15 minute walk away (45 CHF per night) If you’re staying here during the autumn or winter months, ask for the heating to be turned on before your check-in to avoid getting cold. Apart from that this is a good place for a short stay. I’ll recommended.",1
45276,1435136232470041921,2026-04-20,"We enjoyed our stay at Friedrich’s place in Zurich, it was a nicely located flat a short walk from a vibrant little centre of bars and restaurants, with really easy S-Bahn connection to Zurich Main Station. The flat is really nicely furnished, but the flat itself is a little tired and could do with some TLC. The floorboards in the main bedroom were comically creaky, and the kitchen could do with a few additions to make things easier (frying pan, chopping boards of a decent size, tea towel). It did the basics well enough, but for the price of the flat you’d expect a bit better. That said, the hosts were really friendly and responsive and the flat served us well whilst we were in Zurich.",1
45279,1423760289581822487,2025-11-30,"We really liked the apartment. It's an old house, but a very nice apartment with a lot of space and almost everything you need in the kitchen. Unfortunately, there's no designated parking spot, but we could always find something nearby - it's generally complicated in Zürich anyway. The host was very friendly and responsive.",1
45291,1424546046232962141,2025-07-18,"The apartment is very well located in central Zurich, with easy access to restaurants, grocery stores, and public transport. However, parking can be a challenge if you're traveling with a car—it's limited and quite expensive in the city center. The apartment itself is comfortable but could use a few small improvements. A coffee pot would be a great addition, and the bathroom could be better equipped—there’s only a short towel rack, no hooks, and no shelf for toiletries. The wifi could be spotty at times. That said, the host was responsive and quick to answer our questions, which we really appreciated.",1
45297,1424546046232962141,2025-08-24,The 24 hours we spent in Zürich in the Appartement were quite comfortable and we were able to relax on the terrasse. The kitchen needs extra utilities if more time is to be spent and if cooking is planned.,1
45301,1435136294353774095,2025-12-11,"Well decorated, clean, comfortable, and cozy! Loved this place for a few nights in Zurich. Easy to get to the train station with one stop to main station.",0
45305,1435136294353774095,2026-06-22,"overall a good stay, the apartment was on the top floor and exceptionally hot. However, instructions were clear, communication was good, and the location was what we were looking for. just be warned if you will be there in warmer months, our room was an attic space and understandably very warm.",1
45318,1424779962296227710,2025-06-22,very lovely place! the loft was very clean and had everything you needed and also the host was very super nice. would come back anytime :),0
45321,1424779962296227710,2025-09-21,It was an absolute beautiful apartment and we really enjoyed the quiet and spacious stay. Yvonne was very response at all times and I will come back to the apartment again if I visit with family next time,0
45324,1425864312698080083,2025-10-05,The place itself was fine but the quality of your stay also depends on your roommates. This time I got unlucky so the place was pretty dirty (kitchen/bathroom etc.). If you want anything cleaned or fixed please be proactive - the host is very responsive once you initiate the request. Other than that - location is great and decent price considering it is central and well connected.,1
45335,1435136412474822929,2025-08-30,The apartment is very nice. Lots of space to enjoy and relax in. Location is a short distance out of the central hub of Zurich - but there are plenty of busses/trains/trams ect to get to from town easily and quickly.,0
45341,1435136412474822929,2026-03-28,"Fantastic stay, we highly recommend! The apartment was excellent, very clean, comfortable, and exactly as described. The host’s communication was outstanding throughout, making everything really easy from check-in to check-out. We’d happily stay here again!",0
45352,1426745534651714512,2025-08-09,"A very nice place overall, the place was very new. A bit far away from central, but tram connections are good and fast.",1
45369,1435136471242777166,2025-12-29,"This property was professionally managed and well-suited to our family for our 5-night visit. The kitchen was suitable for the minimal cooking we did (however, we could not figure out how to use the oven). The layout with three bedrooms and a large living room was very comfortable. The location was good with two grocery stores within a 3 min walk, however it is not located where we spent our time while in Zurich, but it was close enough for us to access all of those places.",1
45379,1435136471242777166,2026-05-17,"We had a wonderful stay in the apartment. It was quiet, and public transportation to the city center was convenient and nearby. The apartment matches the photos. It was quite clean, and all the listed amenities were present. The assigned parking spot was hard to find at first, but the host responded immediately to our message. In summary: highly recommended!",1
45388,1426745534651714512,2026-05-24,"Great apartment! It was very spacious, the sofa bed was comfortable, and check-in was easy. The location also has good public transport connectivity. Steven was also very quick to respond. The only minor issue was that there was no shower gel in the bathroom, but overall, it was a wonderful stay!",1
45395,1435136529048616818,2025-09-07,"The place was perfect!! It was well located, and it was just as in the pictures Frederick was helpful and reachable The only comment I have is that the place smelled like cigarettes (perhaps from the previous guests so not Frederick’s fault) but after a little bit of air everything was better Highly recommended",1
45400,1435136585408989704,2025-09-18,Friedrich's Airbnb property was amazing. I really enjoyed the stay. The beds were very comfortable. There was a big kitchen and big living room with dining space and a balcony. The bathroom was very nice. It had all the amenities one needs. The area was nice with lots of shops and restaurants in the vicinity. All in all I would recommend this place to anyone who wants to stay comfortably in Zurich.,0
45406,1435136585408989704,2025-12-01,"The house was tastefully furnished and extremely functional. I had a couple of simple suggestions regarding minor issues, and I believe the host will take care of them.",1
45420,1436423690179402899,2025-07-12,Good view of the place and responsive host.,0
45440,1436451436159286901,2025-10-05,"I had a wonderful stay at this property! The room was spotlessly clean and came with a room heater, which made it extra cozy. The location is unbeatable—just a short walk to Sihlcity, one of Zurich’s largest shopping centers, and the tram stop is less than 100 meters away, making city travel incredibly convenient. The check-in process was smooth and hassle-free, and Navad was always available on WApp for any questions or support, which made the experience even more comfortable. Highly recommend this place for anyone looking for a clean, well-connected, and welcoming stay in Zurich!",0
45445,1438413831681548729,2025-07-06,"It’s a small place for two, but there was lots of storage to keep luggage out of the way. The balcony was a treat for morning coffee and arriving home at the end of a long day of walking around. 5 minute walk to grocery and tram to get to more central attractions. It was quite warm when we were in Europe, the fan helped. I had a travel fan as well.",1
45454,1428284690333215185,2026-05-31,Janet hosts a space that is very convenient to the city yet located in a quiet peaceful neighborhood. She is generous with recommendations. Her hospitality and kindness made for a most pleasant stay.,0
45472,1438413831681548729,2026-05-04,"Had a really pleasant stay overall. The place was clean, cozy, and looked just like the photos. The location was convenient and quiet at night, which made it easy to relax after long days exploring the city. Check-in was simple and the host was friendly and responsive whenever I had questions. The bed was comfortable, Wi-Fi worked well, and the apartment had everything needed for a short stay. I’d definitely consider staying here again in the future",0
45477,1438531182267736215,2025-07-12,"Leonardo was very helpful and responsive whenever needed. We had to check-out late, he helped us to put luggage in the room for extra time. Over-all we liked the stay, but the location is little bit outside city center.",1
45481,1438531182267736215,2025-08-11,"A reasonable choice for the price, the room and house are very clean, the owner always responds quickly. The only problem is that the sound due to being near the train tracks is quite loud, and there is nothing to do around in the dark. Still a good option for choose.",1
45498,1441517498349064016,2025-06-19,"We only stayed for one night, but the apartment had everything we needed for a comfortable stay. Although it's small, it felt cozy and well-equipped. We were three people, and there was enough space for all of us. One pleasant surprise: the host provided towels, even though we had understood from the description that we would need to bring our own. The large balcony was definitely a highlight – a lovely spot to relax. Public transport connections were excellent, which made getting around really easy. Finding parking nearby was a bit of a challenge, but that’s to be expected in the area. Communication with the host was smooth and easy. Although we didn’t get to meet in person, I have the feeling we would have gotten along really well. All in all, a great stay – thank you!",1
45528,1429555041599383165,2025-09-15,"Jaybee was a great host, the check-in instructions were clear, and the communication was excellent. The apartment is quiet, in a good location, in a peaceful neighborhood, and it's possible to do activities on foot.",0
45536,1442865032039361823,2026-03-28,"I had a really great stay and would definitely recommend this place. Everything was exactly as described—clean, comfortable, and well organized. The location was very convenient, with easy access to transport, restaurants, and shops, which made getting around really simple. The space itself felt welcoming and had everything I needed for a comfortable stay. Ivan was an excellent host—very friendly, responsive, and helpful throughout. Communication was smooth from start to finish, and I felt well taken care of during my visit. Overall, it was a very positive experience, and I would happily stay here again in the future!",0
45542,1444690240973901183,2025-09-15,It is a very comfortable apartment. It has all the necessitates and is fully furnished. I would definetly book it again.,0
45563,1429555041599383165,2026-05-02,"We had an amazing stay! The place is absolutely beautiful and honestly the photos don’t do it justice at all. Everything was spotless, comfortable, and had everything we needed for a perfect stay. The host was wonderful, super responsive, friendly, and made everything really easy from start to finish. You can tell they really care about their guests. We would 100% stay here again. Highly recommended! ⭐️⭐️⭐️⭐️⭐️",0
45574,1446238244472967101,2025-12-18,"I’ve stayed in several apartments in this area, and this one is by far the best I’ve found. It’s very quiet, stylish, and cozy — real Pinterest vibes. The apartment was clean and smelled great, everything felt well thought out. The only small downside is that if you’re over 2 meters tall, it might be a bit uncomfortable. Other than that, 10/10. Highly recommended.",1
45593,1446262060634104927,2025-12-20,"My mother and I had a wonderful stay. The washer and drier were very convenient and the shower/bathroom was clean. It is conveniently located by a bus stop so you won’t have to travel too far with luggage. However, finding the airbnb was a little tricky since we came after sun down. The host did send directions an hour beforehand but It would have been better to send it a day early. Also the mattress wasn’t very comfortable and little small for two people. Otherwise, once you’re inside, it’s a great place to reset and travel to the city. The host is very responsive. Thank you for having us, we really enjoyed our stay! :)",1
45598,1429793058439660720,2025-07-29,We had a great stay at Michael’s place. It was clean and very spacious for two people. It is conveniently located near a food shop as well as a tram stop which allows easy access to the centre. Michael was very communicative throughout and a great host. We would definitely stay here again!,0
45600,1429793058439660720,2025-08-26,"great location, Michael was a great host, house was clean besides a stain on the carpet and bed, but other than that, everything was great.",1
45616,1431329835052032776,2025-08-04,A fantastic stay from start to finish. Really communicative host with very clear instructions which made finding the place and checking in super easy. Lovely clean and big space. Well equipped kitchen and comfy beds which is a real plus if you have back trouble! Thank you so much.,0
45620,1431329835052032776,2026-05-24,"We enjoyed our stay here for the most part! The location was great and place is spacious and clean. The only drawback was that the pullout couch was broken, but we were still able to accommodate our group of 8. Also, the showerhead was broken so water pressure is relatively low. But those were minor issues we were able to deal with, and the place itself was pleasant to stay in. Would recommend overall!",1
45632,1446262060634104927,2026-06-11,felt at home with staying here. the only feedback would be making the bed larger as it's not sufficient for two adults. the location is amazing. the kitchen and amenities wonderful. would recommend providing laundry detergent and diswasher liquid to better accomodate facilities.,1
45637,1446981117719806548,2025-07-09,"The stay was great, very clean, close to transportation that takes you right into downtown. ( or you can walk 15 min ) coffee shop next door was great to start the day. Check in process was fast and easy!",0
45649,1446981117719806548,2026-05-02,Convenient location and amazing natural lighting in the kitchen.,0
45653,1447046955686996562,2026-02-24,"We had a truly wonderful stay and couldn’t have asked for a better experience. The apartment was very clean, comfortable, and exactly as described. Everything was well prepared and thoughtfully arranged, which made us feel welcome from the first moment. The atmosphere was calm and cozy, perfect for relaxing after a busy day. Kairbekova was a great host – kind, responsive, and helpful throughout our stay. Communication was easy and clear, and any questions we had were answered quickly. The location was also very convenient, with everything we needed nearby. We genuinely enjoyed our time and would gladly stay here again. Highly recommended to anyone looking for a pleasant and stress-free stay",0
45657,1447046955686996562,2026-06-05,"The property is very conveniently located, close to the centre, and near a tram stop. The property was as described, and was very clean and very practical. This was all at a good price for Zurich and compared to similar properties.",0
45673,1431330900692049409,2026-03-06,Good accommodation. The building did smell of cannabis but I guess that's just society now and nothing to do with the accommodation itself. Would recommend it to anyone who wants a city centre accommodation. There is parking underground which I won't recommend as there is also parking across the road which is completely free after 20:00 till 9:00 a.m. overall a very good accommodation and the host is very proactive in their communication which is also appreciated.,1
45681,1434052467347898078,2025-11-17,"very inviting apartment, rooms looked just as shown, kitchen was very spacious and accommodating, and host even was so kind to provide milk in the fridge! shower was very enjoyable with ample hot water and fresh body towels for each of us (4). the beds were very comfortable and the duvets were plenty even in the cooler weather we left the windows open at night (around 9°C). The main room's furnishings were comfortable to just sit, relax and enjoy morning coffee. We would certainly consider returning to this place when we return to Zurich.",0
45686,1434052467347898078,2026-05-29,"Brilliant host and a beautiful apartment. We struggled a little with the heat and lack of fan or outdoor space, but there was a very hot heatwave at the time of our visit. The apartment is historic and very beautiful, as is the area it’s in. It was very easy to walk to the lake or into the city centre. A great place for a mini-break in Zurich. Thank you!",1
45695,1447075954933337891,2026-03-23,Good place to stay. Description and photos matched the place. Location is good. The balcony is nice. Dimi is responsive and helpful.,0
45699,1447888893765728477,2025-06-29,"Happy to find this place, which was pretty good value for Zurich! It's a 15 min bus or tram from the centre which are really easy to use, so decent location. It was also really clean and roomy, with a comfy bed, decent kitchen, and nice shower. The host was also really communicative and flexible with check-in after my flight got changed. I think I was the first guest so it might change but there were no towels, condiments, or WiFi so keep that in mind. There was also an unexpected cleaning fee which wasn't on the listing, but I was told would be added to the advert so shouldn't be unexpected for whoever uses it next. Definitely recommend for its relative value.",1
45706,1449886868380469552,2025-10-08,"Good sized bedroom with all the basic amenities, however we personally found the bed to be too firm for comfort. Tina was approachable and responsive. Apartment was very clean and the shared amenities were no issue. Location is within close walking distance to a bus that goes towards the city. Large grocery stores and train station are within a 15 minute walk.",1
45724,1450008235416364197,2025-09-01,"We had a pleasant 3-night stay, and the location was great. The room was simple (as per listing) but had a comfortable bed and pillows. Vanessa was an excellent host who went the extra mile to assist, especially with receiving me upon arrival and helping with our luggage. We truly appreciate her hospitality and highly recommend her place for anyone visiting Zurich.",0
45728,1450008235416364197,2025-09-24,"The room was exactly same with photos, and it was very cozy and comfortable. Cheyenne was kind and always quick to respond to any questions and provide help whenever needed. We had just a one-night stay during a layover, and since it was raining heavily we were very tired, but the mattress and pillows were incredibly comfortable, so we were able to sleep deeply. The location is also perfect for airport access. It takes only 2–3 minutes on foot after getting off the tram. Highly recommended to everyone! If we travel to Zurich again, we would definitely stay here again:)",0
45738,1452125520712724382,2025-08-27,"We had absolutely fabulous time at this beautiful apartment. Everything was perfect, even better than expected from the pictures. The location is super central but at the same time the gorgeous rooftop garden is like a private oasis. Our hosts were really responsive to all our questions and the place was spotless. 5 stars and highly recommended if you’re looking for a great place in Zurich.",0
45739,1452125520712724382,2025-09-02,"The apartment is spacious enough for 7 people, with great amenities, and easily accessible in the center of Zurich. It was a bit challenging to use the stairs to the top floor, but once inside the apartment is great with a good view on top. We were not able to use the gas stove but the host was kind enough to offer us a refund. Due to heavy rains, we also had minor flooding through the windows and the water heater broke but the host is readily responsive. Overall, we enjoyed our short stay in Switzerland in this place.",1
45763,1457846308791253425,2026-05-28,"We had a very comfortable stay at this apartment in Zurich. The location was excellent — centrally located, well connected, and convenient for exploring the city with family. The apartment was spacious, clean, and comfortable overall. The host was very responsive to all our queries and tried his best to help whenever needed. Since it was unusually hot during our stay and the apartment did not have AC, we requested fans and the host arranged them for us, which we really appreciated. The only point to note is that the apartment has only one toilet for three bedrooms, which was a bit of a struggle for our family. Apart from that, we had a great experience and would recommend this place for a family stay in Zurich.",1
45766,1457846308791253425,2026-06-17,"We stayed for a few days and were very pleased with everything. The apartment was in a great location, yet it was wonderfully quiet after a long day. It was clean, comfortable, and equipped with everything we needed. Overall, it was a wonderful place to stay, and we thoroughly enjoyed our visit.",0
45777,1455741990835302730,2025-09-29,"Not a bad place to stay, it’s clean and comfortable and in a good location. But the listing is a bit misleading as listed amenities include washer & dryer, which we assumed were in the unit but when in fact it’s a shared washer/dryer with the entire apartment complex in the basement and you have to pay. Wouldn’t have been a big deal if that was a little more apparent but it’s a bit misleading as currently depicted. We cooked one night and it also would have been nice to have a cutting board and one or two good knives, again we assumed those would be there because it was described as such.",1
45783,1458569891998349279,2025-10-06,"Other than the fact that it is a long uphill walk (which I really didn't mind) from the old town and train station to the apartment, everything was great. Anastasia was super nice and communicated well. The place was clean and spacious. The kitchen was more than adequate. Anastasia provided some welcome beverages. The bed was comfy and the shower had plenty of hot water.",1
45788,1455799895871349685,2026-03-22,"Amazing stay, great host, the location is perfect. Next to the train station and many shops and restaurants.",0
45792,1456338942309278444,2025-09-21,"Apartment is on 3rd floor, so if you have a lot of luggages it might be a problem. Theres a storage in the basement, and everyone in the building has access to it. Hot water was not available I think after 11pm, although we waited a an hour but there was still no hot water.",1
45799,1456338942309278444,2026-06-17,"The location of this Airbnb is convenient and walkable to local restaurants, supermarkets and bakeries. Free parking is also another positive aspect of this Airbnb. However, it is best not to stay here if you are traveling with senior citizens. There are numerous stairs to climb (maybe around 50 steps). The tub is hard to climb in and out of. Furthermore, there is a wooden step between every room and the hallway. It is very easy to trip on those wooden steps.",1
45803,1457270745728392903,2025-08-23,"Our stay at Blueground was overall great, from the cleanliness of the place, to the responsiveness of the support team. The only aspect of our stay which we would raise as a complaint is the very poor Wifi connection. From the beginning of our stay, we brought this up and though they sent people to investigate, no real solution was provided. I hope they can resolve this issue for future guests. Overall, we thoroughly enjoyed our stay in this immaculate flat. The welcome pack and attention paid to detail made this stay even more special.",1
45805,1457765710250341434,2025-08-08,"Tom’s apartment is located in one the best districts of Zurich, very close to Limmat and the station. The apartment felt spacious and well equipped and it was a pleasure to stay there. Highly recommended.",0
45807,1457765710250341434,2026-04-14,"beautiful and spacious apartment in a great neighborhood, close to supermarkets and the tram station, with lots of amenities, Tom is an amazing host, would recommend",0
45814,1459530479751645739,2025-09-24,"From check in to check out, the stay was wonderful. Florian treated us like family and helped us with everything we needed. He brought our luggage up for us, guided us to restaurants, downtown and literally was just amazing in every imaginable way. The place was close to public transportation. The kitchen was filled with all the things needed to cook. I think our interactions with Florian were even more wonderful than the place we were staying. Haha He made the visit absolutely lovely by taking time to make sure we had everything we needed to enjoy our time in Zurich. What a gift to our tired souls to have such a kind person to help us on our last day of our trip. Truly was marvelous. Nice to have an elevator for our 86 year old mother too.",0
45818,1459530479751645739,2025-12-12,"Glad to say we had a very pleasant stay! Our host Florian was extremely accommodating, and went out of his way to allow us to check in earlier due to our flight, and even rushed over to check us in when we arrived earlier than expected. He replied very quickly and provided relevant suggestions regarding things to do around the area. The accommodation itself is spacious and clean, and well equipped with amenities. The only consideration would be the lack of a washing machine. It is also conveniently located right next to a tram station, which provides easy access to the airport as well as the Zurich main station. There are also cafes and grocery stores located within walking distance of about 2 tram stations. Overall very pleasant stay, would recommend and stay again in the future!",1
45830,1459633194919094017,2025-08-30,"The apartment was exactly as described and clean. Also, it is close to Zurich HB. Check-in was smooth and the host was welcoming and responsive. I really enjoyed my stay.",0
45832,1459633194919094017,2025-10-08,"Lauren was friendly, considerate and responsive host. The location is about a 7-10min walk from the main station, so it is very well connected. there are bunch of nice restaurants all around the place. The only caveat of being close to train/bus/tram station and a main street is the loud motorway and train noise. That was expected by me so no stars off for that. The home itself was very comfortable. I would be happy to stay again when in town.",1
45835,1459910682827772322,2025-08-23,"We really liked the location of the apartment. It was close and in walking distance to everything- the train station, ETH Zürich, the river. It was also very quiet neighborhood, felt really nice and peaceful. It’s perfect for 1-2 people. During a hot day the apartment did feel warm, but after opening the windows and turning the provided fan on high, it was bearable. I live in the USA and by our standards this was considered hot. But in Europe not many apartments have an AC, so there is nothing to complain about. I would stay there again just because of location.",1
45844,1460682005719730691,2026-05-26,This space is centrally located to multiple tram and bus stops making it very easy to get around the city. Joy was incredibly communicative and helpful in meeting our needs.,0
45851,1461549401817631775,2026-05-21,"The cleanest Airbnb I have ever stayed in. Really lovely space, bright and wonderful host. We were very happy with the area and Mi-te a Vietnamese restaurant near the flat is absolutely incredible. Highly recommend.",0
45854,1461549401817631775,2026-06-11,"The condo is spacious, bright and quiet. It is half a block from the main tram line and very close to grocery stores and a good base to explore Zurich. We were very impressed to be in the area where Einstein was a student and teacher.",0
45862,1475873485848650030,2025-08-31,host was very responsive and had clear check in and check out instructions .The house was very clean and there is a fast and reliable wifi.Tho I do wish there was a TV in the apartment.,1
45864,1475879212421253052,2025-08-15,"They provided beddings for 4 people, although we reserved for 5. They told the fifth person to use the dirty couch with chocolate and other marks everywhere, and the pillows on the couch. They did not provide bed linens, and clean sheets for the 5th although we asked them to do so in the moment we checked in. We checked in at the earliest moment they let us. They said sleep on the dirty couch tonight, and the clean sheets will be provided the following day. As it is a company, they stop working after 4-5 pm, which cuts any type of support if you need something. Yes, you can chat with them online, but they will just tell you to wait until the next day.",1
45865,1476768667569925039,2026-06-21,"The apartment was well connected to the tram network and offered an excellent city view. The owner was nice and helpful. As we were a group of four, the apartment felt a bit cramped. Communication was sometimes delayed. During the summer heat, the apartment became quite warm due to limited ventilation and no fans. Although the owner kindly provided a small table fan on request, it was not sufficient for all of us. Keeping the windows open helped with ventilation but resulted in road noise. Overall, it was okay for our one-night stay, but better ventilation would improve comfort during warmer months.",1
45866,1476768667569925039,2026-06-28,"The apartment was cosy and spacious, and we felt right at home. It was easy to reach by tram and, since it was a little way from the centre, it felt very peaceful. The view was nice, too. The host was very nice and polite, and responded promptly.",0
45870,1479728889293303504,2025-09-12,"I thoroughly enjoyed my time at Natalie’s apartment. It’s modern, well appointed, and thoughtfully decorated. The space was quiet even without the shutters down. The host was very responsive and accommodating. Highly recommended.",0
45871,1481163472350355649,2026-05-31,"Tania was very responsive in communication even prior to the booking and she accommodated my requests on dates and room. The room was very clean with cleaning service once a week where towels and bed linens are also changed, and it has every thing you would need during your stay including the washing machine. The neighbourhood was absolutely lovely with many restaurants, bakeries & cafes and also a famous gelato shop and tram station, bus stations and coop were all located within 5 mins walk so very convenient. I would definitely stay here again when I come back.",0
45874,1462140973179243240,2025-12-22,"We felt at home and welcome at Livio's place right away and really found the location practical in terms of nearby public transport, shopping and restaurants, while also quiet for a good night's sleep. We'd be more than happy to come back! Thank you, Livio!!",0
45877,1462140973179243240,2026-06-05,"Really a beautiful apartment. You can tell that everything in it was carefully selected. Location was great - only a short walk from the train station. Livio was a very responsive host as well. The only issues were that the floor boards are very loud (not ideal if you have a baby), and that sometimes you can smell the food from the restaurant downstairs strongly.",1
45883,1462873765312838928,2026-06-04,"The flat was spacious, light and airy. It was located close to a supermarket, restaurants and trams. Although there was noise from the railway line, this was minimal with the windows closed.",1
45893,1463991191996958867,2026-05-26,Excellent flat within walking distance of the town Centre and close to a well stocked supermarket and neighborhood restaurants.,0
45902,1483347562035652357,2025-12-03,"I was hesitant to write this review because I don’t like being negative, but I also can’t be dishonest. The booking process was smooth and the original apartment location was very convenient. However, upon arrival, the access code provided did not work. I had to contact support and went through a long, frustrating process before being relocated to another apartment. The alternative place was acceptable, though the location was less convenient. The next morning, the checkout experience was unnecessarily stressful. Overall, while the apartments themselves were fine, the check-in process, communication, and handling of the situation were very poor, especially for travelers arriving late or tired.",1
45904,1483347562035652357,2026-02-09,"The place was very spacious and clean, staff was easy to communicate with, and the location was conveniently near a bus stop. The only complaint is it could get a bit noisy at night. If you are unlucky to have loud upstairs neighbors, you can hear them.",1
45912,1483348354903184417,2025-11-02,"We are family of 4 ( our kids are 5 years old and 3 months old) in search bar we put our number of family and after we got the conformation we received email at the arrival, that normally is for 3 person and that they made us a favour. We slept only to nights and the neighbor from down she came up to complain about noise imaging we arrived at 1:30 at night and she came 10 in the morning to complain ( we didn’t even had energy to be wake fully) after 8 hours driving The key box was in the number 21 but the apartment was in 23 and we needed to search and figure it out without telling us specifically instructions because in some countries the email ( key ) box is inside at the entrance So very very poor instructions Locations was ok but NOT recommended from us at all",1
45919,1464393751697114638,2026-04-26,"The space was great. Note it is near a loud bar that people seem to hang out outside of until about 3 or 4 in the morning. I do not mind noise so it didn’t bother me. Also, there is no AC so you’ll want to open the window which will just make the bar seem louder. Also a lot of bugs flew in when the window was open but having the window open was the only way to cool the apartment down. Overall, this place is great if you’re looking for inexpensive and near good nightlife. I would not recommend this place if you’re looking for a peaceful stay.",1
45922,1464393751697114638,2026-06-01,"Beautiful apartment and wonderful place to stay during my solo trip to zurich. Walking distance from the centre, station, and all amenities. Nicole was a wonderful host",0
45933,1464999365309921657,2025-11-09,"Had an amazing stay! The place was clean, cozy, and exactly as described. The host was super helpful and responsive. Would definitely recommend and stay again!",0
45945,1464999365309921657,2026-05-12,"I was staying at this accommodation for one night because I have to travel the following day by train. The accommodation located nearby the main Train station in Zürich and so you can easy walk from there to the station. You have many eating options nearby and can go directly to the City Centre of Zürich. The accommodation have all you need to live, also for longer stays. The Check-in and Check-out is really easy. I can recommend this accommodation.",0
45948,1483350049298230798,2025-08-31,"The stay was very good and the overall experience was pleasant. However, the check-in procedure details were shared quite late, which caused a half-hour to one hour wait at the site before we could check in.",1
45949,1483350049298230798,2025-09-21,"Great, spacious airbnb! My friends and I had no problem getting into the city center and check in/out was easy!",0
45955,1483351672757106365,2025-12-06,"the apartment was lovely and matched the pictures. it was also clean when we came in. elevator is also available so it was great if you have heavy luggage with you. we were allowed to do eaely check in, thanks! the neighborhood is peaceful. the only problem is that the wall is pretty thin I can hear quite a lot from the neighbour, so trying to sleep was quite a challenge. overall it was still good apartment to stay.",1
45957,1483351672757106365,2025-12-31,"Everything was great overall, but there was an issue with the Wi-Fi credit. They asked me to purchase a new SIM card at around 9 PM, even though most stores close early, and I had no Wi-Fi access. It would be helpful if the Wi-Fi credit could be checked and topped up before guests arrive, as it shouldn’t be the guest’s responsibility to sort out.",1
45958,1483352492583147496,2025-09-10,"The place was really nice and clean. It’s located right around the corner from a bus stop and grocery store as well. We had an issue getting inside due to lock issues, but the whats app team member Maryem helped me through it and got us another room. Other than that initial incident, we had a great stay.",1
45962,1465239712197184573,2025-09-04,"This is a wonderful apartment in a perfect location. Everything was clean, comfortable, and exactly as described. The beds were very cozy and we felt right at home. I will definitely stay here again on my next visit to Zurich. Highly recommended!",0
45973,1465239712197184573,2026-02-20,This was the perfect place for our stay in Zürich as a family of five. The location was great with everything we wanted to see and do within walking distance and the train station was close by too. This made our arrival by train and our day trip to Lucerne very easy with our three kids. The hosts were quick to respond with any questions we had. We would definitely stay here again.,0
45985,1466227069943518369,2025-09-11,"The flat itself was very good - the room was as described, the contact person was always reachable and helpful. The cleanliness and state of the place really depends on your roommates. Certain things - if you want done you'll have to ask but the hosts will help.",1
45989,1483547334790080676,2026-03-19,Really comfortable apartment in a great location. Perfect for our short stay in Zurich arriving and leaving by train. Lots to do in a short walk from the flat. Best of all was the really clear and friendly communication that made everything so stress free (is it possible to give 6 stars out of 5 for this?),0
45994,1483976904739576763,2026-01-06,"I had a very pleasant stay at the apartment. It is quiet, comfortable and well maintained. I stayed over the Christmas holidays, and everything was calm and peaceful, including the street below. The view from the living area is beautiful and adds a lot to the overall atmosphere. Communication with the host was smooth, and everything worked as expected. I can absolutely recommend this place and would be happy to stay here again.",0
45996,1484516025758182530,2025-12-09,"We very much enjoyed our time in Zurich and our stay at Stephanie’s sweet apartment. The space is mostly as described, a very cozy one bedroom apartment. The bedroom is large with plenty of space to spread out and store your luggage and things. The living space is a small table and two chairs within the bedroom, not a separate space you can retreat too. As described, the location is a short walk to the train station with frequent trains into the heart of the city and central old town. The additional cost and time to transport to and from the apartment is noteworthy and something to plan for. The price reflects the location and space, so good value. Thanks Stephanie for a great stay!",1
46000,1484747534661367165,2026-05-24,David was very kind and helped a lot during our stay. The flat was very clean and exactly as he had described. I suggest this flat to anyone looking for problem-free accommodation in Zurich.,0
46004,1466633392493480009,2025-09-23,"I really enjoyed my stay at Jaybee’s place. The location was great – I could walk around and explore Zurich easily, and the view from the apartment was a nice bonus. It felt like a perfect base to get to know the city.",0
46005,1466633392493480009,2025-10-17,"The stay was super pleasant and the host Jaybee was very helpful when we wrote him. The washer and drying facilities were really nice as well as the balcony where we were able to sit out and eat dinner in the evenings. The kitchen was fully equipped and the only issue was that the dishwasher didn't seem to work and smelled pretty bad when we opened it. However, we were provided with everything to just do the dishes by hand so this was not really a big problem. Besides that the apartment also smelled of smoking but other than that it seemed very clean - especially the bathroom.",1
46019,1466840353576347438,2026-05-22,"We absolutely loved staying here! The room was perfect for two people and the views were absolutely amazing, plus the restaurant above our room was yummy! We definitely would go back and stay here again.",0
46028,1485286040028546877,2025-12-19,"I went there for a new job i found in zurich. the night before, another client and several other people upstairs made noise entire night. The walls of the apartment are paper thin. i couldnt sleep anymore after 6 am and bang their door, no answer. contacted customer service but no solution as well. horrible sound isolation.",1
46030,1486687964597616747,2025-11-25,Tinka was a great host and was very helpful with questions I had. It is a beautiful place with good access to public transit and the city center.,0
46032,1486834509064619140,2025-09-29,"The apartment is great for two people. Small but modern and confortable. Clan and well located, close to the tram and the train station. The surrounding area is very nice as well. The only (minor) issue is that there is only one chair, so for two people is difficult to have breakfast for example after having cooked the meal in the well equiped kitchen. Also a light close to the bed (for reading for example) would be ideal.",1
46035,1486834509064619140,2026-02-09,"Liliane’s place was in the perfect location for a few days in Zurich. The space is small but did have most things we needed to make our stay easy. Few things to note, there was no kettle which meant we boiled water in a pan - this was fine for us but might not be for others. Overall the place was generally clean but there were some marks on one of the towels and the bathroom was a bit grubby. However it’s one of the more affordable places in Zurich so it was suited to the price and was fine for 2 people.",1
46054,1469498928448852768,2025-09-28,"Tamara's place was clean and in an excellent location, very easy to access all parts of Zurich and great food around. The only downside was the main TV not working, but overall we enjoyed our stay!",1
46088,1469498928448852768,2026-06-06,Nice place and location however worth knowing that the stairs to the main bedroom are steep and not ideal for older folks. Pretty loud location but also great to be close to restaurants.,1
46090,1491146905537515116,2025-11-01,"Easy to find the house - instructions were a little unclear on how check-in would work. They said they would meet me to give the keys to the house, but then sent instructions on how to get in and we never met the host. House is less than 10 minute walk from the tram that brings you to Zurich HB. Lots of food options within walking distance and a coop a block away so very conveniently located. We originally booked another apartment in the building, but host said there was maintenance being done, so they gave us another apartment in the same building. Was great that they were able to provide us another option without much hassle. Toiletries were provided and they have washer/dryer within the apartment.",1
46103,1495057069889514081,2026-05-31,Anna is very friendly! The appartment is very pleasent and the location is great.,0
46113,1497119324378007071,2025-10-17,"We had a great time during our stay! The apartment was lovely, clean, and comfortable. The location was very central, close to restaurants and the train station, which made it easy to get around. Lukas was very responsive and friendly. Overall, it was a great experience, and we’d definitely recommend staying here!",0
46117,1470073300540749899,2025-08-15,"Nono was wonderful, and the place was great. it was very easy to get to from the train, and close to everything I wanted to do. Nono was super accommodating and helpful and I would definitely stay here again!",0
46123,1497119324378007071,2026-02-15,"I would stay again at Lukas’ house, it was cosy and beautiful. Close to the centre and the station. Everything was close walking Some kitchen utensils were needed but the rest was totally perfect. Thank you",1
46128,1497616529639443747,2025-09-17,"Julia & her roommates went out of their way to make us feel welcome in their home - even allowing us to drop off our luggage early. We could use their kitchen, however no towels were provided so we could not shower. It worked out okay as we only stayed one night and were flying home the next morning. She told us which public transport to take to get to the airport and 43 minutes later we were there. I wouldn’t hesitate to recommend staying at her place.",1
46152,1470763088671578912,2025-12-03,Great stay! The apartment is nice and cozy. There were ample supplies. Nice location.,0
46154,1470763088671578912,2025-12-31,"Our stay was very pleasant, the apartment is right in the center of Zürich and the public transport is just a 3 minute walk. There are many restaurants and supermarkets nearby. The apartment was clean and warm. Please note that the host has some of their belongings in the apartment, but they didn't cause any inconveniences (for me). Overall a great experience, highly recommended!",1
46165,1470813741153144393,2025-08-07,We were initially provided a small apartment instead of what was booked. But the Swiss stay team was responsive and changed us to another apartment in same locality. otherwise we had a pleasant stay at swiss stay apartment.,1
46168,1498696258862982865,2026-01-02,"Clean, close to bus and tram station. Supermarket nearby. Spacious, the kitchen also clean and we use it alot since eating out in switzerland is very expensive",0
46170,1498696258862982865,2026-03-03,"Really spacious Apt and looked like the Photos and described. Very walkable area with a Supermarket just in front of the Building. Most importantly, Frank and his Team are very responsive to any questions, concerns you might have",0
46173,1499879232818015428,2026-01-02,"The place was clean and nice, everything was as he described. The only struggle was parking because you have to pay to park in the streets but besides that everything was good. I’d stay there again. Very quiet area and private. Absolutely beautiful city. 5 stars, the hosts were very responsive.",1
46178,1499887079552965026,2025-11-01,"The stay completely matched my expectations and had everything an Airbnb should. The place was clean, comfortable, and exactly as described. Check-in was smooth, communication was easy, and all the essentials were provided. A great experience overall — I’d happily stay again!",0
46182,1500655905291023435,2025-11-24,Good: Flat is very spacious and having 2 bathrooms was great. It was 20 swiss francs in an Uber from the airport and you could walk to the train station in about 20 minutes. Block and surrounding area felt safe with lots of local amenities. Bad: we couldn't use the wifi as the network which we had the password to wasn't showing up. The flat is very minimalist to the point of bland. None of the small lamps were charged so couldn't be used.,1
46183,1500655905291023435,2025-12-12,"Had a wonderful stay at Lukas’ apartment. Lukas is friendly and responsive to our queries. The apartment is spacious and functional. Only issue that I encountered was the power sockets are by the door and none by the bedside, I had to improvise with my travel extension cord in order to use my CPAP. Otherwise all went well with the stay. Walking time is around 15min to/from Zürich HB station but the path is relatively flat and we were able to find the apartment easily via google maps navigation.",1
46191,1500863003088833966,2025-10-10,"Because of the walkable distances from the Zurich HB train station, this place is perfect to tourist visiting Zurich. However, the apartment is located on the 3rd floor (4th floor for the U.S. folks) and does not have an elevator.",1
46195,1500863003088833966,2026-01-01,"The apartment was extremely nice! We enjoyed our stay and we were very comfortable. The terraces were pleasant. It was quiet. Close walking distance to the old city and train station. However, we should note we stayed through New Year’s Day and it was very noisy throughout the night on New Years Eve. But otherwise, very quiet.",1
46210,1501200384300797878,2025-11-12,Good location. Convenient check in. Limited fixtures and utilities but sufficient for the stay.,1
46217,1501200384300797878,2026-06-17,"Great location but beware if you are staying during the summer the room gets very HOT and there is only a fan. Safe location. Central to a lot of things to do. I was also asked multiple times by the host what time we were leaving so they could coordinate cleaning. I have never been asked this before. Considering that you’re staying in one of the most EXPENSIVE cities in the world, maybe let your guests get what they paid for and don’t try to push them out early. Weird.",1
46219,1501493836844758194,2025-09-26,"Unfortunately, my stay was not very comfortable. The cleanliness did not meet my expectations – the bathroom had an unpleasant smell, and the room itself could have been cleaner (there were hairs on the bed and the floor wasn’t spotless). Since I arrived quite late in the evening, I stayed, but otherwise I might have considered leaving. With some improvements in cleaning standards, the experience could be much better.",1
46231,1471774162068616739,2026-02-15,"Excellent stay. A lot of transport around to go to the center. The place itself is very clean and calm. The photos are accurate the place is easy to find. 10/10, I would definitely like to come back.",0
46272,1506331326533443111,2025-09-15,"Hands down the best place, best hosts and best location. I loved how quickly we could walk anywhere plus have what we needed right in the same neighborhood. The hosts are also incredible. I hope this place is available next time I’m in Zurich",0
46277,1506514717864256469,2025-11-23,"This place was fantastic for our two families with children ages four to ten. The spacious flat overlooks a beautiful church and square in one of the best locations in the city. It’s well decorated and has everything you need, and the hosts could not be more gracious. They got back to all of our questions promptly, and left a few goodies upon arrival. It was such a treat to stay here! Thank you, Nora!",0
46287,1506514717864256469,2026-03-15,"We had a wonderful stay at Nora and Christian's apartment. Nora was extremely responsive and accommodating when we asked for an early check in as we were coming in early with a lot of luggage and skis. She was quick to respond and always cheerful and friendly. So lovely to deal with!! The apartment was perfect for our stay with our group of 6 as we were traveling back through Zurich on our way home from Zermatt. The apartment is large, comfortable and extremely clean. The location was fantastic in Old Town and we walked to everything...restaurants, sights, shops, bars, coffee, etc. Everything was so easy to get to. Such a great city and area to stay. Wish we were staying longer! I highly recommend their apartment!",0
46291,1472649068821428165,2025-09-23,The place was perfectct for us as we had a car and there was free parking outside. The only downside is there is a church very close so you hear the bells all the time. But this is all over Zurich. The host is super nice.,1
46302,1474034727792503178,2025-11-02,"The room itself was modern and spacious but the area was incredibly noisy. There is a bar/club opposite the road that blasted music until 6am, cars honking non stop and patrons loitering around outside yelling and carrying on. Also no soundproofing on the walls/windows so we were able to hear everything making it impossible to sleep.",1
46313,1507448009702894489,2025-12-27,"The apartment was a good fit for our family of 6 for a few days. Close to the Zurich train station, central tram station, the river, and old town it provides access to a lot of the city and countryside. The property was easy to access, comfortable, clean, and quiet. We would absolutely recommend staying.",0
46314,1507448009702894489,2026-02-05,"The place was good and clean. When we first arrived, the windows were open and the heater was not working properly. But the host was easy to reach even in the late night and he solved the problem the day after. The downside is only it has no elevator.",1
46322,1507780925387936733,2025-12-24,"Great location and surprisingly quiet for being right next to the station. A very neutral decor, but the home cinema projector was a nice touch.",1
46333,1516652035590661761,2026-01-05,"Great place in the heart of the city. Clean, comfortable, and a convenient location. Great option for the price :)",0
46342,1507900508011407318,2026-01-01,"I couldn’t get the key to the flat even on the next day. There was a problem with the lockbox, and I was messaging back and forth with support, but they said they couldn’t do anything, even the next morning (I spent the night elsewhere). I had to look for another place. The host refunded my reservation",1
46343,1508899669126226987,2025-12-21,The apartment is very nice and clean. It's only 5 minutes away walking from public transportation that can take you to the center of Zurich in 15 minutes. We had a great time :),0
46347,1508899669126226987,2026-05-18,"We had a very pleasant stay at this Airbnb. The place was extremely comfortable, clean, and well-maintained. The location was also very convenient, with easy access to public transportation nearby, which made travelling around much easier for us. The only downside was that the apartment was located on the 3rd floor without a lift. We had to carry 6 pieces of luggage up the stairs, which was quite challenging. Other than that, everything was great and we enjoyed our stay very much.",1
46351,1508923566422070914,2025-10-25,"It’s a great place for a large family, very clean, everything is new and in perfect condition, and it’s conveniently close to the station. The only downside is that there’s no hair dryer in the room, but everything else was perfect.",1
46369,1508923566422070914,2026-05-25,"Beautiful, spacious apartment. However, all three air conditioners weren’t working, had to open the windows and with all the noise had zero sleep.",1
46376,1516652035590661761,2026-06-10,Amazing place to stay for a night or two in Zurich. The Aelpli-Bar downstairs is a wonderful bonus and the staff was very kind! We loved getting to listen to traditional Swiss music. The only downside is that the blankets provided are very thin and small so it can get quite chilly.,1
46379,1516653403331810840,2026-05-23,The place was great and clean. It was in a lively neighborhood with plenty of places to eat and supermarkets nearby. Had some problems with the parking key but the host was very helpful in making sure the problem is solved. The house had everything we needed. Will definitely recommend.,1
46380,1516654791228062511,2025-11-13,"Well placed, quiet, clean mainly however missing basic essentials. Soap and washing up liquid are the bare minimums to be able to wash your hands and wash the dishes and for the high price we paid for our nights there it’s the very least that can be provided. Thank you for sharing this feedback with the owners",1
46383,1509167882514531678,2025-10-23,"Overall great stay. Nicole was great and made check in easy. She also responded well the first day. Plenty of towels and place was nice and modern. However, some of the materials are hard to locate. Asked where the laundry detergent pods may be and was left on read. Besides that, parking and everything else was great.",1
46384,1509167882514531678,2025-12-13,Nicole was an amazing host. Our flight got cancelled and we missed our first night in Zurich. Nicole was understanding and refunded us the first night stay. The place was clean and had all the amenities you need. Location was great. Walking distance to train/tram/bus station. 15 min train ride from the airport and 10 min train ride to Zurich HB. Quiet area not too much noise. I would recommend staying here. The only downside I would say is that there is no elevator/lift and you have to walk up 2 flights of stairs so be aware if you have big/heavy luggage.,1
46393,1509382980273219118,2026-05-30,"This was one of my best Airbnb stays. Pia was incredibly friendly and truly the most communicative I’ve ever had…she gave great tips and made everything easy. The place was super clean, beautifully decorated, and right in the heart of Zurich. I’ll definitely stay here again when I’m back.",0
46402,1518611889643721546,2025-10-16,"The room itself was very comfortable. It was clean and everything was in good condition. Regarding the reservation messages, I received what seemed to be standard automatic instructions. There were two messages, each with a different address. Unfortunately, I didn’t notice that and went to the first address I received. I assume this was due to some management oversight and that the messages were sent automatically. The bedding was clean, and there was laundry detergent available. There was also a dishwasher, but no dishwasher detergent. (I understand that detergent is optional, but I’m mentioning it for the reference of future guests.) The location was excellent — close to a supermarket, a tram station, and the lake is just nearby.",1
46408,1519370197133832298,2025-12-23,Chris and Tsering were very responsive and friendly. The apartment is a short walk to the Zurich train station and close to lots of grocery stores and restaurants. Just a short walk to the heart of Zurich.,0
46409,1519370197133832298,2026-04-05,"Tsering is a wonderful and passionate host! He gave us a very warm welcome and shared great recommendations about the local area. The apartment itself is quite spacious. The kitchen is basic and doesn't have oil or seasonings, so you’ll need to bring your own if you plan to cook. We also suggest some maintenance for the facilities, as the front door lock is a bit tricky to use. However, Tsering’s service was excellent. When we felt the room was a bit stuffy, he immediately delivered an electric fan for us, which we appreciated a lot. Overall a very attentive host!",1
46413,1521578291405302587,2026-01-14,Location location location! Great location can’t stress it enough. Coop was like a 3 minute walk and restaurants were a 5 minute walk. Host was Great. Recommended some great restaurants in the area. Views were great as well. Would recommend to anyone.,0
46417,1521578291405302587,2026-03-19,"Everything worked out splendidly! Communication, check-in and check out were super easy! The flat is very spacious and easy to reach the old town! Thanks a lot!!",0
46420,1509955634175885057,2026-01-11,"The location of this apartment is great! Several minutes’ walk away from the central station. The bus stop is also very close so it’s quite easy to hang out around the city, or go to the airport. The apartment is easy to be found and check-in intro is quite clear. It’s hard to find such an apartment with this reasonable price in Zurich. However, the heater is not warm enough and we couldn’t find the remote control to turn on the AC. The landlord didn’t reply to my text the whole night. Luckily we found extra duvet in the cabinet so we didn’t suffer from the coldness a lot. More unfortunately, somehow we were not able to get hot water when we tried to take shower the next morning… Maybe it was a coincidence but it did make us not pleasant.",1
46425,1510250522310136609,2025-10-12,The apartment is well located and easy to reach from the airport and from the city center The communication with the host was great and the check-in very flexible and easy. Unfortunately there was no wifi in the apartment even though it was mentioned on the listing. Another downside is that the bathroom has no door.,1
46426,1510250522310136609,2026-01-02,"The place is functional. Pretty small and generally modest, but everything works. Roof windows don’t have blinds, including the bedroom (I just used a sleep mask, and had good sleep). Heating is adequate. There’s no wifi, but the cellphone reception is very good",1
46433,1512889967043393920,2026-02-23,"Overall a decent stay! Apartment is quaint and fits the description. The host is very responsive and all basic amenities are there. The elevator in the building is also a plus. The only two downsides were the bed (not that comfy) and a smell, I assume from the heating.",1
46467,1522420300822710265,2025-12-07,"Had a great stay at Delta City Hotels. The place is spotless, comfortable, and in a super convenient location. Everything ran smoothly — and the self check-in system was excellent, very clear and efficient. Overall, fantastic experience — would definitely stay again!",0
46472,1522600714215220473,2025-12-12,"My teen daughter and I had a truly fabulous one-day stay. Jaybee was a spectacular host. The apartment was easy to find, safe, quiet, well-located, impeccably clean, and spacious/well-organized/full of amenities for the size... It was a perfect stay. We slept very well. Highly recommended.",0
46473,1522600714215220473,2025-12-14,A great home base for exploring Zurich! The apartment is an easy 20 minute walk from the train station and Old Town in a quaint residential area. Jaybee was super responsive and quickly responded to any questions we had. An amazing spot I'd recommend to anyone!,0
46483,1523274480420916755,2025-10-27,"This cozy studio apartment looked newly renovated, was very clean and had everything I needed for my short visit to Zurich. Description and pictures are accurate. Nice size modern bathroom. Kitchen is well equipped. Elevator was helpful as I had luggage. Having laundry in the basement is very convenient. Neighborhood is residential with a few restaurants near by but they seemed to close early. 10 to 15 minutes drive to the city center where more options are available. Or a 8 minute walk to the nearest train station and from there the central station is a only 5 minute ride. Communication was prompt. Overall a very good place to stay.",1
46491,1515386225428026368,2026-05-31,"Nice location, a little further away from the centre than I realised but with good transportation nearby. Flat was as expected, clean and comfortable.",1
46494,1515800896618119362,2026-04-03,We really enjoyed our stay here 10-15 minute walk from the front of the station really would recommend staying here if you are looking for an apartment to stay near to the station and easily walkable to the city center which is about 20 minute flat walk,0
46498,1533297170263472190,2025-12-14,Our stay was really nice and we had a good time. Arieli is also a very nice person with a cozy apartment. The only negativ aspect was that the house itself is noisy.,1
46504,1533297170263472190,2026-06-02,"Lovely place, lovely neighborhood, 15 minute walk from the historic center and the lake. Marvellous place would definitely stay there !",0
46509,1524508798363088205,2025-11-02,"We had a great time in Zürich! The apartment was very clean & cosy. It is located in a very nice district, with the train station & Bellevue station close by. The apartment was spacious, nicely styled and it felt like a home, even though it was just for the weekend ;)",0
46516,1533347179992736929,2026-01-31,"I rented this place for a few days during a work-related visit, and it was perfect for my needs. The apartment was furnished in a modern style and felt like just renovated. Despite the small space, it had all the necessary amenities, making it very comfortable. It was also spotless – cleanliness was top-notch. The location was great – very close to the main train station and within walking distance to the city center, which made it easy to get around. The only downside was a bit of noise from the upstairs neighbors and some street activity due to its proximity to a lively area, during Fridey night but it didn’t detract much from the overall experience. I would definitely recommend this place for anyone looking for a cozy and convenient stay!",1
46521,1533347179992736929,2026-03-10,"Great place, small but ideal for a quick trip in the city, 5 min walk from the train station but still quiet. the only thing that would be nice to have in the room is a clothes hanger for the jacket but otherwise everything was there, bathroom and kitchen well equiped, everything was very clean. I highly recommend it and I would stay there again.",1
46538,1524831445048494061,2025-11-09,"The home was very clean, and convenient to the tram stop. The beds were also very comfortable. Only downside for us was that the furniture wasn’t the most kid friendly and there was wasn’t cleaning supplies provided. With 3 small kids it’s helpful to have a vacuum cleaner or broom to clean up after meal time. Overall we had a great stay!",1
46548,1524831445048494061,2026-04-06,"Lovely apartment. Very clean, very good communication and description. Well located, 2 blocks from the tram. The only thing is that there is no elevator and it feels like 6 floors instead of 4.",1
46571,1536360759886464336,2025-11-16,Apartment was good. But there was wrong information passed. - Information was given like 2bed rooms and 2bath rooms. But in actual if we need to access the second bed room we have to go through first bedroom. Bed rooms not accessible separately. - Even though two bathrooms are there we can bath in only one since hot water facility is provided to one bathroom only. - There is changeover switch for boiler and hob. Only one can be switched. -There are no lights outside the apartment at night . - Host was responsive for all the messages. - Location is good and nearby to tram stop.,1
46577,1526669655316049843,2026-04-07,"The apartment is located very close to orelikon station which makes it convenient but it’s very very loud, you can hear trains passing by. So if you need a quiet place, I highly do not recommend. The apartment is relatively small but it’s modern and clean . The bed is extremely uncomfortable unfortunately.",1
46584,1526669655316049843,2026-06-12,This is a very nice place. It was very clean and had everything we needed. The train and bus were within easy walking distance. Having an elevator was a huge plus.,0
46585,1526677741667263062,2026-05-23,"Barnabas was a great host and always quick to reply. The flat was very clean and comfortable, and even though the train tracks was right outside, it really wasn’t a bother at all. In fact, I was very happy to only have to walk 5 minutes to the train entrance, it is so close and convenient for getting around. The only thing we wished the flat had was a television, but otherwise we had a great stay. There was also a wonderful Persian restaurant down the street with delicious food and incredibly friendly staff. Overall, we really enjoyed our time here and would highly recommend it.",1
46588,1527486021539064071,2025-11-30,"A bit outside of the main city, about 15 minutes drive into the heart of Zurich. there was several public transport steps close by that could be very helpful. We did not utilize these as we had a vehicle available. The only notable issue was the listing had a TV as an amenity and there was not one there. As they operate many rentals, I'm sure it was an oversight that they corrected with a price reduction as a way to make things right. Good communication and response times. Thank you for assisting us with our travel needs!",1
46621,1527538640500381579,2026-05-13,The place is right on the city center so easy walkable and lots of restaurants around.,0
46623,1527538640500381579,2026-06-15,"The host is very prompt to my messages and even replaced the electric kettle when I told him it was not in good condition. He even bought another fan as there was only one in the bedroom but not the living room. However, it will be good if I was to be told earlier that I need to climb the stairs to reach the room as I have 3 luggages.",1
46625,1528071683954607796,2025-11-19,"Place was in a quiet residential neighborhood with various eateries scattered around. We like that the place was well furnished, has good lighting, clean and had access to laundry (detergent not provided). Dimi was also friendly and helpful over chat. However, basic items like shampoo/soap, cooking oil and facial tissue were not provided so we had to rush to buy. Dimi said he will rectify this, so do check. I would also suggest a non-slip mat for the bathtub as my toddler slipped and fell once. Other than that, a peaceful stay.",1
46632,1528071683954607796,2026-03-12,Felt right at home in this place. Dimiter provided multiple amenities and was real responsive to our questions. It’s so worthwhile the stay especially the location and balcony view.,0
46643,1528409211407185454,2026-06-17,Very good place to stay and easily accessible. The host is friendly and responds quickly. Nice place to choose in a bustling city like Zurich,0
46648,1539129718155020961,2026-06-19,"The apartment was very clean, spacious, and comfortable. The price was also very reasonable. The only thing to keep in mind is to be respectful of the quiet hours, as the neighbors are sensitive to noise. Overall, we were very satisfied with our stay.",1
46649,1539277919645783247,2025-12-09,"My husband and I and our 2 small dogs absolutely loved this spot in Wiedikon. Super close to transit made it very easy to get downtown, and the neighborhood itself has several great restaurants and breweries. Would absolutely stay again and recommend to others!",0
46653,1540340503162772049,2025-12-09,Caroline's house is exactly like described. The location is very quiet and peaceful but still super close to centre and easily accessible. The kitchen has everything you might possibly need. The bathroom has heated floors which is a great feature. I'll definitely book again if I ever go to Zürich again.,0
46659,1531213926217264513,2025-10-22,"Amaya is a very helpful and responsive host. The place is great, with everything you need and located close to public transport. The pretty garden is a real plus!",0
46673,1540340503162772049,2026-06-11,"Good location in peaceful neighbourhood. Walk down a slope for 5 min to a train station. Shampoo and shower gel are not available although they are listed in the amenities list. The hair dryer's power cable is damaged, with exposed wiring near the plug, and the plug itself is held together with tape. There was burnt smell when I turned it on. It doesn't appear safe to use. Contacted host, host asked to get our own shampoo and shower gel. Would have been better if this is accurately explained in the listing. Host said hair dryer may be damaged by previous guest and she won’t check the hair dryer condition after every guest checks out. But the tape on the cable looks very old. Spacious and cooling unit during summer.",1
46677,1544356289349935498,2025-12-05,Haoran was a great host. We truly enjoyed exploring the beautiful historic center from this central accommodation. Very comfortable and a great place to relax!,0
46684,1544356289349935498,2026-05-14,Was okay for 1 night but wouldn’t want to stay any more nights. Location was easy to access the main station which was ideal for us but the place was very small and our biggest issues came from the bathroom in which we could hear water gurgling and the plumbing all night and the shower completely floods the entire bathroom even from a short shower. Since we were only there one night we didn’t bother the host with the issue because there was not much that could’ve been done. If we were to go back we would probably try to find a different place in a similar location. Can’t fault the host on his communication in the lead up to staying though.,1
46694,1531213926217264513,2026-06-10,"This was the PERFECT place to recover from some jet jag. Once we figured out the city transit, it was very easy to get to & in a quiet private neighborhood. Once inside, Amaya’s space was absolutely beautiful and very clean. And the bed!!! It may have been the sleep deprivation, but the down bedding & linen sheets/duvet, plus the black out curtains, provided some of the best sleep my husband and I have ever had! We woke up with zero aches from our long flight and long day of walking carrying our heavy packs. I would recommend this to any couple wanting a quiet place to stay before backpacking the stunning Alps.",0
46700,1531891163509767965,2026-01-01,"The accommodation was easy to find, located right next to a grocery store and bus stop, and was very clean. We enjoyed our stay and would definitely consider staying there again because of how affordable it was. The value for the money was great for an Airbnb in Zurich. The only downside was that there were no extra pillows or blankets we could find for the person who slept on the couch so they got a bit cold. Something to keep in mind if traveling would be to bring an extra blanket.",1
46710,1545943374950203164,2026-05-23,"A lovely apartment with great transport links to the city, everything you could want and a responsive welcoming host",0
46711,1546335537513183123,2025-12-05,"We just stayed a night, but the place was awesome! Super clean and easy to access. It was close the airport and well stocked. Loved staying here!",0
46717,1546335537513183123,2026-04-24,Modern and clean apartment in a pleasant neighborhood in the outskirts of Zurich. Easy access to public transport.,0
46729,1547893296644297857,2025-12-02,"Overall, this place was great. The only thing I would mention to consider is that there is no elevator or lift and, since this place on the top floor of the building, you need to carry your luggage up several flights of stairs with the last set of stairs being very narrow. Also, the slanted ceilings inside make it difficult to sit on the couch or stand in certain places. There is also only one medium sized mirror on the wall in the bathroom but it is not located above the sink. Those were all minor inconveniences. This place was quiet, spotless, easy to check in, easy to find, and a good amount of room. The host was responsive and helpful. I used an ebike through lime/uber to ride in to the main parts of town and it was only a 10 minute bike ride.",1
46734,1548540711679031132,2025-12-09,We had a lovely stay in this property. The location was great and the hosts were very accommodating. Would recommend!,0
46763,1548540711679031132,2026-06-18,"Location is great, easy access to public transport, walkable to lots of restaurants and shops. Cool little space in an old building, lots of character but still very private. The rooftop terrace was lovely to enjoy in the warm evenings. Hosts accommodated my last minute request to separate the king bed into two separate beds for my kids. I very much appreciated that! We had a lovely stay!",0
46765,1550922635604719241,2025-12-03,"Really perfect location. Clean and spacious. They provided a crib for us, and some fruit, chocolate and even a few diapers for the baby. Very sweet!",0
46768,1550922635604719241,2025-12-28,Thomas and Cristian were excellent hosts! The apartment was as described and clean. We had an issue when we checked in that a window was broken but they were able to quickly find us a different apartment to stay in. It’s a great location and close to the main train station and tram stops.,1
46791,1552067909365964576,2026-06-22,"The apartment was spacious and had everything we needed for our stay—including the laundry facilities. The location is incredibly convenient, sitting about a 5-minute walk from the Oerlikon train station, which is just a 5-minute train ride from Zurich HB (the main station) and 5 minutes from the Zurich airport. ​However, the only thing missing was fans. It was 93+ degrees with record-breaking heat and humidity during our visit, which made it quite uncomfortable inside the apartment. While fans are not listed in the property description, adding a few would be incredibly helpful for future guests to beat the heat, especially since houses in Switzerland typically do not have central AC.",1
46792,1552067909365964576,2026-06-23,"A lovely apartment in a very nice locality. Plenty of restaurants, supermarkets and paid street parking in the vicinity. The apartment is very well maintained. The kitchen is equipped with daily essentials. There’s a tiny little balcony which overlooks the main street below. Just be aware that the elevator is a half-level above this apartment meaning you will have to take a few stairs down when you come up the elevator. It wasn’t a problem for us at all, but good to know for certain category of people.",1
46801,1532512416824134542,2026-04-05,"The apartment itself inside is great and match the description. Unfortunately my first night stay not so great because of dirty beddings but the host sort it out right away the next day. Fair price but i didnt aware that outside a bit scary looking and we also met a few scary people too, which not great while travelling with kids. The location is somewhat convinient for bus, but not other public transport, the walk a bit far. Overall, the price is completely reasonable, host is friendly and responsive through message (but i couldnt call anyone), recommend for when you travel alone or as couple if you need a place to sleep and shower but not for family 😅",1
46808,1557858138419935265,2026-04-09,"They call it a Royale with cheese. Amazing apartment in a super private environment. The host, Friedrich, was extremely charming and replied within minutes when I had questions. The apartment is very bright and quiet and left no desires unfulfilled. The only downside was, that Uma Thurman was not there personally for a quick dance ;-) 5 out of 5 stars I'll make sure to check out Friedrich's other listings next time I'm in Zurich...",0
46809,1558460969937954732,2026-02-26,"The host was very accommodating in letting us stay last minute when our original air bnb canceled on us. They were responsive and the place was exactly what we needed. The host’s helpfulness, the location of the place, and the price helped save our vacation after a couple of very stressful days. This was exactly the relief that we needed. Would definitely stay here again thank you!!!",0
46829,1562314858864235358,2026-05-14,One of the showers wasn’t working. Some of the lights didn’t work. Several windows were open when we arrived and windows did not have screens. Several outlets didn’t work. Empty beer bottles left on the roof top. No elevator- this was stated on the description- however- with two bags per person- that was too much to carry up four flights of steps. I honestly felt sorry for the other residents- if they were home at the time of our arrival and departure due to the noise.,1
46835,1562419982948384154,2026-01-24,"it was very nice and easy to find, we checked in late and spontaneously and didnt have to wait for a response. just the late check out fee is kind of high. thanks for havin me",1
46836,1562419982948384154,2026-02-07,"Very clean, lovely home, suitable for a short stay. Communication with Patrick was also very easy and prompt. We travelled with a 13 month old toddler and Patrick provided a comfortable travel cot and lots of toys that kept the baby busy ! Would love to stay here again.",0
46847,1562988382233870792,2026-01-16,"We had problems with the kitchen sink draining on the first night. Since the person who was supposed to fix it couldn’t come the next day, we spent the entire stay without being able to wash the dishes comfortably. In the shower, the water took a very long time to drain, so we had to turn the water off, wait, and then continue showering. The apartment is lovely and the location is excellent, but the drainage issue prevented the stay from being a 10/10.",1
46877,1564588899815033737,2026-05-27,"Jaybee was a great host, and the apartment was excellent. The location was very convenient, with the tram station just a short walk away and easy access to Zürich HB. The place was clean, comfortable, and well-maintained. I would definitely recommend staying here.",0
46879,1564588899815033737,2026-06-21,"This apartment suited our needs perfectly. It is a quick tram ride into Central Zurich and Zurich HB. The neighborhood is nice and peaceful. Inside, everything was very clean, comfortable beds and nice linens. It was also easy check in and check out with codes that you are provided with. I would definitely recommend staying here. The host communicated very well.",0
46880,1564732847327016893,2026-01-02,Alexandru was very frinedly and always reachable when help was needed or a question was open. He explained everything well and showed us the whole appartment. Thank you for having us.,0
46891,1567375051040232054,2026-06-22,"It was a pleasant stay. The studio is small but very clean and well-equipped. The host informed me that he would install air conditioning for the heat, and he did. The host is very kind and answered our questions immediately, responding politely. The space is in a great location near supermarkets and the train station. The only downside was that the bed is small, and since we were two tall people, it wasn't comfortable to sleep. And I think the 10 am check-in time was very early, haha, but you have the option to discuss it.",1
46897,1578896859516681182,2026-02-03,"This was a nice stay! There is great public transport access and it is a walkable area. The kitchen setup is quite basic and the blinds are very transparent, so you wake up with the sun, but the bathroom was lovely and the apartment was easy to find!",1
46903,1578896859516681182,2026-05-29,"The place is well-equipped, and the host replies to messages very quickly. The only downsides are related to the room’s lighting and temperature. The room gets extremely hot in summer no matter the windows are open or closed. In addition, there are no blinds on the window next to the bed, resulting in bright morning sunlight and limited privacy.",1
46905,1568174820020847955,2026-05-29,"The property was in an excellent location and walking distance to the tram and close to the city (10 min by tram) the apartment was comfortable and in a quiet area. Some local recommendations for coffee shops, cafes, restaurants and supermarkets would have been helpful. The bed needs to be Queen size and not a Double. otherwise a great city apartment.",1
46906,1568299179431343419,2026-01-13,"It was absolutely beautiful, clean, cozy, and next to a lot of things! The only thing I warn, especially if you brought heavy suitcases like me…. There are so many stairs and even more stairs to the apartment for when you go inside. Made it hard bringing the stuff up.",1
46913,1568299179431343419,2026-05-24,"Pros: Unit very clean nice amenities. Great location easy to find. Quiet. Close to tram routes had luggage storage. Cons: About 90 steps to get to Nest Suite, serious workout with 2 large suitcase. Got very warm inside due to sunny days and being on the top of building. We asked for fans to be there when we checked in and they said they would provide them but they didn’t. No closet. Overall nice place. Make sure in good physical shape if you book on the top floors",1
46926,1578898127565020354,2026-04-05,"It completely met my expectations. It was a peaceful, clean, and comfortable stay, just a ten-minute walk from the city center. I had no problems at all thanks to the detailed information provided during check-in and check-out. I would recommend it to anyone staying in the city.",0
46938,1570300688394254145,2026-03-27,"Lovely place, in good location. Short walk to train station. We had a quick overnight stay, but having a washer and dryer was such an added plus, as was the elevator! Very nicely decorated flat. Wish the weather had been better so we could’ve used the rooftop patio, maybe next time.",0
46942,1570300688394254145,2026-04-09,"This was the best Air Bnb we had ever stayed at! 5 star in terms of decor, location and amenities. Lovely place with gorgeous rooftop (we really enjoyed it for meals) and Nora was so responsive and kind. Fantastic just. Wish we could have stayed there longer. I will absolutely be sharing this listing with anyone headed to Zurich! We will be back :)",0
46953,1578914403498392416,2026-04-20,"Negativ: Unfortunately, we had an issue as we had no warm/hot water in the apartment. We approached the host and he did not react for 12 hours. Also, the of 14 amenities listed four were missing ( essentials such as soap, shower gel, shampoo, toaster in kitchen). Also the pictures of the apartment did not match with reality. Especially the sofa was completely run down. Positiv: cleanliness of the apartment",1
46983,1578990097013733111,2026-06-10,"Great location in the historic district near the main train station. Flat was spacious enough and fully equipped with the essentials and very clean. The hosts were very communicative. Little warm on the first day but the fans helped. Expect a bit of noise from the street, the place is above a bar, but nothing too disturbing.",1
46986,1578990097013733111,2026-06-26,Phil’s place was great. Excellent location and an easy walk from the main train station. Lots of public transport nearby. The apartment was super clean and comfortable. It was HOT in Zurich but the fans helped a lot. Overall we loved our stay.,0
46987,1579573888544193706,2026-01-21,"I had a great stay and I’m really thankful for such a smooth and comfortable experience. The place was clean, cozy, and exactly as described, which made everything stress free. The host was kind, responsive, and made sure everything was taken care of. I really appreciated the hospitality and would definitely recommend this place to others.",0
47022,1602303668943894995,2026-02-08,"The flat of Eduardo is not placed in the city centre or in the middle of a hotspot, but it only takes 5 minutes by tram to get to ""Lochergut"" (nice area with bars/restaurants/cafés). The tram/bus stations are really close to the apartment and are just 5 minutes walk away. There’s also an Aldi under 10 minutes away. The apartment was clean and had almost everything you’d need for a stay!",0
47024,1602303668943894995,2026-05-31,"Just what we needed in Zurich- close to transit and easy to find. Be aware that air conditioning is rare in Switzerland. It was very hot while we were there, but the fan was super helpful. The space is tiny, but all we needed. Would definitely recommend for a solo traveler or a couple.",0
47055,1604963096906994436,2026-02-15,"This apartment was gorgeous, but the room at the back was incredibly stuffy, very small and had no ventilation for my kids. It needs an air vent or fan. We had to leave the windows open for airflow but didn’t sleep all night as it’s right above bars and restaurants. Great location though, good host and very clean apartment.",1
47069,1604963096906994436,2026-04-26,"The apartment was very well located, very clean and well equipped. The double bed was very comfortable. It is rather on small side, which is the only negative remark on my side.",1
47093,1595561813147837016,2026-04-11,Overall good place location-wise. Room is spacious but there’s only one socket at far end. The WiFi is very unstable and I fail to connect 50% of the time (and I have checked with the host but no reply). However always great to have laundry machine available.,1
47097,1595561813147837016,2026-06-04,"The location was excellent, and Hamza was easy to communicate with and very helpful throughout our stay. However, the bathroom and common areas were quite dirty from the time we checked in, which was very dissappointing for us.",1
47101,1595571107078079424,2026-01-23,"Hamza goes above and beyond! He is genuinely so nice. I requested a few favors, and he took care of everything without hesitation. He responds to messages right away and is always available. The location is great. clean and conveniently walkable to the train station :) thanks Hamza",0
47111,1595571107078079424,2026-06-28,"Overall, this place is what you’d expect for your money’s worth. Hamza is really responsive but I found that my experience fell short due to the environment. Kitchen and bedroom was clean when I arrived. However, I knew I’d be going into a place near the station and without AC but I didn’t expect to hear so much noise from people up to 4 am, which made it hard to sleep. In addition, there is a drainage problem in the bathroom and sometimes did make the shower process longer. Therefore it was an okay experience, but the restaurants around this Airbnb were fantastic!",1
47115,1605030392464140887,2026-05-04,"Host super responsive, apartment was well fitted out and in a great location. There were plenty of sockets, adaptors and a hairdryer. We had the sofa made up throughout the stay but there was a table and chairs to sit at. Just right for three girls travelling together. If you’re not a fan of bar/street noise throw in some ear buds. It’s the compromise of being so central but also means there’s plenty of places to eat. Check-in and checkout instructions were clear and easy to follow.",1
47121,1605030392464140887,2026-06-19,The place is nice and very well located. Nora communicated very well with me. I think the place is overpriced but still went for it because I value my comfort. The only issue is the absence of air conditioning which made the place incredibly hot I didn’t stay 10 minutes in the place. I just booked a hotel and wasted the money spent on booking. The place is great and Nora is amazing but I wouldn’t recommend in summer time.,1
47130,1612110143594329714,2026-05-20,"Your rental apartment was absolutely amazing. We really loved the layout of the house with its many rooms. The beds were very comfortable and soft, and the kitchen was spacious, with two refrigerators. We especially appreciated that all the spices, dishes, utensils, and absolutely everything needed for living in the house were provided. Everything was simply excellent. If we have the chance to return to Switzerland, we will definitely look for this accommodation again. Thank you very much.",0
47147,1621761187483289509,2026-03-05,"Apartment close to the tram station. Good localization. However the system for warming the shower water is annoying (you have to use a switch) and the apartment is badly insulated so you can hear everything happening in the corridor (and it is close to the entrance door). Beside these issues, it was fine.",1
47150,1621761187483289509,2026-05-24,"This was a great deal in Zurich! Super close to the tram which made getting around the city a breeze. The only downside would be the noise from the neighbors, but other than that the apartment and host were great!",1
47167,1613792819221100520,2026-03-16,Great place to be if you like quiet and peaceful settings. Close several biking and hiking trails. Close migros and coop. The only thing it needs is a TV and maybe a little more furniture for the living area. But overall it was a nice stay.,1
47172,1623040438263240297,2026-06-15,"this was an amazing spot, very beautiful view of the surroundings from the apartment, very clean, and was in a very calm and peaceful neighborhood. Although checking in has too many steps, but they do a good job of providing the instructions. They are really responsive and a great host. Very much recommend this place.",1
47183,1615419487867486788,2026-04-05,"i’m very lucky to find Michal listings at the last minute before my europe trip. And somehow i got this amazingly comfortable studio to live in while staying in Switzerland. first of all, i texted Michal saying that my arrival time to Switzerland is going to be earlier than expected, and he let us to check in earlier, so thankful for that. when we got inside the house, everything is squeky clean and the neighborhood is so peaceful even when it’s located near the big road you cant hear any car from inside the house. Michal is so responsive and guide you through anything you need. Thank you so much and definitely recommend everyone to book at his place while in Switzerland !!!",0
47184,1615419487867486788,2026-04-26,"We enjoyed our stay at Michal’s place. The apartment was very nice - clean, spacious and comfortable. The location was within walking distance of the train and markets. Michal was a very communicative host. I would highly recommend staying here!",0
47197,1625244394195144614,2026-06-16,Great place to stay that is 15 mins away from the Zurich HB. Apartment was exactly as listed. Michael was very helpful and responsive with messages.,0
47213,1636474791331420609,2026-04-06,"We stayed there during Easter holidays of 2026. Got our room on the 4th level which is basically on the 5th floor. There is no elevator in the building. So, we had to take our luggage all the way using stairs. We got help from the cleaner during our checkout though. There were not sufficient amount of utensils, coffee, tea etc. However, when we asked, Haoran brought some cups and we bought whatever we needed from the nearby grocery store. To keep the wifi running we needed to keep the TV turned on all the time. Otherwise the wifi dies down. Overall, Haoran was a very responsive host but the place needs some upgrades.",1
47224,1638414990108088117,2026-06-03,"I went on a business trip so I found the apartment as close as possible to my work location for the best price. The place is really clean, cute and neat and the instructions are really clear and communication was very good. The only downside things were the fact that The street is extremely noisy so if you want a really peaceful place, this is not it. The coffee machine was not working which was a minor issue for me and Carl responded pretty fast to bring a new one. All in all I would go back but I would bring my earplugs again",1
47226,1638414990108088117,2026-06-17,"Carl was great and responsive throughout our stay. He took care of everything we asked for, and when the internet went down, he quickly offered temporary solutions that worked well for us. The apartment was clean, and the kitchen was fully equipped with everything we needed. We stayed for several days and felt somewhat comfortable overall. The location is excellent and very convenient. However, the noise level was difficult for us. The apartment does not have air conditioning, and during our stay the temperatures were quite high, so we needed to keep the windows open. Unfortunately, this made the street noise much more noticeable, and it affected our comfort.",1
47229,1625396701226611113,2026-06-21,"Absolutely perfect location on the tram line, bakery across the street. The apartment itself is beautiful, but the kitchen was lacking some essential items for cooking which was a bit of a pain. Beds were comfortable, and we had everything else we could need.",1
47233,1638415479207059655,2026-05-02,Clean and spacious apartment. Responsive and friendly host. Only downside was carrying our luggage to the apartment floor. But highly recommended for people travelling light.,1
47236,1638415479207059655,2026-05-21,The location was really perfect to be a let to get around Zurich. The parking on the street is very hard to find overnight. But the parking garage down the street worked well. The construction noise is not a problem with the good windows. The place is clean and exactly as described. Very good communication. We had a great stay,1
47239,1639155894872159649,2026-05-10,"The location was perfect. However I was very surprised that there were no elevators as this apartment is on the 4th floor. The apartment was clean, however it did come with very creaky outdated floors. Beds were very comfortable, bathroom is large and clean.",1
47256,1643561207286048382,2026-05-25,"Everything was good overall. The only issue was the front door — it was difficult to open and should be fixed. Other than that, the stay was pleasant.",1
47261,1632548151427008084,2026-05-07,"Nice place, close to all necessary amenities. The apartment is simple yet nicely furnished. The kitchen is really well-equipped and easy to use; it was perfect for a long, 15-day stay. The building is really modern and you won’t hear any neighbors. You can notice the trains during busy hours, but it quiets down in the evening, so you will sleep well. The only easily fixable downside: the blanket for the bed is a bit too small, and the sheets are a bit lackluster. Apart from that, perfect!",1
47270,1643561207286048382,2026-06-19,"This is a gem of a location, about a 15 min tram ride from the main train station, 30 min downtown. The neighborhood is lovely and there is a great park with a wonderful play structure near by. Other services are also close by. The apartment is small (as posted) but the space is well laid out. There is tons of storage in closets and drawers. The kitchenette is just enough with a good dishwasher and refrigerator/freezer. Again, good use of the space. The bathroom doubles as a hangout spot if you have a sleeping kid. The blinds make it very dark. Jaybe was an excellent host, proactive and responsive. Check-in directions were clear and operating the 6. He proactively added an AC unit to the apartment which was needed during a heatwave in an attic unit.",0
47273,1647741906442102334,2026-05-30,"the place is easy to find, near main station and the neighbourhood was ok",0
47287,1653554089124663542,2026-05-29,"Nice clean apartment, we stayed for one night but the place is neat and organized. Recommended. They provided us with a baby cot too when we asked, but missing the pillow for the cot. Extra pillows for guests would be nice.",1
47288,1653554089124663542,2026-06-07,"Apartment was really spacious and clean, and the host was responsive to my questions. I had a pleasant stay here!",0
47289,1633327172869532968,2026-06-02,"I had a wonderful stay at Zengbao's place. Clean, quiet, comfortable, coffee- and tea-equipped, and close to restaurants and supermarkets. Zengbao is a very nice, friendly, and kind person. Also, check-in instructions were easy and clearly communicated by the host. I would definitely book this place again.",0
47299,1662965786012103466,2026-05-23,"We were very happy with our stay here. Throughout the whole process, our host was always very attentive and helpful. He regularly checked in with us about our arrival times and plans so he could arrange everything accordingly, and whenever we needed something — like hot water or any kind of assistance — he was always quick to help. The location may require around a 30-minute walk from the train or bus station, but if you do not mind walking a bit, it is absolutely manageable and worth considering for the warm hospitality you receive.",1
47323,1679798165910909759,2026-06-04,"i had a lovely stay at Teresa's place! the whole apartment has such a cozy atmosphere, the bed is super comfortable - really perfect after a long day of walking around. it's conveniently located next to a bus/tram stop that takes you to the city center and the main train station. the only minor problem i had was that my data roaming didn't work the first day, and since there's no wifi at Teresa's place i could only fix the issue the next morning at a cafe that had free internet. thanks for having me, i had a great time overall!",1
47325,1663645276665600743,2026-05-28,Nice and quiet location. public transport right near the apartment.,0
47326,1663645276665600743,2026-05-31,"The place was very clean and enough for the few days that we stayed, however, the bed was very uncomfortable. It sank in heavily in the middle, making it difficult to sleep. The location is nice, close to the public transportation and very close to the grocery store. However, there are no fans or AC so if you want to open the window at night, be prepared to hear noise until 2-3 in the morning.",1
47332,1664476379586654463,2026-05-08,"The accommodation was better than I expected, everything was clean and nice. The tram was right outside the door, the only disadvantage was that the tram could be heard even at night.",1
47342,1666002608283835874,2026-06-22,"If you just need a place to sleep and keep your things, this is it. It is very basic. As pictured, the bed is very low to the floor and quite uncomfortable. There is only a little fan that didn't do anything in this heatwave. It is also is very noisy and constantly moves directions on its own. Also, while it states there is a washer/ dryer, what it doesn't say is that it is shared and you have to pay to use it. However, it is conveniently located near Zürich HB (12 minute walk or 10 minute tram ride) and there are teams nearby (3 minute walks). They were flexible in check in time, which i appreciated.",1
47344,1668335261282957890,2026-05-27,"We were the first family to stay here! It was quiet, calm and sunny. The hosts were great, helpful and welcoming. If you’d like to stay near the city of Zurich, you should stay here!",0
47355,1681009247609987187,2026-06-02,"We had a wonderful stay at Ahmad’s house. The home was spacious, clean, and exactly as described. The check-in process was easy, and Ahmad was responsive and helpful whenever we had questions. The location was great, with easy access to Zurich and nearby attractions. We especially appreciated having enough space for our family and the convenience of the free parking spot. Thank you for hosting us and helping make our trip to Switzerland enjoyable. We would gladly stay here again and recommend this home to other families visiting the area.",0
47356,1681009247609987187,2026-06-09,Ahmad was a great responsive and proactive host especially when we encountered issues over some appliances and made the effort to rectify them to the best of his ability.,1
47363,1703829095312341746,2026-06-22,A small and compact studio apartment with modern amenities and well cared for. The host made sure that directions for use for each appliance was clear and available. The apartment is well sited in a quiet residential neighbourhood with excellent transportation links. The host was very prompt and polite in his communication.,0
47365,1703855929873956366,2026-06-25,"Rebecca was transparent, responsive, and always willing to help. The place was clean, easy to access, and well connected to both Zurich city center and the airport by tram. The small kitchen is fully functional; I would have appreciated having a frying pan or something similar for cooking, but there are supermarkets close by, so it was easy to manage.",1
47368,1712977823211903828,2026-06-24,"Awesome stay, very close to Zurich HB. There are plenty of food options, bars, and a kiosk just one minute away. The apartment is amazing, and the room is beautiful. Hatam is an excellent host—very friendly, helpful, and highly cooperative throughout the stay. The apartment has a lift and plenty of natural light during the day. The only small improvement I would suggest is adding a little more lighting in the bedroom and bathroom for nighttime use. Other than that, everything was perfect. I would definitely stay here again, and next time I will contact Hatam directly.",1
47370,1674489674780409128,2026-06-29,Very very beautiful stay the host is very helpful Just some kitchen utensil’s are missing but he given me the voucher ihave bought it and i left there after my use but the climate was also good not too hot but after night its cold no need fans and ac the water beds rooms everything super clean especially the host is very very very help full its very near to city center and compare to his own website in air bnb the price is high thank q I enjoyed a very lot,1
47371,1674493440281922011,2026-05-19,"This apartment was very spacious which was super nice and had 2 separate bedrooms in addition to a living rooms. Also close to train station! Unfortunately, it had a very strong smell of cigarettes that made it uncomfortable walking into the apartment and even into each room no matter how long we were inside for, it was impossible to become nose blind to. Also, the curtains were see through so we were woken up by the sunlight each day which was unfortunate. The host was very kind and the place was clean but just could have done without the smell and liked some thicker curtains.",1
47375,1674664357957625065,2026-05-25,"the place was great! the only downside was that there was no AC and it was very hot this weekend, but there is a heater so in colder seasons it would be fine!",1
