review_id,listing_id,date,comments,critical
59,203997,2016-05-03,"Mike is a super host, was there to greet me and help me get settled in. Great communication from beginning of booking to departure, making sure I had everything I needed and acquainted me with the area. The apartment was lovely, exactly as presented on AirBnB, very European, clean, efficient, with everything and more I could need for a two week stay. The location was fabulous, just a block from Le Lac and the Jet eau and an easy walk to the Rive and Centre. I especially appreciated having a market just downstairs that had everything I needed, and a bus stop right outside the door. The apartment is located to the back of the building so very quiet for sleeping with no traffic noise. I highly recommend Mike's apartment to a single or couple traveling to Geneva.",False
143,276025,2017-10-31,"The place is small but nice, located in relatively quiet area. The host is very friendly and helpful. He asked our questions quickly. A helpful and trustworthy person. It was an enjoyable experience for us.",False
150,276025,2019-02-04,"Gaby's place is lovely. The location is so convient with the train station, grocery and lake near by. The bed was very comfortable. I would highly recomend it and would definitely stay here again.",False
191,338682,2015-05-27,"Mike's apartment is the best! Location is perfect, two blocks from the lake and the jet d'eau, next to a supermarket and 5 minutes away from downtown Geneva (shops, restaurants, etc). The apartment has a lot of light, it's big and has everything you need! I highly recommend this place and plan to stay there again in the future! Thanks Mike for taking care of everything, and thanks Paulina for everything as well!",False
227,338682,2020-03-04,"The apartment is as described and perhaps a bit bigger than the pictures depict. While we were there for a short period of time (2 nights), it would be an excellent place for a longer stay as it has a washer, cleaning supplies, large closet and many drawers, is right above a grocery store, and various bus lines are 1 minute away. So, easy transportation into the city. Can also walk. Great communication with Mike. Safe neighborhood, 10ish minute walk to Old Town, and a nice modern, clean apt.",False
239,3345351,2015-03-29,This is the second time I stay with Lucia; she is a gracious and helpful host. The room and separate shower and toilet are comfortable and in immaculate condition. The location of the apartment is very convenient. I shall certainly be back.,False
252,3345351,2016-04-21,"Lucia was a very nice host and explained everything really well. The apartment was perfectly clean and quiet, very well located. In top of everything, the bed was super comfortable. I would definitely recommend to stay at her place.",False
282,3345351,2023-08-31,I stayed with Lucia for just over a month when I first moved to Geneva. The space was exactly as advertised and made my transition to living in a new country incredibly smooth. Lucia was always an accommodating and communicative host. I enjoyed my stay with her I would recommend this listing to anyone!,False
286,3345351,2026-04-30,"Great host, Good place, worth the money. location depends on your work but for me it was good. had coop, McDonald's and migros nearby.",False
317,399388,2014-04-17,"Had a lovely time staying with Oscar for a month, he is wonderful, really helpful and thoughtful. I would totally go back and stay anytime I'm back in Geneva, such a clean, tidy, easy going apartment, and a great room. The location is awesome, great chance for running by the river. Oscar is an excellent host, really enjoyed living with both him and Martin!",False
492,649023,2021-05-21,"Very nice location next to everything, clean apartment, good and ease communication with the host.",False
497,3789436,2023-09-20,Nice and clean cozy space. Maps points to the wrong place so make sure to pay attention to the street names.,True
518,649023,2021-09-08,"The communication was very detailed and the studio is well situated in old town. I also used the washing machine in basement, which was very helpful. All in all perfect for a short stay!",False
578,4146046,2020-02-09,"Great apartment, nice spaces, very clean, and super close to the tram.",False
581,4146046,2022-06-24,I had a wonderful stay! Everything was well organized and the apartment was just great!,False
596,649023,2024-09-11,Wonderful location that's hard to beat. I had a great stay and would highly recommend the apartment.,False
600,649023,2024-12-01,"Warm and cozy studio, just what i needed for a weekend (but well equipped and could have stayed longer), so central in old town, building has lift, used to be a theatre. The cathedral bells are a backdrop. Bathtub, light (and blackout), and Eliora Elena is super easy to communicate with.",False
617,649023,2025-09-10,"The place is very peaceful and quiet at night and morning, the building is well designed, the apartment is cozy, if you have a heavy suitcase it needs agood wheels because the roads are hard on them.",True
732,4320491,2015-06-15,Iris is a very nice and attentive host. She made us feel very welcome at her house. It's well located and easy to find. The room is small but pretty and full of light. We had a good time and the breakfast was great.,False
742,706264,2015-06-28,"This is my second stay at Hortense's apartment. I love it, so much better than a hotel but just as comfortable. She has a new bed which is wonderful, you are sure to get a good night's sleep. The place is tastefully decorated, the television even covered with a picture so if you just want to hang in the living room with a t.v. staring at you, you can. Very light and airy peaceful place to stay. She has the place equipped with a hair dryer, shampoo and all you would need in the kitchen. Location is very central with good restaurants with a few feet, plus grocery stores, excellent ice cream shops. Only a few blocks from the lake. Hortense was also flexible about check in and check out time, after long haul flight this is most welcome!",False
780,706264,2018-04-29,"Hortense was very responsive and helpful. The space is really nice, and the location is great. A nice 15 minute walk from the UN buildings on the lake and right near many shops and restaurants. I highly recommended it.",False
1082,751941,2017-01-19,"The place was great and very close to the bus stop. The host was able to check us in early, she was really helpful!",False
1102,4769087,2016-05-31,"Iris is a very warm host who truly cares about her guests' wellbeing in Geneva. She whips up a good breakfast for her guests every morning and never fails to greet everyone with a smile. I think my French has improved during my course of stay too - she was really nice to teach me some commonly used words and hopefully I can grasps them all in the time to come. The place is also cozy and a 20 min tram ride from the main city. If you are looking for a pleasant and homely stay in Geneva, do give Iris's home a go! :)",False
1105,4769087,2016-06-13,"If you want a shelter where can satisfy your fantasy for attic of cozy house in Geneva, This house of Iris would be perfect place! And Iris and his husband are so kind and nice people. If you face the frustrating situation during the life in Geneva, they will help and guide you with careful supports. Also, Kitchen is always prepared with the tea and fruits. When you came back from outside, you can relax with hot tea and you can wake with beautiful bird's singing!",False
1192,766186,2013-04-05,"Very nice loft apartment, well furnished with interesting decor, and clean. Being on the top floor, and having windows opening in two directions gives rare glimpses to the lake and river, and allows for a good breeze and sense of space. Easy access to public transport - and walking distance to town. Immediate area is not the most exciting, although there are supermarkets nearby - but Geneva is small and easy to move around. Dave is very helpful and explains all you need to know in using the apartment.",True
1199,4799361,2019-04-06,"Helena’s place is located in the heart of Geneva. Walking distance from all the main spots. The apartment is clean, well maintained and well equipped. Would definitely recommend it to anyone",False
1205,4799361,2022-12-10,"We had a lovely stay at Helena's place. It was elegant, absolutely quiet, and bright, and it was easy to find and get in. Right outside is a bus that goes to the UN, the ecumenical center, and the main station. Helena responded to questions immediately. Overall a wonderful stay.",False
1214,4799361,2024-12-17,"This is the second time we have stayed at one of Helena’s apartments. Always we feel at home, welcomed and looked after. Home away from home with a wonderful host.",False
1240,4887567,2016-06-04,"The apartment was as described, very light, airy, clean, well equipped and perfectly situated for access to public transport. Miguel was very responsive even though he was not on site, and his son was waiting to greet us when we arrived. The apartment was very quiet despite the location and there was minimal neighbor noise from above or next door. There were hundreds of CDs DVDs and books and a high end stereo and TV system, a bit confusing to use but a set of instructions were available. The kitchen was well equipped with nice plates, glasses etc and a few basic items were available if one wanted to cook. There were plenty of restaurants and take away places nearby. We would happily return to chez Miguel and recommend it for business or leisure travelers.",True
1262,766186,2017-05-05,Really nice apartment where I feel like at home. Living room is cosy with a stylish furniture. Bedroom is very quiet. Easy to come to with tram 14. Shops and restaurants are near the building. I really recommend Dave's apartment.,False
1268,4887567,2016-09-22,Everything was wonderful. A beautiful and sophisticated apartment in a great location. The owners are great hosts and very accessible and accommodating. They also have good taste and style.,False
1363,4887567,2019-03-06,The flat was great. Very comfortable and clean. We had bed linen and towels available. The apartment looks very nice and the open place area is great. It has all the kitchen appliances you might need. There are very big windows in the open place area that lets plenty of light in. Miguel was very helpful and communication was great. We had no problems checking in or out. Everything was very straightforward. The place is really close to the station and it takes less than 10 mins to get to the Airport. Having wifi at the flat was also very helpful too.,False
1514,766186,2024-04-28,"Dave's place was wonderful and cozy. Very conveniently located and close to local transit. Beautifully decorated if you are looking for some MCM style ideas. Clear check-in instructions and responsive communication. I'd recommend Lahore restaurant down the street, some of the best butter chicken I've had but ask them to make it spicy!",False
1571,775934,2014-05-31,"I stayed with Lucia for 10 days. Lucia is kind, gentle and gracious host and I enjoyed very much my stay with her. My room is fully furnished and the apartment itself is very clean and tidy. Plus, the location is very convenient and I didn't have problems finding my way around Geneva. I also enjoyed the few times chatting with Lucia and learning something from her. I hope that in my next visit to Geneva, I will be able to stay with Lucia again. Thanks so much Lucia! - Kathy",False
1611,800449,2019-08-23,"I had guests from abroad so they were in Lucas apartment. The place is great, just as described and even better. Lucas is most attentive host who is interested in your needs before you come, so when you arrive all is in perfect order. I am fully recommending his place. Thank you for everything!!!!😀",False
1688,909957,2016-05-11,The apartment overall is very beautiful and accurately represented. The space is very large and the commodities offered made the stay very hassle free. Pedro responded very quickly to questions and booking as well as made the apartment immediately available.,False
1714,909957,2017-01-03,"We enjoyed our stay at the White apartment, it was nicely decorated, fairly convenient and comfortable.",False
1797,5178823,2015-09-30,"Quiet apartment in a great location. Henrique is a really interesting and hardworking guy, speaking several languages and generelly being very helpful. The room was clean and comfortable. I look forward to my next stay!",False
1815,5178823,2018-04-01,"Henrique deserves the 5 star feedback . His room is clean. The amenities are all confortable and clean. The point is he is really helpful in giving advices to the tour in Geneva. As a new comer at airbnb, I am afraid that the stay might bring stress to me as it raise my expectations for my future stays at other rooms.",False
1819,5178823,2018-12-22,"I had a fantastic stay at Henrique's place! The space is nice, the location is excellent, and Henrique is very welcoming. I would highly recommend staying here!",False
1824,909957,2017-12-17,"I would highly recommend this apartment. It appears exactly as the host described it. It is very close to town, and very quiet. I am a fan of anything white and really appreciated the decor. Pierre looks like we have the same taste. Thank you.",False
1865,909957,2019-11-20,Lovely place. Very comfortable and clean. Great location. Pierre gave very clear instructions on how to get in and was quick to respond to questions. The building facade is being renovated but I was out during the day so I didn’t hear any construction noise. Will definitely stay there again!,True
1874,5178823,2024-12-18,"Whether its inviting you to a home cooked dinner with his friends to providing helpful tips about the city, Henrique will make you feel right at home in Geneva. The flat is spacious with a fully stocked kitchen, common area, and two restrooms. The bedrooms also have all the furnishings you'll need. Would definitely recommend!",False
1957,952342,2014-04-21,"Dunja was a very accommodating host, making last-minute arrangements so we would be more comfortable and giving us print-outs of the bus schedule, which we had been unable to access online. The apartment is a chic music- design- and book-lover's dream in a beautiful country-side setting. We were there on a holiday weekend, but found a charming restaurant with a good cook at less than 10 minutes walk away, so didn't have to cook every meal. All in all a wonderful place to stay.",False
2075,6151047,2016-04-29,"The apartment is just as described, all that you would require... The location for us was just perfect, a few mins from Lake Geneva, an easy drive round the lake to Lausanne, and up into the Alps.. Spectacular... Banna is a very nice and friendly host, loving a couple of doors along in the same apartments, always on hand for some valuable local knowledge, and made sure our stay was a happy one... Banna also left lots of goodies in the fridge for us to use and fresh flowers on our arrival... I would like to say that although the apartment had an oven, a microwave would be an added welcome addition....",True
2237,6151047,2023-08-16,It was comfortable and located close to a bus line that we used to get around the city.,False
2317,6248193,2022-09-06,"Fantastic communicator, great location, easy access to the park, great for long term stay as I did, nice area, and well equipped kitchen.",False
2450,6279426,2025-11-21,"Lucia is a great host, very friendly and informative. The flat is very well kept, clean, everything well organised. Absolutely recommendable!",False
2456,6507694,2016-01-22,"Arnaud was a great host, very accommodating and welcoming. The apartment is lovely, recently refinished in a modern and very functional way, with a kitchen that has everything you could possibly need, The apartment is well located in old town with several cafes and restaurants close by.",False
2480,1163211,2026-06-05,"Wow, what an incredible host and place to stay in Geneva. Peter was a true superstar - welcoming, friendly, and his apartment is a beautiful space. The space has lots of great light, loads of space, friendly cats (Gin and Tonic), a mega comfy bed, a great shower and a perfect location to walk everywhere in Geneva. I loved the fact that Peter devoted time to getting to know his guests - a true model of what Airb&bs started to be ...... and should be. His home is your home. I would definitely recommend staying here in Geneva, and I will be back again.",False
2486,6507694,2016-09-18,"Great location in the heart of Old Town Geneve. Walking distance to many shops, museums, the St Pierre cathedral, restaurants and bars. The space is exactly as depicted in the photos, very comfortable and clean. Check in was very easy and Francois's communication before our trip was clear and responsive. A note for anyone with large, heavy luggage or traveling with small children - this flat is located on the second floor, although there is an elevator/lift it is small…you may just need to be prepared to make several trips!",True
2516,6507694,2018-07-02,We really appreciated Francoise's attentiveness to detail and responsiveness to our requests. We loved the flat and location in Old Towne. Very easy to get to the flat from the airport and to walk around Geneve. Thanks Francoise!,False
2544,1179787,2013-07-15,"If you are going to Geneva, stay with Jean-Philippe and Xioung. They are highly warm and gracious hosts and made us feel very welcome and like family. They provided us with a lot of information about Geneva that enhanced our visit. Their home is conveniently located near the train station and the lake and is beautifully and tastefully decorated with artifacts from Southeast Asia. The bedroom and bath we used were extremely comfortable and clean. Both our hosts have led interesting lives, which they generously shared to our happy enjoyment. They were so much fun and so charming. We hope to meet them again someday.",False
2562,6507694,2025-11-05,"Francoise's apartment was the perfect place for me to stay while I was working in Geneva. The bed was comfortable, the WiFi quick and reliable, the area ideal and the whole stay enjoyable. A perfect Airbnb experience!",False
2757,1179787,2015-06-29,"We had an outstanding experience. Jean-Philippe couldn't have been warmer and more helpful--it was like having our own personal tour guide to Geneva, a city he obviously loves. The accommodations were spotless and beautiful, and exceptionally well located--less than a five minute walk from the train station, and then less than another five minutes to the lake. We walked everywhere--along the lake, to the UN area, through Old Town--guided by the audio tours Jean-Philippe provided. We were also a half block away from Parfums de Bayreuth, a highly rated and delicious (and affordable) place for Lebanese food. So glad we found this place!",False
2832,1179787,2016-04-29,"The room is so clean and comfortable, location is convenient, very close to train station. The host is nice and polite. For sure, we will choose here again if we visit Geneva.",False
2884,1179787,2017-10-29,Thoroughly enjoyed our stay at Jean-Philippe and Xuong's place. They deserve all the positive reviews. Our flight was delayed and Xuong was so accommodating despite how late our arrival was (nearly midnight)! Also they loaned me an adapter so we could charge our phones. Highly recommended!,False
2914,1179787,2018-04-06,I would highly recommend this accommodation when visiting Geneva. It is a 3 min walk from the main train station and about 10-15 min from the city centre by foot. It was very clean and SECURE which was a big thing for us. Felt very safe staying in this accommodation and would definitely stay here again.,False
2940,1179787,2019-02-12,"Absolutely amazing room in a fabulous location. Thank you both for the fantastic cozy room, speedy responses and help with exploring (and eating in) the city. We plan to visit your amazing city again soon, and will definitely stay at your place.",False
2948,6989399,2025-07-01,"Ranya is a wonderful host, always quick to respond and helpful with any questions related to our stay. The place is in a modern housing complex, with the cleanest bathroom and well-maintained furniture and equipment. It’s a short walk from the bus station and has multiple supermarkets and restaurant options nearby.",False
2957,7125870,2017-10-03,"Very well located in the old town district. Plenty to see and do within a very short walk. Main station is only 10-12 minutes walk. The famous fountain isn’t far. Plenty of restaurants. Thai massage available on the ground floor if you’ve had a hard days travelling. Easy to find once you have worked out the numbering system of the square - odd numbers on one side, even on the other. Apartment located on the lower side of the square. I’m sure you will enjoy your stay.",False
2981,1179787,2019-09-25,Xuong and Jean-Philipe were most accommodating not only to meeting me on arrival but also for my departure when I wanted a quick tour of CERN after checkout time. They have a great location that is within walking distance of most anywhere with great views of the city.,False
3056,7271653,2017-06-05,"It is clean, quite large single room with modern bathroom and small kitchen. The bed was comfortable. A washing machine is helpful. Near to a Co-op, 3 minutes down the hill to bus stop . Nearby many restaurants and in the Old Town so plenty of interesting history to explore. I arrived a little early and this was OK with Philippe. He responded quickly to all my (few) messages. Only small problem is you need the windows closed at night to sleep because of the people who seem to congregate outside the building talking loudly all night!",True
3074,1179787,2022-08-22,Amazing place and amazing location! Super close to the train and the lake! It was a pleasure to stay here,False
3099,1179787,2023-07-20,Good location. We only had the chance to meet Philippe. He’s very friendly and kind. Make us feel like being at home. Highly recommend.,False
3118,1179787,2024-03-28,"Such great hosts, very welcoming and made check in very easy! Great location and good value for money Thank you for the lovely stay :)",False
3222,7289703,2022-07-29,Erika and Nacer were both great hosts. Always there for you if you need anything. Place has good view from the windows. Would recommend to stay here.,False
3227,7297517,2016-06-05,It was a great place. I had the instruction to access the flat before my travel date and had no difficulty finding the place and accessing my room. All the instruction were clear. I could contact Isi and get response quickly if I had any query. The place was clean and quiet. Was very close to the Geneva train station and superstore Migros. Isis made efforts to meet me in person and I really appreciate that. Overall I would say a very good value for money.,False
3304,7297517,2023-04-02,"This was a great place to stay, it was easily accessible to the train and bus station. The host was very accommodating and made our stay very enjoyable. We would highly recommend.",False
3463,1192759,2015-07-14,"Philippe and Xu are excellent hosts! Philippe met us when we arrived and had already thought of an itinerary of things to see during our short stay (2 nights). They were friendly and have us plenty of space and privacy. The room was very well maintained and the bed comfortable and had fresh, clean linens. The bathroom is huge and the shower is great--they provided all the little things to make our stay easy, including a power plug adapter, as we forgot ours. A great first airbnb experience for us. The toilet is not in the room, but is nearby the exit door and anyway the route from the room to the toilet is private enough--it was not a problem at all for us.",False
3494,1192759,2015-09-03,Jean Philippe and Xuong were waiting for us when we arrived and greeted us like we were a member of the family. During our whole visit they made us feel right at home. We really did enjoy staying in their apartment. They provided all the amenities that we ever could have wanted. We really did appreciate their providing the audio guides for Geneva. That really did make a difference in our being able to enjoy the city. The location of the apartment could not have been better. Jean Philippe was a storehouse of information for seeing the city. Overall it was an excellent experience.,False
3533,1192759,2015-10-28,"Upon booking our trip, both Jean-Philippe and Xuong we're very helpful with providing all the necessary information that we needed prior to arriving in Geneva. The instructions to their place was very clear and easy to follow. It was great to know that we were 5 mins away from the train station and was close to restaurants and stores. We were given a very warm welcome and our questions we're always answered if we had any. We decided to stay one more night in Geneva and luckily they were able to accommodate us. We felt at home and very comfortable with Jean-Philippe and Xuong and would highly recommend to anyone visiting Geneva to give them a shot.",False
3577,7336796,2019-12-06,Philippe and Elzbieta’s hospitality and communications are outstanding. The accomodation are perfectly fit for 3 of us. Those made our stay in Geneva a wonderful experience. Thanks a lot guys!,False
3627,1192759,2017-01-10,"Located in the centre of Geneva, Jean-Phillipe & Xuong's place is the perfect place to explore the city from! Jean-Phillipe and Xuong were fantastic hosts and will make sure that you get to experience the best of Geneva! Highly recommended!",False
3675,1192759,2018-02-04,"A fun and comfortable space! Although the room (actually room with private bathing/showing/sink--shared toilet just adjacent outside the room) is a piece of a whole apartment (as stated in the listing), I rarely ran into my good hosts at all. They were careful to guard my privacy completely. The location is about three minutes from the Cornavin Train Station (the main/Center train station in Geneva), so catching the tram for getting to my work was a snap. And even on Sunday when Geneva stores pretty much close down, the train station grocery store, drugstore, and other shops are open for business. The room is a kind of attic add-on in and older apartment building, with exposed beams (watch your head!), but I found it very sympatico and comforting. I would stay here again for sure. Thanks!",False
3741,7348483,2016-10-15,The house is well-located near downtown Geneva. The host was very responsive and kind. Everything you need when traveling is all in the house. The house is well organized and equipped. It was very good place to stay. I recommend this house very strongly to everyone who plans to visit Geneva.,False
3781,7348483,2020-01-03,Everything was great! I really recommend this place. The flat is gorgeous and good lokalization.,False
3782,7348483,2020-04-30,"Superb location: quiet but still close to public transportation, supermarkets, pharmacy, post office. The apartment was very clean and stylish, and the view from the balcony is very nice.",False
3835,7367940,2017-04-06,The apartment is well equipped with plenty of space and very clean. The neighborhood was quiet and residential.,False
3880,7416695,2015-09-21,"Mauricio is absolutely awesome. He is very kind, friendly, and helpful. I came to Geneva with very few plans and he told me about a ton of things that I can do. His place is clean, easy to get to, and in a very central location in Geneva. 5-stars without a doubt. The room is very nicely decorated. Overall, I would highly recommend staying.",False
3954,7416695,2018-10-15,Mauricio's place got everything we could have asked for and more. The place has been such a great stay that we regret leaving. Truly a place that fulfill our vacation.,False
3978,1236785,2017-11-16,"I have stayed in this apartment on numerous occasions. Viona is very warm and responsive. The apartment has a great balcony and view overlooking a lovely park, which is particularly nice in the summer. It's very bright and full of natural light. It's right next to the bus stop for the airport, so very easy to get there and get back. You are about a ten minute walk from the train station and you can get the tram from only over the road into the city centre. Recommended!",False
3983,1236785,2018-10-25,"Lovely, light studio flat. Number 5 bus brings you to the door from the airport. Supermarket, pharmacy & restaurants are 1 minute away. Viona responds quickly and helpfully. Couldn’t be better.",False
4021,1251652,2017-11-10,"Nice clean apartment, well located and with all the facilities as advertised.",False
4048,7416695,2022-05-28,"Mauricio's place is very easily accessible: a minutes walk to the lake and to the train station. The neighbors we met were friendly and helpful. The area had so many cute shops and delicious smelling restaurants. The most notable thing about this stay was the excellent communication! Check-in, checkout, and miscellaneous questions were well conveyed. The apartment itself was clean and had the touches of home. I would definitely stay here again and recommend anyone I know coming to Geneve to stay here as well! Thank you so much!",False
4051,7416695,2022-07-26,"The location is perfect! The apartment is so nice, clean, and well stocked with essentials. Communication from the host was great. Would definitely stay again!",False
4052,7416695,2022-08-14,"Mauricio's apartment is perfect for those visiting the city! It was great for my partner and I as we visited for a few days. We loved how close it was to everything and even though it was super hot, we were able to stay cool with the help of Mauricio's fans. I would highly suggest staying here and will absolutely be coming back!",False
4055,7416695,2022-11-17,"I highly recommend Mauricio's studio to other travellers. It is very conveniently located, close to the Geneva train station. It is well equipped and very comfortable. It is quiet (no noise from neighbours and it is away from the street) and cosy - I felt very at home and plan to stay again soon! Thank you, Mauricio, for a great stay!",False
4114,1273891,2022-07-18,"We had a lovely stay in Ioan’s apartment. We are a family of 5 with a child who has special dietary needs, and could not find a hotel that could cater to our needs. Ioan’s apartment is a real family home and was perfect for what we needed - a little more space and a kitchen! Even though the apartment is in a residential area, it is centrally located and near the Jet D’Eau, Baby Plage and many shops and restaurants. We easily walked from Old Town and central Geneva to the apartment with 3 young children. Ioan also went out of his way to look after us and ensure we had everything we needed even though he was on holiday. We very much enjoyed our stay and would recommended for families!",False
4135,1298750,2015-01-13,"I had one night in Mauro's flat and it was ideal. It was easy to find, a short walk from the WHO, and it was very clean, spacious and comfy. Whilst I didn't meet Mauro (all was arrange on text) he was very easy to get on touch with and he checked up on me to make sure I had everything I needed. My first air BnB experience and a very good intro! Thanks a lot Mauro",False
4145,1298750,2015-07-16,"This apartment was perfect for my trip - 15 min walk from the WHO/UN organisations, supermarket nearby, it is a bright and clean apartment in a quiet neighbourhood. Mauro was very communicative and helpful, although we did not meet in person. I would highly recommend it and would certainly stay again if I had reason to be in that part of town.",False
4182,1298750,2016-06-03,"Mauro is a good host, he's very friendly, he checked if everything was OK, he's easy to contact and he replies quickly. The studio was spacious, clean, and well equipped with everything you need for your stay. The area is quiet and shops, restaurants, and the bus stop are in walking distance. Next time I'm in Geneva I'll book this one again!",False
4185,1298750,2016-06-20,Everything is perfect! The neighborhood is very quite. The place is very close to the bus station and there are some good restaurants and a supermarket near around. I had a good stay at Mauro's studio.,False
4195,7416695,2025-07-14,The apartment was as described and conveniently located between Gare Cornavin and the lakeshore.,False
4196,7416695,2025-08-02,"The apartment was nicer than the photos. The bed was large and comfy with many pillows. It was stocked nicely to cook in, having all the amenities as listed. Mauricio was also a responsive and friendly host. We had a fine stay, and I would recommend it to others.",False
4262,7492145,2022-09-16,"Great location. The apartment has a living room combined with a kitchen, and a separate bedroom. The bathroom is in two separate spaces: there is a toilet (no shower) accessible from the living room and a shower (no toilet) accessible from the bedroom. The host made all the appropriate arrangements via a third person. We enjoyed our stay.",False
4318,1298750,2023-07-21,Great location surrounding the international organizations (UN etc.) Apartment had everything you need! AC would be great (mainly for summer months!) Mario is super lovely and flexible to your needs!!,True
4339,7551598,2022-07-15,I'm very happy to stay with basma everything as it announced in Airbnb and the location is very close to nation the room is very big and comfortable the area is quiet next time i will stay there,False
4343,7551598,2022-10-12,"My stay at Basma’s place went really well. She was extremely accommodating, since I arrived a bit past midnight and she waited up for me. Her place is really nice and convenient to the downtown area and train system. She made me feel right at home and was a wealth of information regarding potential places to visit. Do not hesitate to stay Chez Basma!!",False
4379,7551598,2024-06-13,"Basma is an excellent host, very responsive by message, very clear directions on how to get to the apartment. The place is close to 14, 18 tram station, close to cafes restaurants and supper markets. Thank you for the welcome and I highly recommend this peaceful accommodation and good value for money.",False
4429,7586171,2017-09-01,"Bianca and her brother are nice people and I did not have any serious problem with them or the room I stayed in. I do not speak French, but it seems to me that the family speaks Portuguese, so, I was able to come by with my Spanish. Although the language barrier the communication was easy. It is true, that they do not lock the apartment and I did not have a key to my room either. This might be a cultural/Swiss thing. There was a party one evening in the apartment, but it finished at 23:00 as Bianca and her brother promised, OK for me. All around fine for a short stay.",True
4512,1702148,2014-04-26,"The hosts are very nice and friendly. The room is clean and the bed is comfortable. If you sleep very late, you may need to keep your voice down as it could disturb the host's sleeping time. Other than that, I would recommend staying at this place! = ]",True
4577,7622817,2021-09-12,"Rebecca's place is really great. Near to public transport, nice neighborhood, a big and we'll furnished room as well as the common areas. She's a super kind host and I will definitely recommend her place to stay in Geneva.",False
4624,7626959,2018-10-17,"I really recommend this apartment. Brilliant location in the heart of Geneva. Close to main sightseeing, shops, cafes and bars. The best place to discover the city and walk around. Historical building and cozy apartment.  You can find everything you need inside (and even more). One thing you should consider is not enough hot water for three adults at the same time (waterheating in the apartment). Lena is a friendly and kind host. She was online anytime ready to help and gave many useful recommendations. I really appreciate for this.",True
4632,7626959,2019-09-22,"I spend one week at Lena's place while on a conference. The apartment is nicely located in the city center, with shops and restaurants around. It is just 2' away from the bus/tram stop which makes it very convenient. Lena's place is spacious and it has a functional kitchen. Lena was very responsive and check in and out was easy. Overall a good a experience.",False
4685,1933146,2015-10-18,"We loved it, the apartment was perfect. Breakfast was great, and the staff were very helpful.",False
4692,7626959,2024-04-15,"Can’t beat this location! The flat is great space. Lena made check in and check out very easy and was very communicative. I had everything I needed. I did not cook or use the kitchen so I can’t speak to that, but everything else was great!",False
4750,7632418,2016-09-14,"Although we did not meet in person, Van was a great host. His communication was excellent, and he was very accomodating with our uncertain time schedule, being very flexible with late check in as well as late check out options. The apartment was comfortable for two couples, and the location could not be more convenient to the main train station.",False
4803,7632418,2017-05-06,Excellent stay! Van is really helpful by giving a clear instructions on how to get to the apartment and since he is also travelling at the moment he provides other friends contact numbers so that we can get in touch shoukd there's any emergency. Great house. Very convenient since its so near train station.,False
4843,7632418,2017-09-07,It's so nice less than a minute from the city center and all things you need just next to you,False
4849,7632418,2017-10-06,"Van is very responsive, the guide book he sent before is quite informative. I forgot he sent me the details for checking in but everything was fine. We didn’t use the kitchen, except for some hot water and nice tea. There are some nice restaurants nearby and it is quite close to the city center(if I remembered correctly). It was overall a pleasant stay.",False
4901,7632418,2018-05-12,nice location and apartment. van was very communicative. I recommend reading the instructions throughly lol,False
4957,7632418,2018-12-12,"Excellent location, good amenities, spacious, clean, well-stocked with useful things either provided by the owner or left behind by previous guests such as washing liquid, electrical power adapters, etc. Excellent value for money and would definitely stay here again.",False
5032,1933255,2016-09-27,"The apartment/ flat was exactly as described and everything from check in to check out was super easy and smooth. I highly recommend this apartment for both its cleanliness, large size and the professionalism of the hosts. I will certainly try to rent this again next time I am in Geneva.",False
5050,7632418,2019-10-22,The flat is really clean and the location is perfect! ( 5mins walk from the train station),False
5145,7701827,2017-05-07,"I really appreciate everything. The house is about 5 min of the airport, it is very close to good restaurants and the tram station. It is a very beautiful and clean house. Fabrice, the owner of the house is very welcome and made us feel really confortable and even introduced us to very good person :). I enjoyed a lot and for sure will stay at the same house when go back to Geneve.",False
5148,7701827,2017-07-08,"The apartment is better than it looks in the pictures, very clean, with a location that is both central in a neighborhood that can provide anything but quiet at the same time so you can relax and enjoy your stay. What's more, the apartment's host was always easy to reach, eager to help us with anything and truly made our experience in Geneva even greater! Would for sure visit again!",False
5218,1933255,2022-12-25,"Great location in the old town. Very convenient. Clean, spacious and comfortable. We enjoyed our stay.",False
5233,7798321,2016-03-15,Very convenient location and had all the ameniies needed. Great position for the Geneva Motor show.,False
5340,1933255,2025-12-31,Great apartment and spacious for our family of 5. Christine was very helpful and provided all instructions clearly. The apartment was close to everything.,False
5345,1933255,2026-02-14,Water facility in shower was low pressure and old. Electricity old and needs repair. But a large and spacious place. In the middle of everything. Balcony and and large bathrooms.,True
5377,7798321,2022-06-15,Excellent location and space. We were three couples and had ample privacy. Excellent for group or family who need just the basics.,False
5433,7798321,2026-01-02,This place is HUGE! Basically 3 apartments in one. It was perfect for our family of 5 and right in the walkable distance to great shops and town. Truly couldn’t have asked for a better experience.,False
5486,7830382,2016-06-24,"Everything was great except busy street. At night it may be noisy, especially in hot weather when you'd like to have window open. For people visiting CERN the location is perfect (half an hour walk thru parks and fields). Also, the espresso machine is a bonus!",True
5522,1933385,2016-10-26,This is a great place to book in Geneva - excellent value for money in a very expensive city! We were there for work so the extra space of dining room and living room gave us plenty of space in which to meet with colleagues. I would highly recommend this apartment for a stay in Geneva. The location is also excellent and convenient to public transportation which makes traveling around the city easy and to/from the airport a breeze.,False
5621,1933385,2020-01-21,"A fantastic large and airy 2 bedroom apartment situated in the heart of old Geneva. Christine was a super host. She provided fast and informative responses to our email questions and went out of her way to introduce herself and make our stay enjoyable. The apartment has everything needed for a short or long stay; including a fully equipped kitchen, washer/dryer, dishwasher and a large sunny lounge and dining areas. The old town is right on the door step and a large supermarket only 5 minutes walk away. The apartment itself is part of the hotel, so check-in/out is very easy and open extended hours. Would thoroughly recommend! Thanks.",False
5643,7910947,2018-06-10,My colleagues had the pleasure of staying at Laurent's place for a recent conference. The location was perfect and it was a good size for a group of colleagues.,False
5659,1933385,2022-05-23,The apartment was everything we could have hoped for. Four of us stayed for a long weekend and the central location was perfect for us to explore this beautiful city. The small balcony was perfect for coffee in the morning and wine in the evening. There was more space than expected so we could spread out and relax after a long day of walking. It was very hot in Geneva while we were there so the air conditioning was very much appreciated. The service was also excellent with easy check in and check out and daily service. It was also very secure with key access. I highly recommend to families or anyone that wants a quiet and comfortable place to stay in the center of everything.,False
5678,7910947,2019-06-08,It's really near to the train station as well as other transportation means and the lake. Laurent's place is wonderful!,False
5728,7910947,2025-03-29,"This apartment is a great option for larger groups; we had seven people staying comfortably. The facilities are excellent, with a fully equipped kitchen for those who prefer to cook. Cleaning service is available twice a week, and the staff are helpful and responsive. Another advantage is that the apartment is located right next to a FlixBus stop, which is convenient for travelers arriving from or heading to other countries such as France, Italy, and beyond.",False
5758,1933385,2024-11-22,"Everything perfect! The place is great, everything clean everyday and the location is perfect!",False
5786,1933385,2026-05-11,"Fantastic apartment in a perfect location — everything was within easy walking distance, including the lake and the old town. The apartment met all our expectations and had everything we needed for a comfortable stay. We wouldn’t hesitate to stay here again and would happily recommend it to others.",False
5869,8113202,2018-06-03,Initially the room had not been ready to check-in for a few hours which was a slight inconvenience but we were able to drop our luggage off. The hot water also did not work for half a day but Phillipe was able to have it fixed for later that night. Good location to everything and walking downtown among shops and restaurants.,True
5885,2022387,2013-12-12,"I had a great stay at Aline's family's home. The apartment was clean and warm, well-located with good wifi. Aline wasn't in at the time I arrived, but she made every effort to put me in touch with her family and to help me find the flat. I was visiting for work, so I didn't really have a chance to be sociable, but I had a warm welcome and good stay.",False
6026,8178791,2017-06-06,"Diane and Bertrand are really great. I arrived early and they were very considerate. The room was really great, I slept incredibly well. I really liked that the window opened all the way and let in a lot of sunlight which was nice when I had to be on remote work phone calls. The neighborhood is also really nice, a real neighborhood but still only a 10 minute walk to the city center.",False
6053,8178791,2018-08-20,"Diane s place is at a good location, close to a supermarket. The house is clean, well decorated, has everything you need. And Diane respond very fast, and her husband open the door for us who is super nice. Diane's place is 100% recommended. Sure I will stay at her place if I visited Geneve again.",False
6107,8379453,2017-06-19,"There was some hiccups checking in, but Philippe was very prompt to respond to the issues. The apartment is in a great location, near restaurants, art galleries, shops, and other places of interest. The apartment was clean and had the essentials. It is quite a climb up to the apartment, so if 5 flights of stairs is intimidating you may want to consider that.",True
6148,2058042,2019-01-01,The room is comfortable and the host is very nice 👍 I recommend this room!,False
6167,2058042,2025-03-31,"Henrique was an extremely responsive host and was very accommodating. The place is ideal for meetings at the UN and was safe, private and well maintained. I would highly recommend this place and Henrique as a great Host!",False
6275,2082755,2015-06-22,"Ben was a tremendous host. Although unable to be there to greet us, he had full instructions for us and it was very easy. The flat only fits 2 people comfortably, maybe 3 in a pinch. Overall great location, 5 minute walk to the lake. I highly recommend.",True
6284,8660375,2022-08-29,I highly recommend this place. Isi and his wife are kind and helpful. The location is convenient to the train station and downtown.,False
6304,8660375,2023-06-12,"This property is particularly good value for money and is in a great location, close to the station. The host Isi is so kind and welcoming, feel free to ask him,he is always there .",False
6337,8660375,2024-05-28,"Perfectly located - couldn't be nearer to the train station. Great price, comfy bed, good night's sleep. It's not a top luxury space but it does the trick with charm and was a pleasure to chat with Isi. Recommended!",True
6347,2082755,2016-06-30,Ben made checking in easy. Communication was straightforward and we arranged a time to meet upon my arrival from the airport. Place is as shown in photos. Location is fantastic. 2 mins from train station.,False
6382,2082755,2016-11-30,"Staying at Ben's place was absolutely wonderful and I highly recommend it! It is a beautiful, small apartment that is perfect for a single traveller or a couple who are in Geneva for work or holidays. Ben was a great host in each step, from communicating how to get the keys to providing coffee and amenities and checking in with me throughout the week. The apartment is super central, 2 min walk to Gare Cornavin, 10 min to the lake and 10 min to the UN area. Travelers should be aware of the street noise but for me this was not a problem, most of it goes away when the window is closed. I hope to stay here again when I'm in town next time.",True
6397,2082755,2017-11-12,"Ben’s apartment is great. One block from Cornavin Train Station, easy to walk everywhere, great food in the neighborhood. It is perfect for a stay in Geneva. Ben was great, he responded promptly to my messages, instructions were easy and clear, check in and check out a breeze. Would definitely stay here again during my next visit to Geneva!",False
6415,8660375,2025-08-31,Great location! Isi is super friendly and communicative ! Let me use the laundry and very flexible . Clean place with all provided amenities!,False
6431,8660375,2026-05-30,Great place close to the train station! Isi was also very responsive and flexible. Highly recommend!,False
6595,2358650,2015-08-11,"Ania's apartment is very clean, beautiful and comfortable. The bedroom has a king size bed for customer. And it is very easy to find and convennient to the train station. Ania is a nice, lovely and enthusiasm girl. She give us lots of informaition. We feel lucky to spend honeymoon vacation at her apartment.",False
6849,9620792,2021-08-01,"Studio with additional (small) single bedroom located in stunning old building in city center, next to the cathedral. Tastefully furnished and clean. Air conditioning was highly appreciated. Kitchen is well equipped with coffee machine for which nespresso capsules were provided. Lots of storage space. Check-in and communication with host flawless.",False
6852,9620792,2022-03-12,Marc’s place was amazing. Great location to the amazing old town and beautifully furnished. Would definitely like to stay again. Great communication as well,False
6913,9620792,2024-10-06,"Absolutely stunning place, very few times do the photos actually match the place but this apartment was amazing. Had everything needed and a gorgeous view as well as one of the best locations to be at in Geneva. All of the nicest restaurants and alleys are walkable and the Alabama Room is only a 5 minute walk away. The place was spotless and amazingly cozy. Highly recommend!!!!",False
6951,2452737,2014-12-06,Philippe and Alexandra were very warm and friendly hosts! Their house was clean and quiet. The location is perfect! Only couple minutes walk from Gare Cornavin in the center of the city making it very easy to get around the city and to any other cities in Switzerland or France. I highly recommend their place!,False
7002,2452737,2016-06-15,"Great hosts! Very kind and attentive and gave a lot of recommendations as to where to shop for groceries of food I could eat (I have a restrictive diet) and go around town. They left a space for me in the refrigerator. The room was very clean and comfortable, in an extremely convenient location right across the main train station. Thanks!",False
7136,9798603,2019-10-01,"Very cute apartment at a perfect location 2 minutes from the lake. Very Clean, Bright and comfortable with a new bathroom and kitchen.",False
7176,2940931,2015-03-14,this was a very nice clean and spacious room. The host is very friendly and helpful but still provide all the space you require when you stay in an airbnb. i would stay here again. the location was close to the busses and and several small shopping centre's,False
7179,2940931,2017-05-20,"Marie was ana amazing host. I've been there for work and stayed at her house for 10 days. Her apartment is so close to the bus station Arare which goes to the city centre. Comfortable place, well equipped. I liked the balcony :) She was so kind and drop me to the airport this morning :) Recomend 😊",False
7227,9836688,2020-11-07,"I had a lovely stay at Urs's place in Geneva. It is a perfect location, perfectly quiet yet just a short walk from UN offices and the city center and all amenities are in walking distance. Communicating with Urs was easy and he was always available to help. Thank you for the stay :)",False
7246,2974328,2014-12-04,"Amy has a really great apartments in the very nice area in Geneva!! There is a bus and a tram stop just next to the apartments, but almost everything could be reached in a walking distance so you don't really need to use public transport. The apartments are very clean and cute and you can find everything you need there! Communicating with Amy was also easy - she helped me a lot and responded all of my questions! I would definitely recommend to stay in Amy's apartments!",False
7247,2974328,2015-01-05,"Amy's apartment is beautiful and spacious. It was great to arrive there in the evening after a whole day of driving and feel a bit like 'coming home'. Especially taking a hot shower with 'enough pressure' (what I missed at the place I stayed at before) was such a good treat! Only problem was the slightly too loud location. A tram is going by in the street quite often and you can hear that very well throughout the whole apartment...so if you have a light sleep, remember to bring some earplugs! Communication with Amy was always easy and quick and although she wasn't there at my arrival, the key was easy to find and I didn't have any problems.",True
7253,2974328,2015-05-22,"Amy's apartment was great, and very much enjoyed the area -- much nicer and livelier than other parts of Geneva. Thanks!",False
7257,2974328,2016-03-31,"Amy's place was very nice and clean. Very close to the tram stop, near shops and in the city center.",False
7335,10003145,2016-12-31,"Pierre's place is perfect! It's exactly as beautiful as the photos suggest and it has plenty of room for relaxing, dining, etc. It's quiet because it's at the top of the building and it gets gorgeous sunlight all day with huge windows on both sides. Close to the UN buildings and great public transport connections to others places of interest in Geneva. Pierre was super easy to communicate with, access was simple - I was even left some dinner for my first night. Very highly recommended!!",False
7348,3102373,2019-08-16,We loved Sandrine’s home! Full of beautiful art work and located at an easy walking distance from the train station and the water front. Awesome for kids as there are bunk beds and a play room. We also loved Remo Pizza across the street and the Coop grocery store is an easy walking distance away.,False
7448,11854621,2017-09-24,We stayed 2 nights with Sandro and everything went really well. To begin with he went and picked me up from the station so I wouldn't get lost which was a very nice gesture. Then I was offered fresh tomatoes from his garden. The room was big and comfortable and the house super quiet because of the huge garden around it. Breakfast was also great. Overall we thoroughly enjoyed our stay.,False
7476,10377339,2024-07-16,"Mike's place is perfect for anyone who is traveling by train in Geneva, right across the street from the station. Very clean and loved the coffee and sparkling water station in the lobby.",False
7502,10387269,2016-07-07,"The communication was great, public transport right in front of the door. Jeanette welcomed me very friendly. Cosy and clean room, I let very good, even it was a bit noisy.",True
7551,10387269,2017-09-15,"Jeanette was very pleasant, communicative, and a great host. I would highly recommend her. The room was exactly as advertised -- simple, but very convenient for a short stay near the center of Geneva with easy airport access using public transport.",False
7630,10975641,2018-07-29,"Moe's place is quite lovely, it's easy to see that he takes good care of it. The localization is really nice, close to the station and the city center. I really recommend this place for your stay in Geneva !",False
7631,10975641,2018-09-05,Moe was very welcoming and met me in person and walked me through the apartment. Everything was as mentioned in the listing and everything was super central. Will definitely be back if I'm in Geneva again!,False
7672,10982977,2019-10-05,"I cannot compliment this place and its hosts enough. It is perfect place to relax and feel comfortable. Although a little distant from the centre, transport links are extremely easy and convenient. But above all, I received the warmest of welcomes from Irène and Christoph.",True
7718,11030622,2017-08-26,"This place is wonderful! The layout of the apartment is spacious and the balcony is lovely. Louis is very responsive and a really nice guy. The bed is a pullout, but comfortable enough. The kitchen and living areas are all very nice. The flat is in a residential area of town and the main train station is easily accessible. I would highly recommend staying here.",False
7736,12194712,2017-08-01,"Very clean and nice place with view of the mountains. Elena's team is great and very attentive, and they maintain good communication with the guests. I stayed there for a month and had a very good experience. The check in experience was also great as they were extremely accommodating. I highly recommend this place. It is close to the center and public transportation is very convenient.",False
7771,11030622,2023-09-28,Louis has been extremely helpful! The apartment is calm and well connected by public transport.,False
7787,12447646,2017-07-04,Vladimir is a great host. Answered questions quickly. The location of the apartment is great with several cafes and grocery store near by. The train runs right across the street so great to move around. Geneva is a beautiful city and our stay at Vladimir's apartment was perfect!,False
7825,12605638,2017-03-16,"Sandro is an exceptional host. He keeps a very clean house, has a beautiful yard, and made us breakfast in the morning. Had grocery and restaurants nearby. The house and neighborhood was very peaceful and pleasant with lots of street parking for cars.",False
7888,12643259,2016-06-03,"Perfect stay -- the place was just as advertised, a nice, clean, quiet apartment. All the essentials were there, and it's in a nice location near a few restaurants (the Vietnamese and Eritrean ones were good) and very close to the tram line. Kwene (Neema's sister) welcomed me in and showed me the apartment and was very kind and helpful! Strongly recommend....",False
7897,11134992,2021-08-23,"Mila was a very accommodating host. She was prompt in her replies as we traveled to Geneva, and she also made sure to leave clear instructions on how to do things, as well as recommendations for things to do nearby. The flat was clean, just as advertised, and in a GREAT location. Highly recommend.",False
7919,11157603,2018-12-24,Clemence is extremely kind landlord and the apartment is well located and clean,False
7950,12899329,2018-09-30,"Ludovica is an excellent host! Not only is the apartment in an amazing location and a great value for money, but her kind hospitality also helps you to feel at home during your stay. I very much appreciated having my own space with access to common areas as well. I highly recommend this place and would certainly come back for another visit.",False
8034,11157686,2023-04-22,"We loved staying here! The street gets quite loud at night, but it’s great if you’re wanting to grab a drink or hang out. Clémence was kind and communicated well! Would definitely stay here again.",True
8038,11157686,2023-06-29,"We loved staying at Clemence’s place in Geneva. It was convenient, close to public transportation, clean and the perfect place for a few days stay. Clemente was responsive, helpful and kind. Would definitely recommend staying here!",False
8044,11157686,2023-07-26,"Getting into the flat was so easy- despite there being a few different steps, Clémence took pictures of everything and was incredibly descriptive about how to unlock the gate, get the key, and get inside. Our wifi ended up going out on the second day but she was very responsive when I messaged her and let us use her personal wifi. We never waited long for a response and she was very friendly. The area was a little noisy but honestly I expected worse because of the other reviews. We slept just fine! The kitchen and bathroom were spotless, the beds were very nice, and overall it was a lovely stay.",True
8052,11157686,2023-11-04,I had a great stay at Clemence Airbnb. It was exactly how she described it. The apartment is perfectly located with all of the restaurants close by and is easy to commute into the city or if you prefer a morning run along the lake. I definitely would recommend it for anyone wanting to visit Geneva.,False
8220,13279964,2018-05-30,"Chantal's apartment stands out for its comfortable large bed (convertible sofa), thoughtful decoration, its closeness to the Pont-Céard train station and the absolutely wonderful view on Lake Geneva. But all this is outshined by the hostess's wonderful hospitality - she is really going to great lengths to ensure her guest's comfort and happiness - many many thanks for that! A bientôt!",False
8231,13280057,2018-06-08,"Chantal is a wonderful host. She is warm, resourceful and ready to go to extreme lengths to assist you during your stay. Her place is just a two-minute walk from the Pont-Céard stop from which you can get to Geneva center by train in just 15 minutes. The flat has a superb view on the lake and all what you need to enjoy a laid-back stay after a long working day. Perfect place for leisure or business.",False
8243,11157899,2026-06-13,"No noise if the window is closed. Comfortable and clean, decent location, close to many nice places.",True
8279,13410260,2020-11-03,"I had a wonderful stay, the apartment is beautiful and the views are stunning. The hosts are very welcoming and accommodating. Can't wait to go back! I fully recommend staying here.",False
8440,13542576,2017-01-27,"I have spent a great stay at this flat. It is very well located, between the trendy Carouge district and the central Acacias / Plainpalais district. I found the flat in a very clean state. Even though the flat is quite small, I didn't miss anything as I could enjoy a well furnished kitchen, a great wifi, a TV and a comfortable bed. Philippe is a very careful, easy going host who well took care of my arrival. I recommend this flat for a short stay.",False
8475,11736459,2018-03-07,"Nice little apartment, very clean and in good location - 1 minute walk from the tram, and lots of restaurants.",False
8481,11736459,2019-03-01,"A great little studio in the heart of plainpalais. Philippe is a great host, very clear check in instructions and quick to respond to any questions (even stupid questions like I did!!) It's a small studio, but everything you need for a comfortable stay. Good equipment in the kitchen, great shower and a comfortable bed. The studio is on the ground floor and the building is very quiet. The location is great, 2 min walk to uni-mall tram stop, or 5 min walk to plainpalais for various buses and trams. I was working near the UN and journey time was 20 minutes. Would highly recommend for a short stay in Geneva.",True
8540,13543594,2020-02-05,"Simple, cozy spot in excellent location. Comfortable bed., clean. Transportation and grocery right outside the door. Host very nice to deal with. Great heat and hot water and fridge and stove. Daylight basement with excellent electric lighting and barrier to traffic sound. A private, quiet get away where you can recharge for the day’s adventures.",False
8545,13543594,2021-12-18,"Nice studio, you have everything you need for a short stay in Geneva. It was warm and cozy during the winter time. Check in was smooth, no issues at all. The studio is underground so be aware there is no view through the shaded windows. There was a strong smoke smell all over the place.",True
8580,13646487,2019-05-18,Cydne is a wonderful host and the place is great. I really enjoyed my stay. Highly recommend!,False
8762,13938516,2018-05-30,Home is very near to the geneve train station. Host is very good and response very quickly. you can use the kitchen and fridge. I had a nice stay in Samia s home.,False
8831,13938516,2024-05-17,"Samia 's artistic oasis is located in a lively area of the city. I only took public transportation once from the airport, but later realized that Samia is a pleasant 53 minute walk from the airport. I also walked to the convention center which is near the airport each day I stayed with her. She is about 15 minutes from Old Town and within 20 minutes of everything you could want to see in Geneva. if you are an artist/creative-type, her place will inspire you! Filled with paintings that she has created, musical instruments, and colorful details. Samia is very kind and helpful. Recommended!",False
8944,17185384,2019-12-21,Great place in the perfect location for meeting at WHO. Would strongly recommend this place. Impeccably clean and comfortable,False
8953,14040641,2017-04-04,"Great and unique place in Geneva. Located next to the Rhone valley, so you feel in the countryside in the middle of Geneva. Also great reception by the owner!",False
9036,17196955,2019-06-27,This is a great location. You can get everywhere on foot or with public transportation. The apartment was clean and welcoming.,False
9082,17196955,2024-01-01,"Helena’s apartment is perfect for a stay in Geneva. It is right in the center of town and has everything you need (comfortable bed, clean bathroom, nice kitchen, washing machine, good closet space, perfect WiFi, etc.) I would definitely stay there again !",False
9129,17343502,2019-10-20,"Ana was really kind, the apartment was just perfect and had a very beautiful view. I definitely recommend it.",False
9181,14252288,2020-09-06,Great apartment in the best location you can find in Geneva. Philipe is very friendly and I would highly recommend this stay if you are in town !,False
9184,14252288,2022-08-07,"A clean apartment in a fantastic area of a Geneva. The place can use some minor improvements (lock for toilet, shower door handle to fix and others) to be properly labelled “luxury” but overall we enjoyed the stay. Its important to note that this place isn’t suitable for you if you need air conditioning or enjoy silent nights. There is a beautiful church around that ring the bell every 15 minutes (starting at 5:00 AM …) so you wont be able to open the windows for fresh air. Not recommend when the weather is super hot 🥵. Place pictures and description are very accurate. No surprise, which is a big plus on Airbnb right now. The host is very helpful and will guide you properly to enjoy the stay!",True
9249,14275460,2019-01-01,"Great little apartment, close to Cornavin train station and right next to local bus/streetcar lines. Putting the TV back in the living room would help clean up the wiring 😉",True
9322,17545071,2017-09-11,Great for a quick overnight stay. The apartment is clean and Dou was super helpful with everything :),False
9354,17545071,2018-03-02,Directions need to be updated as they do not match the actual location of the flat. Our stay was ok despite not having hot water to shower in the morning and only one towel to use.,True
9383,14727973,2019-11-01,Wonderful stay with Patrick. He was a superb host and the apartment was lovely. The location could not have been better given the proximity to the UNOG and convenience of the bus literally 100 feet from the front door. Highly recommended,False
9436,14757969,2017-09-13,"Alex is a great host, very responsive and helpful! The apartment was great, clean in a great location and very good value for money!",False
9470,17615951,2017-10-18,"This place has everything that you need for traveling. You don't need to bring anything because Lionel has prepared every for you. The place is clean, fully function, and hi-tech. Lionel had a quick breakfast ready for us in the fridge. The place is 2 mins walk from the tram station and just 5 mins away from Geneva station.",False
9555,14862973,2025-05-01,"A very cool spot in Geneva, ideal to start biking the Via Rhona! I met several interesting folks staying in the fascinating old house, and slept very well. Great hospitality!",False
9562,17615951,2018-10-29,"Lionel’s place in Geneva is fantastic! We could not believe how spacious it was and sparkling clean! It is a very short walk from the train station, the lake and all the wonderful shops and restaurants. We could not have been happier with our stay at Lionel’s place!",False
9663,15215114,2018-05-13,Not the first time I’ve stayed with Annetta it seems to get better every time I do. Wonderful host and of course happy to stay at her apartment anytime.,False
9669,15215114,2018-09-11,"Very well located in the old center of Geneva. Nice and clean place where you have a large private room with double bed, and additional single bed, as well as a seperate bathroom. Kitchen and living room are shared.",False
9681,17615951,2021-07-10,Great unit. Very clean and nice. A bit of a hike up the hill from the train station. Would stay again. Recommend.,True
9695,15215114,2019-05-14,"Location, location, location! We only spent one night at Annetta’s place, but absolutely loved the location. Old town Geneva is right outside your door. And the apartment is beautifully decorated. Thank you, Annetta for sharing your beautiful space.",False
9696,15215114,2019-05-18,Just one night in Geneva and Annetta’s place was perfect. Great location. Super stylish top floor flat. The room was adorable and a good size. Loved the bathroom too. Great shower and water pressure. Her whole flat is lovely. Good communication. Nice Italian restaurant super close for an enjoyable dinner. I recommend Annetta”s place if you find yourself in Geneva 😊,False
9739,17615951,2022-09-03,Lionel’s place is pretty accurate with what is shown in the listing. It was extremely clean and the location is just perfect for seeing Geneva. Very close to trains and other transport. Would visit again on my next stay.,False
9800,15215114,2024-10-19,Great location. Annetta is a very nice host and even let me store my bags for the day after checkout. 100% would stay here again!,False
9815,17615951,2023-11-07,Very conveniently located with the train station gare Cornavin and all buses,False
9820,17774350,2017-09-19,"If you are a visitor to Geneva, whether a tourist or on business, its hard to imagine you could find a better apartment for your stay. The location is fantastic - in the heart of the 'old town' which is great for tourists and convenient for business visitors as well, given the business district is not far away. The apartment is spacious and well fitted out with all of the modern convinces one would hope for - wi-fi, TV and DVD player, washing machine, dish washer etc. The host left a lot of personal touches - for example umbrellas to borrow, and juice in the fridge - which was very helpful. Enjoy this lovely apartment!",False
9951,18018494,2019-09-27,I recommend Raphël's place. It is clean and very centric. The host is friendly and available.,False
9959,18018494,2021-09-12,"Clean, mostly quiet, and good value for the money.",False
9979,18018494,2023-03-18,"Location is good, close to Geneva Station. Room has adequate space and large door or window for sun light. My room hot good view to the street. The cleaning lady was nice and hospitable. Good for a couple of days.",False
10016,18381329,2018-08-02,"We really enjoyed our stay in Geneva, the 1-room apartment is situated in a calm area, the use of the garage is super convenient. The communication and hand-over of the keys went well even though I arrived with some delay.",False
10074,18493989,2017-06-17,"We loved Marc's place. It was really close to the UN and we go to our conference everyday by foot. Walking to the gate from the apartment takes about 4 minutes! The apartment has all the necessities that we need. We enjoyed eating at the outdoor dining area one fine evening and thought that if we had more time we could have enjoyed the garden area more. Thank you, Marc.",False
10108,18493989,2023-03-26,"The place is amazing. 4 mins walk to Palais de Nations. Everything was good except that the toaster was dirty and rusty, and the host probably needs to replac it with a new one.",True
10127,18514947,2018-06-06,Good location and convenient for the lake and the city,False
10214,15463301,2023-01-25,"Large room in a cosy apartment, where the host makes you feel really welcome. A pretty and old building in a central location. You can sometimes hear sounds from people on the street or the bin collection.",True
10215,15463301,2023-05-09,C was wonderful. She is so very nice and friendly. It was just a couple of blocks from the water. Plenty of great places to eat right around the apartment. 15 minute walk to Old Town. It was a bit of a noisy neighborhood.,True
10240,18562480,2017-07-29,"Frédéric's apartment has a perfect location in the heart of Geneva's old town, close to everything. It was just a short walk from the lake and from transportation. The highlight of the apartment was the amazing view over Geneva and the lake. The apartment had beautiful furniture and design, and we enjoyed reading the wonderful coffee table books. Frédéric was very friendly and gave us great recommendations for what to see and do, and where to eat.",False
10262,18562480,2018-03-02,"Geneva was was great despite the arctic conditions, the apartment in the heart of old town is cosy, clean and comfortable, had everything I required both in the flat and locally. Frederic is super helpful and responsive, providing valuable information and tips, he obviously loves his city which translates to superior hosting skills! Would definitely recommend (as long you don't mind steps/inclines)!",True
10322,18562480,2019-05-31,"The location is PERFECTION. This is a lovely, sparkling clean apartment! The bathroom was very clean and the living space was so inviting and bright! Beware there are many flights of stairs to reach the apartment, but once you get there, it’s very nice for 2. It might feel like you’re living in someone else’s home with the amount of personal items in the place, BUT I must say that Frederic was so incredibly kind. He was so understanding of our needs and went to great lengths to make us comfortable!",True
10417,18562480,2023-10-22,"We had a wonderful stay at Frédéric’s place. The location is perfect and the apartment is ideal, it has everything you need - including a great coffee machine. Highly recommend!",False
10427,18562480,2024-05-29,"Overall apartment is good. The location is nice, as well as building and area. Host is also good, allowed us to check in earlier. The main disadvantages are: there is no elevator inside of the building and apartment is located on 4th floor. Consider this fact if you have a lot of baggage or it is difficult for you to go upstairs. Also apartment is pretty cold inside and there was no heaters, etc. We have been in Geneva few days at the end of May, and seemed like outside was warmer than inside of this apartment. Thanks",True
10448,15831895,2019-04-09,The house is super clean and very well equipped. Everything that you might need is there. The location of the house is excellent.,False
10548,15831895,2023-09-03,Fantastic location that was walkable to everything and the apartment has everything you need.,False
10647,15862729,2019-08-13,"1. 不是网页上写的地址，是在那个地址附近的另外一间老公寓 2. First floor is actually the 2nd floor, there are stairs to the ground floor and another level up the stairs is the 1st floor 3. No elevator, so if you travel with luggage, this is NOT the place for you, as the stairs are high and steep and swirly 4. Contacting the host is absolutely impossible! Airbnb customer service and I tried to contact her on arrival to the listing, there was no reply until the next morning! THANK GOD bnb customer service found me a hotel to stay instead Conclusion: if you want a trouble free check in, if you want to carry luggage with you and if you want to stay at the same address as listed DON’t choose this place! As NO ONE will pick up the phone or reply to your msg even if you are troubled, as then number is just numbers",True
10652,15862729,2019-10-23,Chet's place is next to main train station and in the city centre. It is a lovely aptm with great personal touches of a free spirited artist. I loved it. Thank you Chet for your prompt communication and your overall hospitality.,False
10745,19527328,2019-06-10,"Nice location. Flat was clean, tidy and modern furnished. Good value for the money. Great host. Definitely recommend.",False
10758,15864251,2017-04-16,"Rabia's place is fabulous. Centrally located, safe, quiet, clean and beautiful. Rabia was super communicative and helpful, and the place is exactly like it looks in the pictures. I would definitely stay there again. Thank you, Rabia!",False
10790,15864251,2019-12-06,"Lovely apartment that is super centrally located. Bus stops and train station at few minutes walk, the lake is also very close. There is a big commercial center just outside the building, very practical for shopping and food. Rouby was very accommodating and extremely flexible with my check in and out, which made my life super easy! She is very kind and bought me coffee and water for the stay, which was unexpected and lovely! The apartment is very clean and quite, I had a perfect stay!",False
10829,19759887,2018-01-29,Fabulous location and nice room Mehdi was very helpful and flexible When I decided to extend my stay in Geneva I booked the same room again,False
10871,19773185,2022-10-01,"Perfectly located apartment, with everything you need to live from the very first day. The kitchen appliances, TV, washing machine... are al modern and very useful. I would recommend it to visit Geneva or to commute, as it was my case, to CERN for work.",False
10928,19820423,2017-08-03,"Nice room with enough space, enjoyable for two people. Everything we needed and more with its proximity to public transportation and the mall. Will come back if given the chance.",False
10986,19820423,2019-10-02,This place is nice and easy to go by Google maps. The owner is patient and helpful.,False
11012,19836013,2018-09-14,"Cracking apartment, very spacious in a cool neighbourhood. Easy walking distance to the lake and well equipped. Loved the nespresso machine. Perfect choice :-)",False
11077,16412040,2019-07-05,Misha’s place was stylish and the location was great. Amazing value for money. He was a great host and responded quickly to messages. Loved our experience!,False
11103,16449089,2019-06-03,It’s a nice place and the host is really nice.,False
11150,20797693,2024-10-01,We were very pleased with our stay. The studio was comfortable and had heating which was an advantage as the weather got suddenly cold. Check in and Check out were easy and flexible. Good communication from the host. Close to the city center and to a big park with playgrounds. Few nice cafés arounds and supermarkets close by.,False
11159,19844397,2023-08-10,"This was a nice, family friendly place in a very walkable area, close to the sites of the city. Our young son very much enjoyed the play area in the house and we loved the parks, beach, and sites nearby. The one downside is the apartment is a bit loud as the building allows a lot of sound from the halls, neighbors, and street. It is not in a noisy or super busy part of the city, but you can hear as people are passing by or if the neighbors are moving around upstairs or out in the hallway. Even still, we loved everything else, were very comfortable, and enjoyed being centrally located. The hosts are super responsive and helpful. Highly recommend, and we would love to stay here again!",True
11160,19844397,2023-09-30,Olga & Boris are really friendly and responsive. The apartment is extremely clean and tidy. My friends and I spent a wonderful time here. Would love to come back again!,False
11164,19844397,2024-05-14,"Great location! Can walk to lake, parks, and old town. Numerous restaurants and coffee shops in area. 2 grocery stores close by. Host greeted us at the flat and showed us how everything worked. He checked in with us numerous times. Very friendly. Bice to have a washer. Some street noise as to be expected from a city location. We had a great stay.",True
11218,19907318,2018-09-03,Great location and apartment! Its nice to find a modern space in Geneva and right next to the park.,False
11221,20047620,2017-08-16,"Very good stay at Marc's place, hosts were extremely kind and welcoming! Location is excellent, next to Balexert mall that offers quite a variety of things. Tram stop was a 3' walk outside the house and all amenities were offered! Would stay there again, thank you!",False
11227,20047620,2017-10-29,"Marc and Marilyn were very lovely people! When I arrived earlier than expected, Marc came back early to check us in. It was a very kind gesture. The room was large and comfortable. It was very quiet at night. Marc also offered us to use the kitchen. The location was very good. The trams are just a short 5-10mins walk away and they bring us to the city centre very quickly. I would highly recommend anyone coming to Geneva for a short stay to stay with Marc and Marilyn.",False
11245,20842636,2021-10-06,"Nice studio in the heart of Geneva, ideal for a couple. It is nicely furnished and very cozy.",False
11261,21031079,2018-11-09,It was a very pleasant stay. Maria was very nice to me and she has the most lovely home. And the scene outside was fantastic.,False
11298,21031079,2019-08-30,Maria’s place was lovely. Had the best sleep I’ve had in a while. It’s real close to the airport and it’s a bargain for what you get. Perfect quick stop for a nice restful sleep. Recommend.,False
11340,21100076,2022-08-08,"We had a wonderful stay at Aranzazu's place - the location is incredible, it's a beautiful apartment in a calm street and everything was great. Our hosts kindly provided some staples and advice, and communication was super easy. Would definitely stay there again!",False
11513,21599460,2019-02-18,Clean and new but very small room/bed and a little noisy during the day. The hotel will be nice when finished but was still under construction when I visited in mid-February.,True
11612,21644044,2018-01-20,Very well situated small studio in the heat of the old town of Geneva. The studio is in a very fine condition and suits your basic needs perfectly. Hélène and Damien are very attentive host. Close to shopping streets and public transport. A good starting point to explore Geneva.,False
11645,20307382,2018-12-07,"Very special and cosy place. Loved the hospitality, the dogs and the campfire. Highly recommended.",False
11667,20307382,2018-12-29,"This place is amazing! We’ve been there at the late December, we came at the evening and the owner met us at the bus stop it was so nice. He explained all the details to us and was really kind. Yurt was warm and clean when we came. The area is so beautiful. When I open the door at the morning dog was waiting behind and wanted to play a ball:))) it was so cute! I totally recommend this place to visit! Thank you so much!",False
11762,22033127,2018-02-06,I had a great stay at Mady's studio. The studio looks just like the pictures and is well located in the city. It is also clean and well equipped. I recommend without hesitation.,False
11766,22033127,2018-03-01,Clean and comfortable place. Very easy to reach and in a central location. A bit noisy during the night but nothing unbearable.,True
11783,22033127,2018-11-30,"Mady's place was perfect for my needs, having a well-equipped kitchen, comfortable bed, reliable (although not terribly fast) internet, and good location. The place was sparkling clean when I arrived and felt very welcoming.",True
11784,22033127,2018-12-03,"Mady’s place is nice, the communication is nice and fluent. The bed is very comfy. Everything went very well.",False
11799,22033127,2019-08-25,"This place is in a great location to get just about anywhere in the city. We were there on a Saturday night and one of the places either in the building or adjacent to our building on the ground floor had a party or celebration that started around 10pm and was still going when we got up at 3am to get ready to catch our flight. We used earplugs, but could still feel the bass beat in the pillows we slept on. It might be a fluke or a weekend-only issue. Not sure. The apartment is great and the neighbors helped us get the key box open when we had trouble with the combo the first time. The location was great for getting to and from the train station and the bus to the airport.",True
11828,22041488,2018-05-23,Had a great stay at the spacious apartment. Extremely comfortable. And the daily cleaning as well as breakfast was a big plus. Christine is a lovely host and we were fortunate to meet her in person. We had forgotten our watch in the apartment and she went an extra mile to help us out. Can’t thank her enough!! Location perfect. Everything at walking distance and well connected to public transport. Would definitely love to come back and stay here!!,False
11926,22041488,2023-04-05,Christine was fabulous! Great and prompt communication when booking and leading up to our stay. We had a large group and needed two apartments. One was only available for 2 of our 3 nights and Christine offered options for the third night and transition to different rooms was very easy. The staff were very friendly and helpful at check in and during our stay. Great location. Walkable to many sights and great restaurants. Highly recommend!!,False
11967,22041488,2024-08-09,"This place is perfectly located! 10/5 for location! We had plenty of restaurants, shopping, and even a farmers market down the hill. Short walk from the waterfront and transit - even includes transportation pass. The home is a bit older, but very spacious and clean! Our group of six adults truly enjoyed our stay here. The A/C was fantastic during the summer heat with mini-splits in each room and living/dining room. Having a washer and dryer was a blessing as well! There are balconies from many of the rooms which added to the quaint vibe the place has. The building has a very small elevator which can just fit a foldable wheelchair plus one more person. The front desk were friendly and very responsive. Would recommend staying here again!",True
11990,22041488,2025-03-10,"The apartment is linked with Hotel Central so you get the amenities of having someone at the front desk for check-in and assistance, cleaning, etc. Out of all the apartments I have stayed at in Europe this was by far the most spacious. Very nice, great blackout curtains and a street back from the main area so quiet at night but close to everything and walkable. Would highly recommend.",False
12048,20307382,2025-01-05,Séverine and Albany’s air bnb was just like the pictures. it was a relaxing and cozy for a unique stay. They were very friendly and helpful and we enjoyed our stay!,False
12088,22174300,2019-04-10,I stayed at Eric's place for ten nights. Though Eric was travelling during the period but he was always available over social media and his brother looked after us very well in his absence. My stay was very comfortable and in future I would stay there again. The place is highly recommended. Thanks Eric for being great host.,False
12196,22223070,2018-06-10,The flat is vintage style and very clean. At beginning a couple of lights in the living room were not working but Philippe was nice and sorted it out immediately. Communication was smooth and very rapid,True
12244,22264281,2021-07-31,Best Airbnb in town. Brigitte is a great host and the go-to-person for everything! Made my stay very easygoing since day 1 Its like a small family!,False
12255,22399642,2018-02-11,"Leo's place is very comfortable, close to the Lake, the bus station, as well as the Gare Cornavin! Perfect location, very comfortable apartment and really cool lighting! Leo is also very responsive, any question we had, he answered very quickly and was super accommodating. Definitely stay here if you are in the area! Merci Leo!!",False
12360,22722210,2019-12-11,Very central and close to the tram and supermarket! Perfect for people working at Un environment house,False
12463,22880514,2020-07-22,"Very nice place, super clean, great view on the lake. Owner is very kind and we felt very welcomed and almost at home. As we live in the region, we were quite demanding to be sure to have great domestic vacation close to our beloved Leman Lake. We were not dissappointed at all. Anne was very kind and helpful and her family place is like a five star hotel, both in terms of warm welcome, kindness and great equipments. Thanks and see you surely again soon. Michel and Marie",False
12467,22880514,2025-01-05,"My family of four had a lovely stay at Anne’s beautiful home. It’s set in a quiet and charming village outside Geneva (great base for excursions around the lake and the Alps), and the place is pristine. Beautiful and well appointed home. Anne was a very helpful and responsive host. I hope to stay here again!!",False
12515,25314275,2019-03-16,"Lovely place to stay, very clean and well set up apartment, short walk to the convention centre and to town and local buses. Would highly recommend! I had friends that stayed in hotels that were much more expensive and they were very dissatisfied, so very happy to have found this gem! And Guilia is very communicative and helpful.",False
12526,25314275,2022-03-30,"This is the second time I am staying at Giulia’s. I love the place- super clean, well stocked, comfortable bed, and great location.",False
12547,22948679,2019-06-27,"This is a fabulous stay in Geneva... the photos are absolutely accurate, including the incredible bathroom. The breakfast is amazing, and the hospitality beyond lovely. An added bonus: this spot is 5 mins walk to the bus stop to the UN & 5 mins walk to the train into Geneva, so even more central than we thought but still peaceful. Just FYI for couples (and it may be google translation service that didn’t make it totally clear to me!) the apartment is on the first floor and not fully self contained, but this may be no bother for you and for work travel, a very lovely arrangement. The hosts really made our stay... so warm and friendly (and with excellent restaurant recommendations). Hard to find a better spot in Geneva!",True
12558,22948679,2022-05-26,"An amazing gem near Geneva. Fantastic hosts and a great appartment. Public transport is very nearby, both to the Palexpo and downtown Geneva. But it is also a great walk to the city from this location, it brings you through nice towns, the United Nations, several missions and more. We had good chats, good guidance and lovely breakfast!",False
12636,23044619,2023-10-28,"Michael's apartment has everything needed for a 5 day stay in Geneva. Wonderfully walkable location--close to Lake Geneva, a coffee shop with great blueberry scones, a friendly Thai restaurant and public transportation. I especially loved the nearby Jardin Botanique for a peaceful walk in the morning. As far as the apartment, it is clean and comfortable with many conveniences. In particular the kitchen had more than just the basics so you don't have to worry about buying olive oil, salt & pepper, dish detergent, etc. There were also laundry supplies available for the washing machine. In general I found the care for guests to be higher than most. He even provided power converters for plugging in my laptop! Five stars!",False
12642,23044619,2025-07-31,"Michael was an exceptional host. He provided ample, quick, and kind communication. It was so hot this summer in Geneva and he went out of his way to purchase extra fans for the room which helped immensely in keeping us cool and content. The apartment had great amenities and is very close to staple cafes which was very convenient. Michael was extremely supportive and flexible during a last minute checkout decision in which dates had to be modified — we so appreciated your kindness and understanding! Highly recommend for long-term stays in Geneva.",False
12645,23044619,2026-05-31,"My stay in Michael’s apartment was exactly what I needed for my first weeks in Geneva. The neighborhood is very calm and it’s 5 min walking the most beautiful park in the city by the lake. It has supermarkets close and transportation to every part of town. Michael was very kind and responsive, always ready to help with all my requests. The apartment is well equipped with everything you might need and the bed is extremely comfortable. Highly recommend for short and long stays.",False
12659,25764077,2023-03-29,Nathalie’s place was lovely. It was in a great location and the view was excellent. I travel for work and was in Geneva for only two nights. Her place was exactly what I needed for a little bit of rest before I was back on the road.,False
12716,23237285,2025-11-08,"Irina’s place is absolutely lovely, beautifully organized, bright, and cozy, with a charming balcony overlooking the park. It’s also just a short walk from the station Nations, which makes it incredibly convenient. Irina herself is a wonderful hostal, kind, attentive, and genuinely caring. She made me feel completely at home. I couldn’t have asked for a better stay!",False
12735,26408295,2018-09-04,Stayed at Kevin's for a quick overnight visit to Geneva. It was great location to see the old City area and near many good restaurants. He was very helpful and accommodating. The space was clean and very comfortable. I recommend it!,False
12902,27011423,2019-03-08,"Great hospitality, very kind hosts. Clean room and everything needed availible. Good communication and also received great tips in terms of what to do and the public transport. Easy to access through bus stop Chambésy-Fontaine or the train station, both within walking range (More details check Maps for stops & use the TPG map/website). Moment i arrived already suggested me something to eat etc, felt very welcome and a great first AirBnB experience. They also give good advice on what to do or where to go to in town. Great, kind people in general. Next time i go back to Geneva i know where to stay! Only minor thing is that when you arrive at night the streets are very dark, but that is ofcourse not related to the hosts.",True
12903,27011423,2019-04-10,"Viviane and Philippe have been outstanding hosts! Very kind and generous, always ready to go the extra mile to help. The mansion has a lot of character and is two short stops by train to the city centre (Cornavin station). This has been by far my best experience with Airbnb and, on my next trip to Geneva, I will definitely come back to this awesome place!",False
12994,27162074,2025-10-05,"Conveniently located right at the side of Leman lake this listing is a pretty and comfortable place for couple. The surroundings are very walkable, beautiful view of the Leman lake. Great communication with Jeremy.",False
13116,27597309,2024-07-25,"The host was very friendly and responsive. The house was superb clean and nice. The house is located in almost centre and the walk to the bus stop or tram stop is just 2/3 minutes. The station is just 10 mins away. Great location. The house is located near the restaurants and shops. Overall, had a great time. Loved it.",False
13234,23630646,2021-10-22,"Bea is a great host, very helpful and understanding. During this pandemic, she really helped us to keep our reservation. The place is very clean and satisfying location is great. If you visiting Geneve, this is te place you should stay.",False
13311,27919851,2018-12-17,It was just how Marc advertised the space and a great convenient place to stay.,False
13314,28130086,2018-10-05,"Pretty standard Geneva appt but very sparsely furnished, no curtains across window. Good location generally but trams run directly under the window, from early to late. Ok if you used to living in a busy area, but maybe not if you disturb easily. Finding it and gaining entry all very easy with good communication",True
13423,28134184,2022-10-03,"Our host's apartment at Geneva was superb. Her arrangements in the appartment is amazing. She take care of every minute things which we need at our stay. Its another home away from our home. The location is good, you can go anywhere from this location. The tram station is just in front of the building campus and the tram service is T14 and T18. 15 minutes to Geneva Switzerland international airport.",False
13434,28134184,2024-05-19,"Cute clean place. Steps away from public transportation. Too small for 3 adults though it says 4 adults. Beds were very uncomfortable. The bathroom shower system was extremely hard to figure out and it was hard to get the right temperature. The cooking space is too small . Since we stayed only for 3 nights and did not cook much were able to manage. If you are a couple and looking for a modern place and easy transportation and not into much cooking, perfect place for sure.",True
13534,28167195,2026-05-03,"This is a nice studio, with a very pleasant view into a courtyard with lots of natural light. The small kitchen has a fridge (with a freezer), a Nesspresso coffee machine, a hot plate, a microwave and a toaster. The location is really nice, across the street from the President hotel, and a few feet from the lake. There are many shops, restaurants, bars, grocery stores and all sorts of services close by. There is a bus stop that takes you to the Cornavin train station.",False
13577,28781148,2019-01-26,"Eniola's apartment is gorgeous. It is super clean and stylish. The location is quiet but close to tons of good bars and restaurants, and most importantly, the lake! I wouldn't hesitate to stay there again.",False
13589,23714530,2018-09-06,Lovely spot and incredibly helpful host. A bit noisy at night but as expected in the middle of the city. Highly recommend,True
13591,23714530,2018-10-05,Great place in a great location! Very clean and check-in was a breeze! There was a bit of noise several nights quite late; not sure if this was from a bar downstairs or other apartments in the building. Just something to be aware of if you're a very light sleeper....,True
13592,23714530,2018-10-14,"Clean flat close to all amenities such as shops, restaurants, bars and train/trams. Comfortable beds and very clean place. The plus side is the terrace.",False
13612,23714530,2019-09-27,very clean and easy for the check in and check out.,False
13686,23794805,2019-08-02,"My boyfriend and I stayed at Jeanette’s place for two nights while in Geneva. Her place is a close walk to the train station, downtown Geneva and the lake. Her and her family were great hosts and the place was clean and inviting. We had a great stay and would recommend!",False
13716,29180555,2019-03-01,"First, it´s not easy to find a good and affordable place in Geneva! Thats why I was super happy with Michel´s apartment. The check-in was super easy as well as the communication with Michel. The apartment is modern, cozy and very clean. The kitchen is very well equipped and also super clean. There was even some food available, which made my stay easier! Since I stayed there for almost 3 weeks, I was happy about the washing machine in the bathroom. Furthermore, there is a bus station right nearby to get to the city center. I will come back (:",False
13782,24213085,2019-05-06,"Karim’s place was excellent: very fairly priced in an excellent area, it is a perfect stepping stone to visit the lake, town and surrounding area. It was very close to public transport and a supermarket too which was very handy! Karim was an great host who responded to any queries quickly. Recommended!",False
13812,24213085,2020-09-07,Good experience in general central flat. The host very kind and help us with any doubt. recommended.,False
13826,24213085,2022-11-27,"Karim is an excellent host - he was responsive, helpful, friendly and gave us local recommendations. Check-in instructions were clear, we knew exactly where to go. The apartment was clean, tidy and the beds were very comfortable. It is in an excellent location surrounded by loads of bars, cafes and restaurants, and not too far away from the train station. There is a little supermarket nearby too. Would definitely stay here again if I returned to Geneva. Thank you very much!",False
13864,24234484,2018-07-04,Clean and easy to get to from the airport. I highly recommend this apartment.,False
13866,24234484,2018-08-07,"Daryl's home was clean, with all needed amenities and easy to access. I appreciated having privacy and extra-comfort during a hot summer's day thanks to the fan in the room. I recommend Daryl's home without hesitation.",False
13929,29525466,2018-11-23,"Absolutely recommend staying here! The apartment was spotless, spacious, and close to anything you would need.",False
14031,29749870,2019-04-30,Very much enjoyed our stay. Marie was very accommodating and a very good host. Distance from central Geneva was not too far - very walkable or very quick on the bus. Lovely apartment and space to relax with friends.,False
14059,29749870,2026-04-24,"Extremely good value for a well located apartment in Geneva. About a 11 min walk from tram, or maybe 2 min by bus. It fit our party of five alright. Furnishings were “reasonably solid” rather than “luxurious” but for the price point it can’t be beat. Worked out great for our needs and I would stay here again.",False
14144,29751763,2026-06-17,"Isaac was a great host. The place was easy to find and is located right in the town centre. He was proactive in finding solutions whenever I had any requests, which really added to my comfort.",False
14193,33728757,2023-06-30,"Lovely flat, actually nicer in real life than in the pictures! Lots of space in the flat, and a lovely place to relax in. Area was great, some nice cafes serving coffees/breakfast in very close proximity. Very walkable to city centre.",False
14204,33862576,2026-05-28,"Very comfortable and clean. The apartment looks out on a park, so there is no external noise. Very convenient for UN, WHO and Congress Center of Geneva. Supermarket nearby. Bus stop outside the building for Line 5 that goes directly to the airport.",False
14262,29892666,2025-04-03,"I had a very pleasant stay at Ruby's place, the room is very clean and the bed is confortable. Access to the kitchen is great and Ruby is a lovely host. The location is well connected with local transportation. I highly recommend this place!",False
14273,34198661,2023-06-19,"Booked for family during their visit. Diane was very helpful and understanding, good communication. My family were happy when staying there , they cooked and really enjoyed the terrace. The area is peaceful , 10 mins walk to the station. Recommend if you are visiting Geneva!",False
14303,34417122,2021-10-30,"I had a great two-week stay at Nice’s place. The apartment was immaculate, the room cozy, the bed comfortable, and the complimentary tea/coffee much appreciated. Nice and her husband were very friendly and easygoing, and their dog Boss was adorable. The location of the apartment is very convenient, 1 min walk from the tram. Highly recommend to any short- or long-term visitors.",False
14407,34933269,2019-09-04,"Marc place was in a nice building and a nice neighborhood ,it was a bit far from the city center and the place was a bit small but good enough for couple of days! He responded fast and was there if we needed anything.",True
14531,30331263,2024-11-28,"Claudio was very responsive and friendly and the place was clean, spacious, and with everything I could need.",False
14537,30331263,2025-07-05,"The flat was lovely and had everything we needed, including a hairdryer. It also had a fan that was more than enough, despite the 30oC. The house was very clean and very close to the city centre, the train station and the lake.",False
14575,30424819,2019-02-09,Emmile is a great host and I strongly recommend to other. He is friendly and helpful in giving advices on local travel and shopping for Swiss watch in particular. He liked cooking and may invite guest for a taste. The coffee he offered was also good supplementary for refreshing morning.,False
14597,30424819,2022-08-06,"It was ok overall, the door was a bit hard to open - basically when I try to open the door, the key just kept spinning with click sound. Eventually I opened it but not sure how it actually happened, I just kept on trying 😅 The room and bathroom was a bit dirty, especially the sofa and table in the room and bathroom (towels and other stuff was everywhere). The room was spacious, it is worth it cuz it’s really cheap compare to other hotels or anything. But I would’ve booked different Airbnb or hotel room if I knew how the bathroom looks like earlier on. It was good overall though! :D",True
14598,30424819,2022-08-12,This wasn't a great experience. Roommate hoarded the kitchen with dirty dishes. No keys for bathroom and toilett. Location is very good though.,True
14609,35734873,2019-09-10,"The flat is in a stylish modern block just around the corner from the regional headquarters for UBS and has good transport links into the center. The secure car parking was important to me on this trip, so an excellent choice for my son, my sister and I.",False
14722,30580109,2022-05-25,Philippe got us all the important information and he called to ensure we knew how to check in. Great experience.,False
14731,35855024,2022-08-14,"Great location, beautiful and very tasteful decorated apartment in the heart of Pâquis. The owners are very helpful and available. It’s a real jewel I can only recommend, I had a wonderful time there.",False
14738,35871440,2019-09-23,Anna's place is stylish and beautiful. The room is in a basement that provides just the right amount of privacy to rest from international-long travels.,False
14780,35876107,2024-08-29,"The apartment was very conveniently located; on the 14 and 18 tram lines with direct access to Gare Cornavin, CERN, Bel-Air, Meyrin, etc., and 10 bus for easy transport to/from the airport. It's a short walk to a mall with a large Migros and many convenient shops, food options with late hours, etc. There is also a convenient pizza shop adjacent to the building with reasonable prices and hours. Bekim was a great host, who was very easy to work with. I was there with my family for the summer, and he went above and beyond in stocking the apartment with everything we needed (coffee pods, laundry and dishwashing detergent, soap, etc.), and even helped transport us and our luggage from the airport.",False
14824,30831975,2024-03-28,David’s place was perfect for us. As a couple we really enjoyed the artsy and stylish big spaces in the apartment. We recommend it a lot for people whose have a taste. Furthermore it is really central and very few mins walking distance to the main shopping street and to the Jet. We are very happy with our stay and David was very responsible. Definitely would love to return next time. Thank you David again 😊,False
14889,36686681,2023-05-17,"This is a very nice studio apartment in an excellent location in Geneva, very close to the lake, shopping and the Cornavin station. Manuel is very nice and helpful.",False
14932,36924184,2019-12-13,"Highly recommend staying with Flora. She is such a lovely person and a great host. The apartment is rather small but cozy and artsy and has everything you need. It’s located very central, close to the lake and in walking distance to the center of Geneva. Flora provided lots of tips for bars and restaurants and even left me the keys to her bike! Would always stay here again.",True
14961,37085244,2020-02-06,"Sonia is a great host, very kind and helpful. The apartment is clean, decent location. I strongly recommend!",False
14992,37085244,2022-06-12,"Lovely home and very nice host! Great position in the city, best for travelling around Geneva.",False
15036,37305568,2019-08-20,"Frank´s apartment is fantastic! The apartment is really new, modern and clean. 2 big bedrooms and spacious and confortable living room. It will located in a quiet residential area but really well located, direct tram line to the city center (10min by tram) and close to airport (15min). Frank was a great host, he gave us few key tips and suggestions and he kindly offered us to make late check out and his carbox. I highly recommend Frank´s apartment.",False
15106,31550636,2025-09-18,"Extremely happy in staying at Amy's. The place matched the pics 100%, she was super friendly and adaptable for checking-in - even in my almost-last-minute booking. The bed was really comfortable for a perfect night of sleep, and the area is full of nice bars and restaurants around. It was my 3rd time in Geneva, but 1st in that area and I am super happy with it. Would definitely stay again.",False
15181,31619098,2019-04-30,"The place is comfortable and location is perfect, easy to go around exploring Geneve. Karim is very responsive from the booking till we check out. He even allow us to store our luggage after we check out so we can explore the city a bit longer. Highly recommended!",False
15190,31619098,2019-10-25,"Apartment in a great location and Karim was a helpful and responsive host. Simple things could have really improved our stay such as updating the bed linens, towels, shower curtain, etc. they were not in the best condition. The sofa bed is not suitable for anyone to sleep in and we were unable to use it during our stay, which is unfortunate as it was the main reason we booked this place.",True
15279,38077312,2025-12-27,Nice people and very welcoming. Enjoyed the stay.,False
15300,31619098,2024-02-25,"Although my friend and I arrived in Geneva very late, this did not delay the landlord from receiving us. The house is clean and tidy, Complete kitchen utensils",False
15301,31619098,2024-02-29,We had a really lovely stay at Karim’s place. He was so accommodating of our needs - even providing an adaptor at 10pm when he realised that the ones in the apartment were missing. He was super responsive and couldn’t have done more for us! We stayed with our five month old son and the apartment was quiet enough for him to sleep (although we stayed during the week - so may be different on the weekend). Karim provided a cot and everything we needed. Great location too - with good bars and restaurants nearby but not too busy. Would really recommend.,False
15320,31619098,2026-03-05,"Karim’s place was located in a very convenient location, within walking distance to the restaurant I booked and a short ride from Geneva airport / train station. Place was very clean, check in was fuss free and the building was very secure.",False
15333,38077312,2026-05-24,"Nelson was accommodating, he let me deposit my bags early before checking in. The area is nice and very close to bus station. It might get a bit noisy at night as there are restaurants and pubs downstairs",True
15353,32281082,2022-04-06,"Clean, spacious and bright apartment in a great location. Gabriela was an amazing host. I met her in person for check-in and she provided me with all the necessary info. The apartment is very well equipped in a quiet neighborhood with a ton of natural light. Thank you Gabriela! I hope we meet again.",False
15357,32281082,2023-09-23,The apartment is located in a quiet place near the airport and very close to the bus station. The apartment is spacious and sunny. The kitchen is fully equipped so you feel at home! Gabriela always responded immediately to any questions I had. I will definitely visit Gabriela's apartment again!,False
15373,38225473,2023-11-22,"The Apartment is very clean,new and well equipped, even with a mini-‘Cafe’. It is centrally located within walking distance to most amenities and tourist attractions like the flower clock, and Water Jet. Near to Supermarkets and restaurants. Free Parking nearby from 5pm-8am. Other hours are chargeable at a reasonable rate. Oscar is a great host and very responsive even in the late evening hours. Highly recommended 👍",False
15447,32340445,2020-03-13,Anthony has been a great host. Very hospitable and accomodating. Communication was great. The place was in tip top shape. Sparkling clean bathroom. Very close to the airport and with easy links to the city centre. Would highly recommend.,False
15506,32340445,2023-07-12,"Anthony is a great host, very helpful and friendly. His apartment is exactly as described, very clean and nice. Location is good for getting to/from the airport. Highly recommended, If I’m back in Geneve again- his apartment will be my choice of stay!",False
15702,32459903,2025-09-09,"Samia was very welcoming and considerate. The apartment is in a great location. It's very easy to walk to the city center and to the train station. I'd be happy to stay again if I return to Geneva! Thank you for everything, Samia :)",False
15769,39350716,2022-02-28,"I had an excellent six-week stay at Jon and his family's beautiful home thanks to the warm welcome and kind hospitality. They set the bar really high in terms of making their guests feel at home, making sure the breakfast is according to one's wishes and fresh towels etc. are always available. The house is super clean and the room newly furnished. The neighbourhood is very calm and beautiful, with parks nearby and a stunning view of the mountains. I can truly recommend to stay there and wish them all the best !",False
15891,32761169,2020-10-03,"Nice and clean place, well located, easy access by transport. Very good communication with the host.",False
15920,32761169,2021-07-16,"Wonderful place, very convenient location of the apartment! Thank so much for Lionel very much for your hospitality and a wonderful apartment!",False
15988,40026248,2022-09-16,"The bed and sheets smelled a lot like tabaco. Even though I left the window open from when I received de Airbnb til night, the smell kept in the room. Pillows as well were non usable because of the smell. Is very well located tho. Also pretty spacious.",True
16044,32778681,2021-08-31,"Great stay at Sergio, he’s such a nice person, all the time smiling and all the time there to help you if you need anything. The room was very big, clean and the bed really comfortable. You can go to Geneve by taking the bus in front of the house. Small private beach close to the house.",False
16050,40062171,2022-05-05,I felt very welcome and as if I was visiting my friends or family. The location is very convenient (I was going to the congress centre) and the bed is so comfortable that it is sad to go out of it in the morning.,False
16106,32816607,2019-06-15,"Tarek is a great host, open minded and easy going person. Attentive to guest accommodation and helped me with local interaction and communication. The place is spacious, bright and clean and has everything i needed in terms of comfort and facilities. The location is perfect for my study and public transport connection. The neighborhood is quite and calm with private territory which is also a great bonus. I’d definitely recommend Tarek and his apartment for stay and just to have a good person in Geneva. I’ll stay here next time for sure! Besides good accommodation i now have a nice and kind person to stay in touch with! Thank you so much. You made my stay in Geneva better than i could expect.",False
16152,40246994,2023-01-06,"Nice 1 room apartment for a 2 adults. Sunny Terrace and located at walking distance of Park , Lake , City Center and - last but not least - of the Railway station Eaux Vives.",False
16178,32927107,2019-09-07,"We had a good stay at Maki & Tedi’s place. They and their house was welcoming and cosy. We were picked up by car by Maki at check-in as it was raining; thanks for that and for the local tips. The place was clean and in good condition, we had privacy as well; much appreciated. Regards, Iulian & Amelia",False
16227,33535184,2019-05-19,IIinca’s place was perfect for a quick stay in Geneva. Check in was seamless and the room is spacious and had an incredible view of the city. IIinca was also very friendly and kind. Would definitely stay here again and recommend it for future travelers. Thanks!,False
16269,40528932,2025-10-04,"Although it was a very short stay, but Anne-Lise was very welcoming and explained everything clearly. The place was spacious, quiet, and comfortable. Everything I neeed was there from the get-go.",False
16275,40585341,2023-03-22,"I stayed in Magali's studio for a week and can warmly recommend it. The studio is exactly as described - clean, in an excellent location, with a good view of the lake; communication with Magali was very easy. I will look forward to returning next time I am in Geneva.",False
16297,33535184,2022-07-06,"Ilinca's place was very close to everything. She is very kind and helpful with anything you may need. I had to work for 2 nights while there and the wifi was strong enough for video calls. There was no fan available, and Geneva in July is very hot so it was difficult to sleep even with the window open if you are not used to the heat. Also, the bed is quite firm for me, but if you like firm mattresses then this would be a good pick.",True
16427,41837357,2022-05-04,Excellent location. Old building but in the apartment very clean and all functioned. Usage of fridge and microwave is helpful. Mother of Bianca is super helpful and can assist with anything one might need. I was able to prolong my stay for an hour because of meeting. Really recommend. Would definitely come again. Bostjan,False
16463,41496102,2022-09-02,"Near to the tram station, clean, and comfortable bed",False
16482,42013023,2025-06-09,"A great flat to stay in to explore the city, the neighbourhood felt very quiet and safe and ideal with our young son with us. There is a great park for little ones nearby which we loved, and very easy to use buses into the city. The flat was very spacious and clean. Easy to get to from the airport or main train station, Philippe sent us clear instructions which were really useful. I would definitely recommend to stay here.",False
16531,41799032,2023-08-31,Very nice and helpful host. The place itself had everything we needed and is located very close to the train station. Would definitely stay again!,False
16537,42037321,2022-12-02,"Myself and my my family were very happy with the staying . Very relaxed and family oriented, peaceful flat. Clean and with many utensils. Emmanuelle is very friendly and quick responsive person. Would definitely stay in next time and recommended to stay.",False
16585,42103223,2023-02-18,"Nice location, 15 minutes walk from the lake. The flat was clean when we arrived. It has a well-equipped kitchen and a small bathroom. In the living room there is a table and 2 sofa beds which can be a bit uncomfortable if you stay for a long period. David is very helpful and responds in a short time.",True
16587,41799032,2025-06-17,"Would be great if all airbnb hosts could be as good as Lisa. So much thought and generosity has gone into making her place as convenient and enjoyable place to stay as possible, add to that the beautiful surroundings, the proximity of the lake and the 4 trains an hour to central Geneva (10 mins away), it made for a very enjoyable couple of weeks. Strong recommend.",False
16622,42168595,2025-06-25,"The host needs to communicate well with people either I’m talking to a robot or aggressive person, The apartment has one advantage it’s in the middle of the city other than that nothing The kitchen was mess we started to clean the microwave there was hair and food stains",True
16627,44112836,2021-12-31,"Really nice hotel, safe and close to the train station",False
16632,44112836,2022-04-15,Clean and comfortable. Simple room very close to the train station. Not all guest rooms have updated bathrooms.,True
16636,44112836,2023-07-02,"Being next to the station and near to the old town and the lake, the location was excellent. Valentino was helpful with directions to places. The check in went smoothly. Our room was up at the top of the hotel ( with a lift) and we liked it .",False
16676,42175166,2023-08-28,"We were rather disappointed in our stay. There is no toilet paper, and we did not feel particularly welcome, and the other parts of the apartment it was a pretty rough neighborhood, and though she was very sweet it didn’t make up for the lack of normal amenities.",True
16685,42240245,2022-01-28,"Great location, close to train station. The flat is clean and spacious. Only a little bit noisy in the morning from the street, otherwise all good.",True
16690,42240245,2022-06-29,"Great place, and great location. My favorite part was the portable wifi!",False
16691,42240245,2022-07-19,Super accurate and great listing! In the perfect spot to walk to just about anything. We had no issues at all and enjoyed our time.,False
16703,42240245,2022-11-05,This is the first 5 star review I have ever given. Gourmet grocery in the Dept store basement across the street! We would have gotten all of our meals and supplies there from day 1 if we had discovered this hidden gem. Transit Hub out the front door. you can get to anywhere in Geneve from there. Get your pass online or from the vending machine. Transport bus #5 or #10 from the airport or Cornavin station. Very clean cute Studio. Bed was very comfortable. Kitchen small portablewas great! great! Next time in Geneve we will rent again. Lovely city and Apt.,False
16734,44158035,2022-08-07,Amazing apartment in the heart of Geneva. It is within walking distance to the lake and old town. We had a great stay and would love to come back another time.,False
16781,42240245,2024-05-11,"Raphaël was a great host and provided extremely helpful instructions and assistance. The apartment was perfect for my quick trip, and I had a very enjoyable stay.",False
16811,42240245,2025-06-24,Amazing location right next to train station. In an older building. The unit had everything we needed and looked like the photos! Thank you for hosting us!,False
16862,42445992,2023-08-02,This was my third time staying at Jonathan's parents (for a reason). Absolutely loved it and would recommend it to everybody! The best air bnb I have seen so far. Thank you for everything!,False
16913,45449253,2023-09-25,"Elise's place has its beautiful charm, full of collections and interesting hobbies. My private room was spacious and clean, and I was welcomed with a tasty Toblerone. I felt comfortable at all times, my main idea was to leave early to the train station but I deeply enjoyed the bed and the cozyness of the place. Thanks a lot Elise for accepting my last minute request!",False
16922,45449253,2024-10-03,wonderful memory Feel the kindness and hospitality Hope to come here for the second time 房东特别好！！我航班早到了，提前了五小时入住都可以！！中国女孩们快来体验，入股不亏！！,False
16996,45570528,2022-03-15,"Proximity to station is great if you are meeting people from trains or flights and perfect for a quick departure. Ideal for short breaks. Useful shops in station complex and short walk to the beautiful lake. Open all hours reception and welcoming foyer. The room and shower room are comfortable. We slept well, loved the fridge for keeping milk cool and the kettle for boiling water for a cuppa. Would book again.",False
17023,45664714,2023-05-17,"Lou,s room was clean, bright and comfortable. The location is fantastic... 3blocks from the lake and a 5 minute walk to the train station. Lou was very helpful with directions and places to see. Her dog, Lea is sweet and quiet. I would definitely recommend Lou s place.",False
17028,45664714,2023-07-16,"Lou and Lea were very warm and welcoming. Lou is friendly, kind and helpful. The place is at a perfect location from the city centre, train station, Lake Geneva. The place is clean and hygienic. Definitely a must go and stay !",False
17179,45782210,2022-05-26,"This place is a hidden gem. It’s very centrally located, easily accessible to the old town with either bus/train or even walking which we did. There is a train station a few yards away which is extremely convenient. Whilst the place is a studio, it has everything you would need and two of us were able to stay comfortably. Very high cleanliness levels also, and Yu’s communication is also great. She was very helpful and responded promptly. If I were to come back I would definitely book this place again.",False
17248,43033297,2023-08-19,"Diana is very nice and she always had quick response. Unluckily, there is a heat wave in Geneva so it’s very hot, we got the fan fm Diana, no problem at all.",False
17303,43109004,2022-06-09,"Nice place, close to the village Centre. Interesting configuration with the ultra modern shared lounge area and adjacent studios.",False
17358,46677827,2025-03-21,"Manuel's home was a ideal choice of accommodation while exploring Geneva. The location was superb. It was quiet, convenient, had cafes, restaurants, shops, train station, lake, all within a very short distance. Manuel's home is perfect for a solo or couple looking to explore Geneva area. It had so many facilities inside the apartment to cook and prepare for yourself. I had the most amazing time, just wish it was longer. I would definitely stay here again, without any doubt.",False
17369,43235723,2023-11-07,"The area was very beautiful. The place was very clean and the bed very comfortable! It is very close to transportation. Marc was very helpful and responsive. My favorite part of the place, although there were many things I liked, were the big windows. It had a very pleasant view.",False
17504,43473282,2021-02-03,"Excellent and generously sized room in a hotel, suitable for quarantine in today’s Covid-19 times upon arrival from another country - incredibly friendly and helpful staff, amazing cleaners, fantastic location. Kitchen well equipped with all the essentials and front desk very helpful for deliveries from the outside world. Highly recommended.",False
17511,43562734,2020-08-29,"Central, no frills accomodation close to plenty of restaurants and bars. The Internet comes from a 3G phone and I managed to connect with a bit of help from a lovely host. Everything is as described and I enjoyed my short stay.",True
17520,47791382,2022-08-17,"We had a lovely time at Kayla's. During the short time we stayed, Kayla gave us some helpful hints on where to go and what to see. Her flat is in a good location, 10 minutes away from the Airport and 20 from the city centre.",False
17529,47791382,2022-10-12,"Nice stay at Kayla's place, she is very friendly and nice and has a positive aura. The room was large and bright with a comfortable bed.",False
17722,48052265,2023-11-12,"Great host, lovely place and really appreciated Yann’s flexibility with check in and check out. And thanks for the wine Yann! Would definitely recommend 😊",False
17730,48052265,2025-07-04,"We had a wonderful stay! The place was exactly as described,clean, cozy, and very comfortable. Communication with the host was smooth and easy. Highly recommended!",False
17780,48224385,2022-07-28,"The airbnb was generally clean, but some better preparation would've greatly improved our stay. We had to purchase washing machine detergent and cleaning brush for the dishes, as well as the shampoo looked to be left from previous visitors, these didn't provide a welcoming feeling. Also, even though our reservation was for 3 people, there was only 2 towels provided which also could be improved with better preparation.It was quite hot inside where it was hard to sleep the first night, the posting does mention there's no AC, but thought I'd mention this for the sake of others who can't sleep in hot places.",True
17800,43983490,2022-04-22,"This is a fantastic, modern studio in Carouges. It makes access to the city very easy and flexible. I love staying here when I am in Geneva.",False
17801,43983490,2022-06-10,"If you are lucky enough to find this lovely little studio available take it! The place can't be better located for an immersion to picturesque Carouge. Tram pass just at the door of the place but you hear absolutely nothing inside. Check-in and check-out was smooth and Mat very responsive. He is very flexible and kind and even encourage me to take some cherries from the Tree in the courtyard. In a nutshell, great value for money and the perfect place for a great travel experience.",False
17850,48977042,2022-06-19,"I had a great weekend here at Valeries place. The location is very good for the price. It is only a 10 minute walk to the old town and lakes edge. The apartment was larger than I expected, there was lots of room. The bed was comfortable and the the kitchen was pleasant. The value for Valeries place is really good, especially for an expensive city like Geneva.",False
17938,43993821,2024-01-20,"Tous 5*Alles 5*Tutto 5*per me Todo 5* para mi All I value with 5* I was lucky to stay in this home, where I felt at home. Thank you very much, so God will revisit again. Geneva population mix has changed lot. Near station I tasted Läderach Chocolate, the founder is/was a great person with values which made Singapur the best country, Republic of Geneva should adapt and be the best country!",False
17973,43993821,2024-08-15,"Eva is a charming Lady, very attentive and helpful. the flat is super close to the translation, which is is super convenient.",False
18007,49252572,2022-04-06,"Leandro is a great host! The place was very clean, the check-in was very easy, and the location is great. I will definitely be staying here again.",False
18010,49252572,2022-04-23,"Léo is a great host, very laid back and flexible. He met me at check-in and made sure that I had all the info I needed. The room is quiet, clean, and well-situated. Bathroom and kitchen are shared and clean with a cleaning service passing regularly. No lock on the bedroom door, but I never felt at risk. Excellent value and convenience.",True
18018,43993821,2025-05-24,"Although we couldn't speak the same language, we were able to communicate, and Eva was super nice and friendly, and I felt welcomed and glad to have a quiet little haven in her home. There was plenty of room for my stuff in the room, as well as a writing desk. The bed was very comfortable, and I slept very well! I would especially recommend Eva's place to someone who is quiet and doesn't need constant stimulation. The location is near public transportation. Thank you, Eva! :)",False
18081,49456069,2023-04-28,"Daniel’s place is exactly as described, spotlessly clean and very comfortable. It’s in a great location with a fab roof terrace. Daniel was very helpful and kind. Would thoroughly recommend the apartment!",False
18104,49456069,2024-01-08,Fantastic rental and super kid friendly. My family stayed here with my 3 year old and infant baby. The beds were super comfortable and the apartment had everything we needed to cook. I loved that there was a high chair and baby cot. It’s in a very convenient location close to the train and bus stations and to the lake and other tourist destinations. Also many restaurants closeby. I would absolutely stay here again!,False
18127,49456069,2024-08-04,Daniel was wonderful and the place was perfect and conveniently located,False
18199,50802022,2025-06-07,Lovely place to be with the kids while working at the UN - park across the road and easily accessible for transport,False
18234,50837772,2021-10-31,"I stayed in Tommy’s flat for a month while working in Geneva. Wonderful and cozy flat with a lot of plants, nice books and balcony for the morning coffee :-) Also fully equipped and clean. Tommy is a super host - very communicative and flexible. Loved the area as well, loads of nice restaurants and cafes, close to the river + everything I needed within walking distance. Thanks a lot for the stay! Highly recommendable :-)",False
18250,50906652,2024-06-01,Pauline was a wonderful host! her place is perfectly located for a conference or to pop into the old town. the space is cosy and homey and she is very communicative. All in all a great stay!,False
18254,50908558,2021-08-06,"This is a beautiful apartment, fitted with all the amenities. The host was prompt in his communication and so helpful with all queries. Great location!",False
18299,49808750,2025-09-30,"Our stay with host was absolutely wonderful! They were incredibly warm and welcoming from the moment we arrived, making us feel right at home. Their adorable cat was such a sweet bonus—so friendly and playful, it really added to the cozy vibe of the place",False
18304,51063360,2021-08-06,It was super nice to stay at Brice's for a few days in Geneva. His appartment has everything you need and is in walking distance to almost everything in the city. And the balcony is perfect for having breakfast in the sun.,False
18391,50411102,2022-11-27,"Comfy stay, good location next to Lake Geneva (close to the water ferries), in a nice neighbourhood and not far from the central train station. Friendly and helpful staff as well. Fresh tasty, buffet breakfast. Would recommend bringing small extension lead due to number of plug sockets in the room. Certainly worth booking though! 😊",True
18392,50411102,2025-09-11,We stayed one night. Was an easy walk to the lake and we were able to check in early.,False
18461,50419149,2026-04-28,"I was really appreciative of how helpful and available Samuel was, including meeting us where we had gotten lost to help us get in, giving a tour of the house on check in, and explaining how to use the airport transit. That felt like above and beyond hospitality, in addition to being a really great place/view.",False
18467,50514375,2023-08-02,"Beautiful apartment, with everything you could need. Rachel was very kind and responsive, and gave great local recommendations. Neighbourhood had plenty of stores and resraurants nearby, and the apartment was right next to a tram stop for easy access everywhere, though walking was no isse either, with about 30 min walk to the lake.",False
18469,50514375,2026-04-14,"My sister and I spent 10 amazing days in Rachel's flat. She was from the beginning, very kind and attentive. She was easy to reach whenever we had a question and always gave clear instructions and also gave good recommendations of where to go or to eat. She made the check in and the rest of the stay feel very straightforward. The property was exactly as described. Clean, comfy and well equipped. Easy to access and close to everything we needed, supermarkets, shops, bakery, restaurants...also we look after her cat Tilly who is the cutest cat we ever met. We really recommend 100% Rachel's flat and if at some point we go back to Geneva, we will definitely choose Rachel's home. <3 - Muchas gracias por todo!",False
18471,50534879,2021-10-10,"Spacious and fully equipped apartment a few minutes from Geneva. I needed convenient spot to visit the nearby clinic, this was a great selection. Offers parking, a rare thing, view of the mountains and a beautiful farmers market on Saturdays.",False
18481,53468519,2022-09-21,"All went very smooth, despite booking just the night before. The room is beautiful and spacious (there are 3 bed, 1 doubel and 2 sinlge). It is a very quiet place despite being close to the center.",False
18491,53486702,2022-01-05,Thanks Gem. I enjoyed the stay - the property was clean and bright and well equipped and suited my needs perfectly. The TV is amazing and wifi was excellent. Gerry,False
18528,53528814,2022-06-12,"Bianca’s place is amazing! The apartment was incredibly central, clean, and comfy! Would highly highly recommend this to anyone traveling to Geneva",False
18532,53528814,2022-07-07,Bianca's place was conveniently located right next to the main train station. The apartment was spacious and the kitchen was functional. The check-in and check-out process went smoothly and Bianca doesn't require any additional help when leaving (for example taking out the trash of doing the dishes). A very clean and fun experience!,False
18677,51710779,2022-10-02,"Everything was good! Little trouble checking in and getting that sorted out, but once it was figured out, everything was fine! In a good location, and the apartment was nice.",True
18685,53712007,2025-07-03,"Always great stay by Phillip, love the location, the apartment and everything! Phillip is always great and polite and helpful! Highly recommend it! Cheers Pedro",False
18783,51710779,2025-10-19,"A wonderful place, just a few minutes walk to the lake. The apartment was clean and just as described.",False
18798,54001322,2023-06-28,Best place ever. I had all what I needed. Nathalie help me with all my doubts and concern with my itinerary. The house is clean and ordered and quiet to sleep what I didn't days before. 200% recommended,False
18849,51864201,2022-09-15,"Alex is a super friendly and nice host and in his appartement, everything is neatly placed. All the information of the appartement, including the self-checkin, the code , the address was listed clearly before my arrival. Alex had provided me with great suggestions about the city and life here in Geneva. I highly recommend the appartement since it’s close to the train station and not far from the airport, really convenient for one just arrived. Especially a cosy and safe place for ladies traveling alone or students.",False
18913,54155039,2024-06-23,"I had an amazing stay with Ludovica. It truly felt like visiting a family member. She's an amazing host and a kind and caring person. She's has a great sense of humor and is great to have a chat with! She also has great local recommendations, so don't miss the chance to ask her about stuff to do in and around Geneva. The room is as described, comfortable bed, clean room and bed linen, and quiet - perfect for a single traveler. You also have full access to the kitchen. The location is great, close to public transport should you need it and 15 minute walk away from the old center. Thank you Ludovica for the dinners and lovely chats! I hope to see you again. Definitely recommended 👍❤️",False
18918,54155039,2024-11-08,"I had a wonderful time at Ludovica‘s place. The room is tidy, spaneous, and comfortable and in general i immediately felt like home. Ludovica is super a nice host! I can warmly recommend this place :)",False
18981,52214143,2026-06-07,"Well-furnished and comfortable flat with beams showing in a lovely old house. Walking distance of ICRC and Palaus de Nations, across from the Jardin des Penthes. Yet it feels like staying in a bucolic village. Ntombifuthi is nice, flexible and responsive. Regrettably I couldn’t meet her in person. Definitively good value for money, especially for Geneva! Very much recommended.",False
19002,54301093,2022-09-28,"Host was very accommodating and welcoming! The flat is well taken care of, they even had a tea pot and extra blankets which I personally loved when it was raining!! Was close to public transit!",False
19117,54362121,2024-01-22,"This was our second stay at Arthur and Camille's place. The hosts are very friendly and good communicators. They accommodated our request for an early check-in and extra bedding for my daughter. The place is amazing- the best you can find in Geneva - its location, style, and cleanliness are superb. We really enjoyed our stay and will definitely come back next time.",False
19201,52609352,2023-06-15,"The place was clean and exactly like pictured. Close to the bus stop so easy to get around. There's also a Coop right by, so very convenient.",False
19239,547449227038374518,2023-05-24,Nice location which was very walkable to the rest of Geneva. Friendly and responsive host.,False
19307,554063971965723176,2024-10-04,"Julieta is a great home. Gave clear description to the accommodation and was willing to support, where required. The apartment was quite clean and worth the pay",False
19313,52898672,2022-08-21,"We really enjoyed our stay here. The place is conveniently located, around 10mins away from old town. The flat itself is large we could comfortably stay with the family. The host is responsive and quickly answered all our questions. Highly recommend!",False
19353,554084692213037892,2022-11-30,"I had a truly wonderful stay, the apartment is cosy, Lucia is welcoming and easy going, the area both central and calm. Will come back !",False
19355,554084692213037892,2023-02-10,I staid three nights with Lucia for a wo k trip to Geneva and had a really good time. Lucia is really easy to communicate with and very welcoming. The flat is great and you feel like at home. I would highly recommend it!,False
19367,554084692213037892,2023-08-08,"Very lovely stay near the lake with easy transport everywhere. It was safe, clean, and spacious. I had everything I needed and felt welcomed.",False
19492,52936025,2023-03-28,The apartment was exactly as advertised and perfect for our needs. We were out and about all day only returning in the evening and the location was very good for us. Very easy transfer to the airport with a tram at the top of the road to the train station and the train directly to the airport. Took around 35 mins and cost €3 each. Answers to queries were very quick. Happy to recommend!,False
19496,52936025,2023-06-03,"Cristina’s place was wonderful. It was walkable to everything and the check in was very easy. The bed was cozy. There is some noise since it’s in such a central location, but nothing more than what you would expect from a city street. We would definitely come back.",True
19507,52936025,2023-09-16,We were very pleased with the accommodation. Excellent location and super friendly and commutative host. Thank you!,False
19579,563041028316098428,2025-04-23,"I have stayed here many times. each time there is something new. I love it. and the water pressure in the shower is the best in Geneva. right next to the 18 and 14 trams and walking from the train station, makes the location ideal. and Sofia is an amazing host. always responsive and always helpful. will probably be staying at this place as long as she has it listed and I can travel here.",False
19597,52936025,2025-03-04,Cristina’s place is a beautiful apartment to stay in Geneva. Very well connected to the city centre and other attractions. Cristina gave amazing recommendations and was always very responsive.,False
19602,52936025,2025-06-17,"Great location, very walkable with easy access to transit. Nice to stay have a kitchen and fridge, and the air conditioner was great, as it was unusually warm in Geneva.",False
19604,52936025,2025-07-04,"Comfortable space and decently convenient to the airport which was important to us. Very thankful for the portable AC unit provided as it was very hot in Geneva while we were there. The biggest con is that we had to get our heavy luggage up two flights of stairs, but overall a pleasant stay!",True
19630,52936025,2026-02-15,"Great place to stay in Geneva. Close to tram links, supermarket and walkable to the old town. Very comfy, big bed! Cristina gave us some great local recommendations, too.",False
19672,572156376959223824,2022-09-14,"Marvelous experience with this airbnb. Imen and her daughter Shrin are great hosts!!! Feeling home away from home-this what it literally is. Very convenient location few blocks from Carnivor train station whiich takes you in 7 minutes to the airport. Walking distance to all UN agencies which was very convenient for me. Room is big and spacious, next to it there is a bathroom which host generously gives to your disposal, so you have your own bathroom with shower tab next to the room. Sipping coffee in the evening, granola bar and sweets shared in the morning, those are small , but generous touch of great host Imen. Thank you for all, highly recommended place.",False
19714,53309988,2025-07-05,"Antonio is truly a gem of a host! From the moment we arrived, he made us feel completely at home. The room was spotless, with tasteful interiors and a super comfortable mattress – exactly what we needed after long days out exploring. My wife and I stayed for 4 nights and couldn’t have asked for a better experience. The location is fantastic – just a short walk to Geneva Lake, surrounded by great eateries, and the Rue du Lac bus stop is right around the corner, which made getting around really easy. Highly recommend staying here if you're visiting Geneva. Thanks again, Antonio! Going back home with a friend in Geneva.",False
19742,576573537775636673,2023-07-05,"Always a pleasure to stop on such an iconic fantastic Geneva Avenue. You can walk anywhere from here and feel that cosmopolitan Geneva stroll you love, whether towards the Lake Veille Ville or to the trains beyond!",False
19766,610601914443380949,2023-02-17,"Karim was responsive and accomodating. Was nice that we could drop our bags before the official check in timing. Location is amazing - train station 5 min away, Manor mall 4 min walk away, etc.",False
19778,610601914443380949,2023-11-04,"lovely spacious studio, also ideal for longer stays, situated in a beautiful building. the coffee was very good. we could occupy very short notice, which was a blessing. karim is friendly and check-in is flexible. quite a few basic things in the flat need fixing and the dusty layer on the floor and surfaces disturbed us. this could be due to renovations to the building itself.",True
19829,596334163047305530,2023-02-10,"Excellent location, bang in the centre with food, massive supermarket, and the central station just a few minutes walk away. The check in process was extremely stress free and the place as described. Communication was quick and accurate, including my ridiculous request for information about the amazing mattress! There were a few nice surprises not mentioned on the listing too. Great place and very happy to stay again. Thanks again.",False
19845,612288879963616014,2022-07-29,i was honestly worried at first since there were not any reviews but I had a great stay here. the location is convenient and cheap compared to anywhere else.,False
19860,597012816458030071,2025-09-25,"Veronica is a phenomenal host! Very responsive, caring and helpful! The apartment is located in one of the most prestigious neighborhoods of Geneva and is cosy and fully equipped! I highly recommend it!",False
19905,612288879963616014,2023-09-28,Isabelle's and Bianca's place is very nice and matches the description very well - I only stayed for one night but it was very pleasant. Communication was great too!,False
20050,612312227832942158,2022-12-16,isabelle's place is very good as a work accomodation in Geneva. living in one of the rooms of the house offers the privacy and conviniences. neighborehood has easy access to supermarkets. walking to the UN area takes 35-40 minutes. roomates in general are quiet and considerate. I would recommend Isabelle's place to other people who have to work in Geneva.,False
20180,690523054805437317,2025-05-31,Perfect stay in a great location in Eaux-Vives with restaurants and supermarkets all around. The nearest bus stop is a 2 min walk away. Barely 5 mins from the Jet/lake. The room was super clean and very beautifully designed and decorated. I would love to return and stay here for my next trip. The kitchen has all the amenities needed and the bathroom was very clean. Lots of cupboards and wardrobe space too which I always prefer. Thank you Paul for communicating efficiently. I visit Geneva often and this is one of the best places I’ve stayed at.,False
20270,692661186096421243,2023-12-02,"Serge was extremely patient, kind, and helpful. His location is very close to the airport and the bed was very comfortable. We had everything we needed to unwind, refresh, and get going in the morning.",False
20309,692661186096421243,2024-06-06,"Overall it was a very good experience. Worth the price! Location very close to the airport. Serge was kind, flexible, and responsive.",False
20372,692661186096421243,2025-01-15,Perfect as usual. Lovely bedroom and perfect location close by the international organisations offices and the airport.,False
20432,703475238994716121,2022-10-22,"Absolutely great place to stay. Easy to find, very clean and comfortable, fast wifi, close to the UN premises and to the lake. Strongly recommended to anyone coming to Geneva either for working purposes or for vacation.",False
20658,647847753739624796,2023-02-13,"Nice made sure the check in process was quick and easy. The location is positioned well between the lively areas of Carouge and Geneva and made for enjoyable walks to those areas. The apartment was well sized for two guests, with a very comfortable bed and updated bathroom. Aside from the occasional noise outside late at night, this place was absolutely perfect and made for a great place for our three day holiday.",True
20666,723206733729443052,2025-06-06,"The key lock system is brilliant facilitated check-in, secured coming and going. The communication through AirBnB was reliable and knowing in advance the WIFW code was handy and helped with Check-in. The accommodation is central, and the Bus/Tram services to Geneva station and Geneva airport is good. There are several food stores in the surroundings (Aldi, Denner). Guest rules were helpful to find the kitchen always clean.",False
20691,647847753739624796,2024-02-05,The appartment is cosy and very well located. The street is a bit busy so for us it was a bit hard to get a good night sleep (but we are light sleepers). The fact that the tram is right in front of the house is super convenient to visit and explore the city.,True
20731,653637302902404527,2022-08-26,"Wonderful, clean and spacious studio located near everything you need in Genève. I highly recommend it if you’re looking for an alternative to the expensive hotels. It was very clean and orderly.",False
20792,730093915702084646,2022-10-15,"For a first, this was a mind blowing experience. You really feel home with everything you need. You understand the owners love art and design. It seems like the « Parc des eaux-vives » is your garden given the proximity of it. I would definitely recommend it as a better alternative than hotels!",False
20810,731528155336066489,2024-04-07,"The place is lovely, well set up and close to public transport. Jeanne was a great host; super responsive and flexible, letting us pop our bags in prior to check in. The whole experience was made easy and simple for us. Lovely lovely place.",False
20879,739642731494535358,2025-02-08,"We had a wonderful few nights in Eric's apartment. It is well-appointed and comfortable. Pavel was helpful during check-in and was contactable during our stay although we didn't really need anything. The apartment is in a great location close to many bars, restaurants and supermarkets. It was good value for Geneva. As others have said, it's on a street that is quite happening at night but with the shutters down we were not at all bothered by noise and enjoyed being close to many restaurant options!",False
20923,741356448383554125,2024-07-05,This was a great place to stay. Very close to the lake. Jean was very responsive and helpful. The place was very clean and very spacious. I do recommend it to anyone who wants to have a good stay.,False
21018,744755062741694645,2023-02-05,"I really enjoyed staying at Isaac's place. It's super close to a the station and the main town area and I was able to walk everywhere. From him home I went to many different places e.g. the movies, the comedy theatre, many tourist places. I did the ""Free Walk Geneva"" which was a totally incredible experience.",False
21023,744755062741694645,2023-08-27,"Isaac was really helpful and flexible. I travelled alone, so the space was enough. The apartment is located just a few minutes (if you’re are walking) from the train station and has just a great value considering Geneva is pretty expensive. I will definitely consider Isaac‘s place again, when I come back to Geneva.",False
21026,744755062741694645,2023-12-02,"Isaac's place was as described, centrally located, with things to see and do around. Isaac was responsive and flexible, easy to communicate with. Check in and check out went smoothly. The place is a good value for money, considering Geneva's rates and prices. I liked staying at Isaac's place.",False
21085,657033850150026822,2023-10-07,"Sarah is very helpful and was always available to help us. She kindly left a hairdryer which I requested before our arrival and also answered us immediately when I messaged. The flat is 10/10, it is cozy, clean, modern and its contrast with the old town of hermance makes it the most charming place I have ever been. We are looking forward for staying in the little house again. Thank you, Sarah! (Mariana and Raphael)",False
21113,765169090962022444,2024-08-10,"Enjoyed a lovely time in Geneva from the comfort of this space. Easy access to public transportation, excellent location, and very walkable. 10/10 would stay again.",False
21133,771018793096207866,2025-09-19,"Alex and Ruxandra's apartment was perfect!  The rooms are beautiful, comfortable, and everything we needed was available. I agree with the other reviewer who wrote that the place looks even better in person than in the pictures. Nice shower!! The location also couldn't be better.  A very short walk to the Geneva main train station, close to the lake and old town.  There are also lots of good restaurants a short walk away.  Alex and Ruxandra were great to work with; getting inside and checking out were both very simple.  Next time we're in Geneva we'll be back.",False
21136,771018793096207866,2026-01-11,"Our family spent 3 nights in Alex's flat between a rather busy tour of Prague and a hectic week of skiing. It was the perfect spot to recharge our batteries for a few days. Alex met us at the apartment and was very friendly and hospitable. The flat is lovely, comfortable and warm - and spacious by European standards so there was plenty of room for the 4 of us. We did some laundry which was a bonus. Water pressure in the shower was fabulous. The neighbourhood felt safe and extremely convenient i.t.o. restaurants and access to the lake. I was sorry that we didn't get to explore more of Geneva - we would happily stay at Alex's again if we ever return.",False
21183,777330291624398075,2026-05-03,"We had a lovely stay. The apartment was clean, well located, and exactly as described. Check-in was smooth and communication with the host was excellent. Would definitely recommend!",False
21188,785513361868353454,2023-02-23,"Fernando’s apartment is great! I can stay there really like my home with my son. Spacious with a nice kitchen and two bathrooms and two comfortable bed rooms. The apartment was exactly like in the pictures. It had a lot of details that made us feel super comfortable. The place was super clean and well equipped. This area is safe, calm and known for being a good neighborhood. I don’t have to worry about any security for small kids. There are many good parks around there and we can easily find a supermarket and shops. Thanks to Fernando and Maria, we were able to spend special holidays in Geneva. Definitely I would come back!",False
21307,667862711718680397,2023-06-12,"Nice apartment and really close to the train station/centre which was handy. Nice, clean apartment with lots of space!",False
21370,668649169894868161,2024-03-04,Elizaveta‘s apartment is a beautiful home and the perfect place to spend some days in Geneva. Great location with a nice view - and the bed is SUPER comfortable!,False
21418,671515652991522069,2022-12-13,Great place to stay in Geneva! Not too far from Old town. Lots of food options in the area. The water temperature in the shower is pretty inconsistent and no shower curtain. Overall would recommend,True
21597,862099250546385830,2025-05-31,I had an amazing stay at Hülya’s house. Her son and her were very welcoming. The house was very clean and the bus is at 4 mins by walk ( dont’t forget to pay btw ) If I can comeback it will be without any hesitation !,False
21611,817206839938198488,2023-07-22,"Nice hotel, location was great being a 2 minute walk from the main train station and having public transportation right next to the hotel as well. You also don’t hear any outside noise when sleeping",False
21627,818986184407553353,2025-12-18,"Ben was extremely generous and communicative, and we felt welcomed from the minute we landed in Geneva. The place is centrally located, close to a supermarket and public transportation. Wonderful stay!",False
21711,823842952162649075,2024-12-11,"Thank you for all the helpful restaurants and place recommendations, save me time from googling haha~ The house was very neat and tidy which gives me a homey feeling while staying. Merci beaucoup!",False
21725,867801331874158300,2024-03-22,"Spotlessly clean, massive and comfortable bed, nicely updated, lots of light even though it’s ground floor, everything in the flat is perfectly laid out, thoughtful touches like sparkling water in the fridge and chocolates and tea-excellent place to stay for a business trip, and super responsive hosts.",False
21729,867801331874158300,2024-08-25,Ultra convenient to the lake and restaurants. Super nice host and feeling really welcomed and comfortable in this flat with a lot of attention to details! Small flat but has everything a couple needs for a weekend trip.,False
21740,867801331874158300,2025-01-30,"Igor & Zeynab are great hosts -- and very responsive. Their apartment is very clean with a full kitchen and washer/dryer. It's on the ground floor, without much of a view, but has full length blinds (so that people walking into the building can't see in). They try hard to make sure you have everything you need, and it was definitely appreciated. The bed is also comfortable.",True
21744,823842952162649075,2026-06-04,Great place to stay in Geneva. Close enough to the city if you want to go walk around. Lots of great shops in the area as well. Murat offered great recommendations and was very responsive prior to and during my stay. Highly recommend!,False
21749,825250442685756196,2023-10-01,"Paola is a great manage person making you feel at home, The property is in very good conditions with good neighbors and nice environment. Great location, close to sinagogue… Thanks Paola Alex",False
21792,831619998447529302,2023-03-27,"The room is clean, fully equipped and beautifully decorated with a fantastic window view and a great location that you can reach the lake within walking distance. We also received a warm welcome from the hostess and enjoyed delicious breakfast.",False
21798,867801331874158300,2025-09-08,"Beautifully clean, the apartment was easy to find thanks to the clear instructions and made great use of space. Great location near to the train made it easy to get to.",False
21809,867801331874158300,2026-05-14,The appartment is just like the pictures and has great natural lighting. The bed is very comfortable and the neighbourhood peaceful. It is ideally situated close to train and tram making it very easy to go out and explore the city. We also appreciated having a full kitchen and bathroom. We felt right at home.,False
21861,839612034923892758,2024-05-20,"Excellent stay, the apartment is well located close to restaurants and the lake. Highly recommend.",False
21880,869390611771703549,2023-07-16,The apartment was well located and very clean and stylish. We had a slight issue with the wifi code being incorrect but Marc directed us to where we could find the correct code. Good value for money,True
21924,845669525445019165,2023-05-07,"There was really nice apartment, very clean and comfortable. Everything were there what you need for convenient staying. Location is amassing, right after the door you will see very beautiful view and main promenade. A lot of shops and cafes near. Thank you very much Xavier for such a great apartment.",False
21932,849167306509422954,2023-07-22,"Cecilia's place is terrific. Excellent value, very comfortable, lots of character, and a great location. It's got two balconies, one overlooking the river! And Cecilia is a top-quality host – responsive, gracious, and accommodating. Highest recommendation",False
21984,854405996300100450,2025-12-21,"Philippe is a great host overall, super friendly and responsive. Great value for what was charged. The place was well maintained and never had any issues.",False
22018,873131826877324976,2023-05-23,"Communication was always efficient and quick, the apartment is super located to have a nice walk in both sides of Geneva. Also a plus for me that it was close to the train station.",False
22030,918775544257945792,2025-04-27,A wonderful stay feeling at home! Checkin was very easy and with clear instructions. Anaïs was very clear and friendly. Her place is very clean and enjoyable. It feels like being at a friend's. The place is very next to the lake and nearby restaurants and shops. We spent 3 nights and were 4 adults in the flat and there was enough space for us to be at ease. I definitely recommend. Anaïs is a very friendly host! Thank you.,False
22132,873131826877324976,2024-09-04,The studio was charming and neat. It's spacious with big windows. It has everything you need for a short stay. It is walking distance to all the attractions and to the train station. It is a steal for Geneva to have your own place like that!!!,False
22137,873131826877324976,2024-09-28,"We only stayed for one night, but it was very close to the train station, which was perfect for us. She also was very good about communicating and the apartment was very tidy when we checked in.",False
22142,873131826877324976,2024-10-25,"This flat was in an absolutely ideal location - close to the train station and close to the water spout! Had everything we needed. Also, cute area. There’s an Indian restaurant almost next door that was exactly what we hoped it to be!",False
22170,873131826877324976,2025-04-19,lovely clean apartment close to train station and within a 10 minute walk to the lake,False
22221,873131826877324976,2026-04-25,"All good with Larissa's communication and with the location, I recommended!",False
22233,874611116486372327,2023-11-30,"I think everything was perfect for me - the location, every utility that I needed, price and most importantly forthcoming response from Fabrizio. Definitely worth coming back",False
22261,926084277758072490,2024-03-27,"An absolutely fabulous location, and an apartment to match. I could not be happier finding the apartment to use. Audrey was helpful and accommodating. I loved the little details of the apartment, from the upgraded windows to the hardware.",False
22285,881588091028430990,2023-05-31,"Very tidy and lovely loft studio equipped with everything you need. newly renovated with a nice bed, tidy kitchen, and a clean bathroom. Eric is a great host and there when you need him. stunning view of the lake and open farm land. I had a great stay :)",False
22344,885538254857581821,2025-09-30,"Ramona's place was a great home base for us to explore Geneva. The kitchen and washer/dryer are quite new and good quality, and we had everything we needed for meals and laundry over a three-week period. The windows make the place light and bright. Comfy beds. We didn't use the balcony because of the pigeons.. The location is fun -- quiet, but close to transit, groceries, restaurants and most importantly the lake! Ramona was very responsive.",True
22355,931875061935262126,2025-08-10,"Lovely stay in Geneva! The house was quiet, very well-equipped, and had a beautiful garden that made the stay extra relaxing. Everything was clean and comfortable. The host was friendly, responsive, and made check-in super easy. Highly recommend.",False
22470,890936843961840848,2023-08-25,"Bea was a good host! The room is big, clean, and has great views. The kitchen is big and clean. Bea gave great local recommendations, especially how to stay cool during the heat wave while I was there!",False
22507,892564198824256724,2024-09-14,"Mirabel's apartment is very cozy, she herself is a great, charming woman. The internet is fast, the inside is clean, and the furnishings are quite different but interesting. The kitchen is small but comfortable for cooking. The location is next to the lake, there are many shops around and public transport stops.",False
22520,942632029644360671,2023-08-20,"Mindaugas was the best host any traveler could hope for. Always helpful and easy going. The apartment was wonderful. Big, bright, great amenities and ideally located. I can not recommend this home and it’s host enough. You will not be disappointed. Thank you!",False
22532,943332344308527209,2026-03-08,"The apartament is beautiful and extremely well cared for. You can really notice the attention to detail in every space. It is airy, very clean, and pleasantly warm — which makes a big difference in Switzerland, especially during colder days. The kitchen is lovely and very well equipped, with all the tools you might need to cook comfortably. The hosts had some instructions on a kind of house manual. It was very clear and well organized, explaining how to use everything in the house. Nasira and Rashid were wonderful hosts. They were extremely kind and welcoming from the beginning, always willing to help and quick to answer any questions we had. Overall, we felt very well received and had a truly pleasant stay. We would absolutely recommend staying here.",False
22580,897643083705465153,2023-11-06,"I loved staying at this Airbnb, the location was near the mountains so the view was nice. And the bus stop is right in front so transport was very convenient. Would def stay again!",False
22621,947655980071768674,2025-05-21,"We had a great three night stay at Philippe’s place. As advertised It’s in a lively neighborhood, close to coffee, shops and restaurants, easy walking distance to Geneva Lake and other sites. The studio is quite small, but fine for two people for a short stay. Good alternative to Geneva’s steep hotel prices!",True
22627,947655980071768674,2025-10-10,"Philippe was a wonderful host and helpful. I was in the area for work and it was very easy to get around, very safe, easy to navigate, close to everything and had all the basics that you need for an Airbnb. I highly recommend staying at Philippe’s home, especially if you are in town for work or need an easy, comfortable and accessible location. Thank you Philippe!",False
22645,902080768539566997,2024-08-14,Jonathan and Pauline were very friendly and accommodating to my father and young sister who came to visit Geneva. The apartment was perfect for what we needed,False
22712,968839072364054351,2025-06-08,"Katharina was a very responsive host and gave extremely clear instructions on how to find the keys and access the place. The apartment is great, it has a lot of space, is free of clutter and was very clean. The location is also quite convenient, only a short walk away from a train station and buses. I would definitely recommend staying here :)",False
22735,973076962697385224,2024-06-13,"Yohann is an outstanding host. Clear, thorough, detailed communication, explaining everything from Wi-Fi to access, location to amenities. Every time I communicated with Yohann, I received a quick, thorough, helpful response. The location is outstanding, just one block from the lake. Tons of restaurants and shops around. And the apartment was exactly as the pictures indicated- fully equipped for a few busy days exploring Geneva. I hope to stay here again the next time I am in Geneva.",False
22776,973076962697385224,2025-05-26,"The location of the apartment, the communication with Yohann and the check-in were all great. The apartment is a bit old/used and the towels could be replaced (stains, smelly kitchen cloth) - and sometimes there was a bit a strange smell (from the drain in the bathroom, I guess). All in all it was still a good stay but for the rather high price I'd like to mention these things anyways.",True
22783,973076962697385224,2025-06-29,"We stayed for one night before traveling to the rest of Switzerland. Very close to the lake and several restaurants. Convenient to parking. A bit warm given the time of year, fans helped to move the air enough and the cool air in the morning was nice. Overall would recommend for a stop in Geneva",True
22788,973076962697385224,2025-09-19,"The place is very nice and cozy. located in a very good part or geneva. close to the lake, park and supermarkets. we really enjoyed our stay",False
22807,973076962697385224,2026-04-12,Enjoyed my weekend stay here with a few friends! Small space but great location and the place has everything that we needed.,True
22843,978071176272632438,2024-03-21,The airbnb itself was nice and in a good location. We had some issues at the check in as we got the wrong address.,True
22847,978071176272632438,2024-06-03,"Agree with all of the reviews. Good location (walkable from train station) and seeing sites in Geneva. Apartment is way better than a small hotel room, so while having a living space might be nice - the sheer size of the apartment and large kitchen with 2BR makes this a great value. There is a great restaurant below the apartment (not a club) and while we could hear people on the street, the fans in the room covered that noise. For those visiting later in the summer with windows open - they may have more issues with the noise, but I‘ve found that’s often the case in many European cities. I wouldn’t hesitate to rebook this flat and neither should you.",True
23006,985586923229550159,2025-11-23,"I stayed here for a week attending a WHO meeting. Jack was so helpful and responsive. He ensure that I had all I needed fory stay. I wasn't prepared for winter as I came from a pacific island country. Jack even lend me his a jacket to help me cope with the winter. I highly recommend jacks place as it is affordable, clean and safe.",False
23023,991261754860281809,2024-09-20,"Julien was communicative, and responsive. The apartment is very nice and I liked the location. The bathroom is a little tight, fine for one person, but if you are a couple would need coordination between the two. There is an elevator, but it is small. I used it with no issue, though tight compared to elevators I am used to in the US.",True
23044,914458065410783762,2024-03-20,"Phillipe’s flat is amazing!! Perfect location in the city, walkable to everything, and an absolutely beautiful apartment. Phillipe is a stellar host—great communication & takes care of everything. Thanks for your hospitality & the chocolate!! Can’t wait to stay there again next year!",False
23098,915091367489160354,2023-10-16,"It’s a very good choice if you are only staying for a few days, wouldn’t really recommended it though for longer stays: no access to a washing machine, not equipped with many cookware. The difference to another apartment by Marc we stayed before in all those issues and the noise around make us choose the other one any day…",True
23126,915103641560174454,2026-05-03,"We had a great stay at the Anaïs’ apartment. The apartment was very clean, modern and well maintained. The check-in process was smooth and the host was responsive and very helpful. Perfect location and very comfortable!",False
23174,917985527704321592,2024-01-05,"Bilel is kind, very responsive and gave us clear instruction for check-in and check-out. The location of the Airbnb is perfect to explore Geneve and stay in a quiet residential area.",False
23219,1006675983024300031,2025-06-29,The location was good – close to everything one could need. The stay was fairly good; everything went smoothly and had no major issues.,False
23225,1010601118663565935,2024-05-18,"We had a great stay at Severine's apartment. Beautifully decorated and in a great location, right next to the lake and the park, plus there's a bus stop on the corner.",False
23238,1010903072014239947,2024-06-23,"My stay at Alexia and Greys's place was wonderful! It was clean, cozy, and had everything we needed. The hosts, both Alexia and Grey was friendly, empathic and helpful, and the location was perfect, specially for the people who work at CERN. Highly recommend :)",False
23262,1013038096929586083,2026-03-30,I had a lovely few days at the apartment. Sonia was a wonderful host and made me feel at home. Everything was very clean and comfortable. Thank you!,False
23311,1028749788299075578,2023-12-27,"The apartment is fine and comfortable to stay in. There is a double bed, actually a sofa, which is transformed as a bed (it creaks a little bit), a small table and two chairs, kitchen equipment, microwave, kettle, small stove, no oven, but it is okay using the microwave instead, a small refrigerator with enough space for everything. The apartment is on the first floor, the window can be opened. There are roller blinds for windows outside, they are half closed, and can't be opened. So it is a little bit dark in the apartment, but you can use light. For me it wasn't a problem, because I spent just several hours in the evening at home. The bathroom is clean. The price is really good. The owner is a kind and pleasant person. Generally I liked the apartment and recommend everyone to stay here.",True
23325,1061579880308075422,2024-06-24,"Our stay at Tatiana's was amazing. Communication was easy, and very easy & clear check in instructions. The apartment was beautifully decorated just as the photos show, all the amenities and linen were great quality, very spacious and had so many amazing restaurants within walking distance. Thoroughly enjoyed ourselves and would stay again.",False
23328,1061579880308075422,2024-07-13,Beautiful home and amazing host! It was super clean and we loved the location. Would definitely recommend staying here :),False
23360,1061579880308075422,2025-04-30,"This was my second time staying at Tatiana’s place and it felt like coming home. She is also a very lovely, friendly, and helpful host. Very clean and very spacious. The two full bathrooms were a huge plus! And the City of Carouge itself was very amazing with such easy access to all parts of Geneva. Thank you again, Tatiana!",False
23375,1033839183164910245,2025-06-15,What a joy it was to stay in Vitoria and Rita’s beautiful apartment. Very welcoming yet gave me plenty of privacy. Vitorio was a great help ahead of time with transfer options. Bed was super comfy and transport is literally at the front door. Appreciated being able to do my washing in between hikes and enjoyed sharing breakfast on my last morning. Highly recommend this stay.,False
23385,1061579880308075422,2025-06-06,"Her house was very clean and comfortable. Public transportation was also very convenient, and the space is spacious because we can use the first and second floors alone.",False
23392,1061579880308075422,2025-10-17,"Beautiful home in a peaceful, historic location. I wouldn’t hesitate to book again. Loved getting morning coffee and pastries each morning across the street, but you can easily cook and eat in instead. It’s the perfect set up for 5 people with generous space and very comfortable beds. Thank you for a wonderful stay and quick communication.",False
23487,1042916325189202153,2024-01-28,Great and very convenient location- short walk to the Gare and very central to cafes and restaurants. Nice decor!,False
23569,1070161005734600287,2025-12-19,"The location of the apartment is great. There is also an elevator. A very modern, nicely designed apt. Comfortable main bed. Bunkbed very stable. A few details need improvement: we had no hand soap in the bathrooms; one reading lamp next to the main bed had no bulb; lots of stuff/equipment was stored in corners of main room (vacuum cleaner, fans, ironing board), cluttered - not like in photos (These items are better stored somewhere else. Suggest a wall hook for the ironing board.); host not available for communication on morning of check out. But on the whole a great location in a lovely area, price was normal for Geneva. With just a bit more attention to detail and decluttering the apartment would be worth a top rating.",True
23580,1046859879201342915,2026-05-11,This was a perfect spot for a stopover in Geneva. The flat has lovely big windows and backs onto beautiful green space so although it is centrally located remains so lovely and quiet. Easy access to public transit. The host was charming and easily accessible.,False
23586,1047287643305360768,2024-11-01,"The apartment was very basic and did not meet our standards. Positives: Location - proximity to the Old Town The building has a lift Negatives: Slow responses from host Old and poorly equipped kitchen Dirty and damaged window blinds Uncomfortable beds The bathroom was very poor - shower was unusable Poor quality towels Very loud building works - drilling & banging from the lower floors during the day I have stayed at many Airbnb apartments over the years, this one is by far the worst - AVOID!",True
23589,1047287643305360768,2025-07-13,"Nice location, and walkable to downtown very easily. The bed is not the most comfortable. Definitely keep the windows open in the summer time. Very happy to have had a lift.",True
23610,1070768791465984261,2024-02-10,"It's a beautiful and clean flat and a professional environment. I came for work, so the area was ideal for me; it's residential. I also got along really well with the host, so it felt like we were flatmates for a few days. I would totally stay there again.",False
23635,1073947213896086363,2024-04-22,"Very spacious with beautiful garden! a lot bigger and cleaner than the photos provided. Lots of cutleries and cooking tools with oven, airfryer, microwave and more. Highly recommend to visitors for palexpo!",False
23641,1074482420323212140,2024-02-12,"Aisha is a great host and the apartment is same as the pictures. We been the first couple to stay at the place after its renovation. Area is wonderful and it has a bakery right below and a wine shop. Many restaurants are near by and bars. Migro , Coop and Denner are all in walking distance and Lake as well. Highly recommend this place. Thank you once again as well for the arrangements of the bus tickets :). Will come again when traveling to Geneva.",False
23661,1055118668104081721,2026-01-03,"We rented the apartment for one day. Steеn was very kind and allowed us to stay a few hours longer, which we really appreciated. The apartment was clean and well maintained. A lovely highlight was the coffee and cookies left for us in the apartment — such a thoughtful and pleasant touch. We were also contacted via W by a representative who answered all our questions promptly, and it was especially nice that they communicated in our native language. Highly recommended!",False
23710,1074482420323212140,2025-06-22,"Great flat, well presented in the centre of Geneva close to all the amenities and restaurants. Perfect for a city break. Aisha was very responsive and helpful both before and during our stay. Great little find",False
23730,1086828722259019926,2025-06-15,"I had a fantastic experience staying at this Airbnb. The place was exactly as described – clean, cozy, and very well-equipped. The bed was comfortable, the kitchen had everything I needed, and the Wi-Fi was fast and reliable. The location was perfect: close to public transportation, shops, and great restaurants. It was easy to get around and explore the area. Our host was incredibly friendly and responsive. They provided clear instructions for check-in. I would definitely stay here again and recommend it to anyone visiting the area. Thank you for such a great experience!",False
23750,1086838128277971001,2024-06-27,Gorgeous quiet setting with lovely family. And so very easy to get into Geneva central and the airport.,False
23763,1075128443059205239,2026-01-01,Nice apartment with good links to the airport and a short walk to the lake. Perfect apartment for a short stay. Only issue was the tv not working but lots to do around the city so not really needed.,True
23799,1088987786575874666,2025-05-05,Really nice apartment - bigger than it looks in the photos so good for a group. Also easy to get around by bus and Fadel sorted out transport cards for us. And host was very communicative!,False
23830,1089709933774902784,2024-07-23,"We liked our stay at the Marc’s place. The location is perfect for a short city overview, the apartment is nice and stylish, we had all supplies needed except wi-fi which was accessible only in one point of the apartment, keep this in mind if you will need it during your stay.",True
23875,1091284339918319234,2025-09-27,"We really enjoyed our stay in Geneva. The apartment was authentic and well-located, making it easy to explore the city as a local. It was very easy to communicate and the host was very accommodating for our early check-in request.",False
23942,1098261338991851866,2026-05-06,"Recommend this place for anyone living or staying in Satigny for any amount of time. Nearby the train station, nice spot, and Caroline knows the area.",False
23948,1080386788450937199,2026-02-01,"Very comfortable place. Easy access by public transport, and 15 min from the city center. Easy check-in and check-out.",False
23962,1099250207907748196,2024-02-29,"Nasser was an awesome host, very friendly and willing to share some great recommendations about the area. The place was well kept and clean. I highly recommend booking a stay with him.",False
23974,1099371976298648744,2024-05-07,"The building is under construction. Iana had mentioned there 'maybe some noise due to reconstruction'. We reached relatively late at night, and realised there was scaffolding on the all around the building. In the morning about 8.30, we were woken up by violent hammering right outside. Some noise seemed like an understatement. The listing should have mentioned the scaffolding and pictures should have included that in the morning it could feel there was no privacy with workers right outside the window.",True
24024,1082606639445602897,2024-04-18,"Mustafa is a great, reliable host. Teas, coffee, butter, some fruit provided. We advised him about kitchen utensils needed. Functional kitchen. Small apartment that was fine for 4 nights. Mustafa keeps a large coffee machine, a suitcase, his coats and personal toiletries in this apartment. There are 2 awkward , steep steps up into the bedroom/living area which are not a problem if you are careful at night. Be aware that you have neighbours which is fine if all is going well for them. Fabulous Lebanese restaurant on the street below!",True
24073,1103431574520280654,2025-05-26,Our stay was comfortable and everything was at a reachable distance. The host was extremely helpful to us. We would highly recommend this place for stay in Geneve.,False
24112,1137122157069170661,2025-10-15,"Perfect location close to transportation and restaurants. the place was peace, clean and matched the description. I enjoyed my stay.",False
24139,1139736278851904716,2024-05-15,"It was really a nice stay. They provided water, charger and so on, btw the room smells really good. It’s clean everywhere.",False
24174,1139736278851904716,2024-06-24,Nathalies stay is a great place to spend your time when in geneva. She welcomes you with a lot of warmth and information for you to experience in Geneva. The stay in itself is very organised and clean.,False
24192,1139736278851904716,2024-09-27,The Airbnb was great cute small room with an outdoor terrace. Host and family was friendly and happy to share local recommendations on the door or what to do. Would love to stay there again.,False
24194,1139736278851904716,2024-10-10,"Nathalie was incredibly kind from the very beginning. We traveled with our pet, and she truly made us feel at home. I especially want to highlight her kindness and flexibility. Highly recommended!",False
24198,1139736278851904716,2024-11-14,"The room was exactly as advertised and was very comfortable. The host Nathalie is extremely kind, welcoming and helpful. Nathalie gave us many directions around the city and local recommendations.i would 100% recommend to anyone staying in Geneva.",False
24288,1140554395528342817,2025-02-08,"Great apartment for a short stay, all provided as per the advert and host was very supportive and responsive. Thanks!",False
24303,1126740962197335555,2024-07-13,"Wow! I absolutely loved this Airbnb! It was spacious, it had good views of nature, the sounds of birds, and local Swiss living their lives! I absolutely loved the outdoor sitting area! I was able to watch the thunder and lightening storm safely! It had a lovely lounge area to relax in. The best part was the host! I appreciated the tour of how to use items in his home! He was very kind and helpful to answer all my questions on what trams to take! I highly recommend this Airbnb!",False
24309,1128252082121878319,2024-06-09,Very nice place and great view of the mountains from the balcony. Extremely clean and cosy and the host left chocolates for us upon arrival.,False
24346,1129125660472041310,2024-09-29,We had a great stay! The studio is very cozy in a perfect location and we appreciated a great communication and flexibility from the host :),False
24369,1129125660472041310,2025-04-22,"Easy to find from the station and good public transport around, we only stayed for one night so it was fine for what we needed but maybe a bit small if you were staying longer",True
24442,1141457575273690168,2025-08-01,"Larissa's flat was extremely clean and essential things were provided. The space was enough for two people. The area was quiet, there's a shop right next to the building. The locals we met were remarkably friendly and helpful too. There were tram stops nearby and most places that we visited were near enough to walk or easily accessible by trams. Larissa answered my query pre-booking, she was friendly and helpful. I highly recommend Larissa's flat.",False
24448,1141457575273690168,2025-11-06,"Perfect location for a short stay in central Geneva. Walking distance to station, UN, the lake, and center of town. Very reasonably priced and everything you need if you want an economical self-contained unit. Larissa was extremely helpful and even agreed to receive a package for me that arrived before I did. Thanks for a great stay!",False
24584,1161531347492744286,2025-05-11,"Had a good stay at this beautiful apartment in Paquis! The place was clean, comfortable, and perfectly located—just a short walk from the lake and public transport. The host was welcoming and responsive. Highly recommend for anyone visiting Geneva!",False
24654,1168769769406873982,2025-08-22,"The apartment has a great location, close to anything that you need! It is also easy to find and we got great instructions on how to get there! Tiny note: some things in the house are a bit overused, with signs that they need changing, like the toilet seat and power sockets, things that could be easily handled by the owner.",True
24683,1168769769406873982,2026-04-16,"The place is pretty nice and close to the lake. Room was actually more spacious than it looks on the photos. We had a great stay. The host was nice and responsive to us too! The downside is that we came when the building was under construction so the entrance was a little bit hidden away, and the elevator to the room was not in good condition. The room's bathroom does not drain very well so we had water flooding the floor after showering.",True
24693,1170208078799496996,2024-09-16,"I highly recommend this Airbnb! The location is perfect, close to local attractions yet quiet enough for a relaxing stay. The space is clean, cozy, and thoughtfully decorated, making it feel like a home away from home. The host is incredibly friendly and responsive, ensuring everything went smoothly. Great value for the price—definitely would stay here again!",False
24754,1204447686590349946,2026-03-31,We had a great stay :) The apartment is in a great location (central and very easy to get to everywhere in Geneva). Everything looks exactly like the pictures provided and it is nice to have the high ceiling and to be on the top floor (plus very easy access with the modern elevator)!,False
24775,1206978191755259188,2025-09-28,"We ate a delicious lunch and buffet breakfast that were very well repaired. I was impressed with the mattress, sheets and pillows!! The steam room was a very welcome addition. The hotel is near to the train station and has a grocery store just across the street.",False
24900,1216768040125139691,2025-02-08,"Lovely flat in a beautiful location, clean, bright, and with a lovely Sicilian restaurant in the same little street. Close to the lake. Perfect communication. Recommended.",False
24905,1214636491933290237,2025-12-24,Such a lovely clean apartment that was homey and felt very safe. The area is peaceful and residential and a perfect base for a solo female traveller. I would definitely recommend to stay here :),False
24926,1279590586167128776,2025-03-27,"Perfect ! Gaïa answers fast and is very kind, the localisation of the appartment is perfect for transport.",False
25108,1294385594305244204,2025-12-14,"We had a fantastic stay at this apartment! It was clean, cozy, and perfectly located near all the attractions, 2 minute walk to Geneva Cornavin Train Station, Large Department Store 'Manor' accross the road from the apartment. The host was friendly and responsive, making our stay even more enjoyable. Highly recommend for a short getaway! Thanks Ajay..",False
25122,1294385594305244204,2026-02-09,This is a wonderful apartment with nice views of the bustling city street and a short walk to the lake. Unbeatable access to multiple trams/buses just out the front door and a short walk to the train station. Ajay was very responsive and the place is spacious. Great apartment!,False
25177,1301239975480249436,2025-03-09,"This is for Smokers only. Non-smokers beware… I believe a chain smoker was there prior to us. Could not air out by opening windows. Even after sleeping a night, could still smell strongly the smoke in the morning. Bathroom very old, stained black. Old visible plumbing. Contact was good. Easy to enter and leave. Good cost effective central location if you like smoking indoors;)",True
25201,1302996913204080819,2025-06-22,"The location was an easy, 15 minute walk downhill to the beautiful waterfront, and a lovely public garden. From there you have access to the boardwalk area along lake Geneva. The home was well stocked with amenities and exactly as advertised.",False
25304,1236126224369470180,2025-10-10,"Located right in the city center, convenient for reaching the train station, bus stops, and the airport. Situated on the 4th floor with an elevator, the room is tidy and clean.",False
25328,1236126224369470180,2026-04-09,Super comfortable and spacious room! Has a little balcony to enjoy in good weather. The kitchen and bathrooms were clean and well maintained. Well insulated from the street noise. Will definitely be back!,False
25365,1236195033683418870,2025-04-10,"The location is super convenient and really close to the airport, which made everything so easy! I highly recommend it for a short stay – they have all the equipment you need. Plus, the host was really friendly and gave clear directions. Definitely a great choice!",False
25416,1236261313446994368,2025-09-23,"Everything was lovely. Umbelina welcomed us personally. So loved that, not something you get to see at all airbnbs. Also quite accommodating. Great views and space. Quite private. Although bit of a walk from the bus station especially if you have lot of luggage.",True
25425,1236261313446994368,2026-06-02,"We were warmly welcomed by Umbelina, who was exceptionally kind, friendly, and always willing to assist with our questions. We particularly appreciated her generous offer of complimentary laundry service, which made our stay even more convenient. The accommodation was clean, comfortable, and equipped with all the necessary amenities. We truly enjoyed our stay and felt very much at home throughout our visit. Highly recommended for anyone looking for a welcoming and comfortable place to stay.",False
25562,1250043483018336262,2024-11-01,Very city but very cute and cozy! The shower is particularly nice 👌,False
25627,1333978638057051294,2026-01-04,"Everything is perfect, the house is cozy , the location is nice 5 mins walk from the train station and the kitchen have everything you need but please take note for all the elderly or family with kids you will need to climb the stairs it is at level 5",True
25667,1257883314648841076,2025-06-11,"we stayed a few days at Cliff's and it suited us so well, the place is very centrally located and in the backstreets around it there are lots of local gems. the room is large and airy and the kitchen well equipped. Having to share a bathroom with the other room did not interfere with our stay at all. very close by is also a great bike shop in case you want to rent cycles for your stay which I highly recommend!",False
25690,1257883314648841076,2026-01-25,"Cliff is very friendly and willing to response us. The room, kitchen and toilet are extremely clean, just like the photos he shown. Highly recommended:)",False
25729,1261609882215237244,2024-10-17,Great place to stay at. Close to Cornavin and the lake. Good food nearby. Ahmad was a great host.,False
25867,1345899185289267092,2025-06-26,"Beautiful apartment with amazing view from balcony, easy to get inside with good access to shops and close to station. The apartment is really nice, clean and has kitchen access as well as a living area. The host was amazing and very friendly. Couldn’t have had a better place to stay!",False
26056,1362989354648621789,2025-11-08,I’ve spent 4 weeks in this room. Perfectly comfortable and nothing to complain. - Quick and kind response for my inquiries - Spacious and nicely cleaned rooms with the kitchen everything equipped - Walking distance to UN organizations and Gare Cornavin - Beautiful neighborhood with a lot of green with 2 supermarkets conveniently located - Very quiet at night I thank so much to the owners and definitely come back if I have next trip,False
26059,1363739480721668563,2025-07-02,"I liked the flat: clean, comfortable layout, and all the necessary equipment is available. The location is excellent - close to a grocery store. The owners are friendly and quickly answer questions. Repair fresh, furniture in good condition. In general - I recommend!",False
26077,1367516672564945358,2025-05-18,Extraordinary studio apartment in the heart of the city. Isabel was a fabulous host and my stay exceeded all expectations.,False
26090,1368811234270896056,2026-06-06,"The apartment is very close to the railway station and the bus station. The area is clean and nice. The room was very clean and relatively comfortable. There was a small kitchen corner with a kettle, plates, and glasses. It would be great to add spoons and a knife. The address given on Airbnb was incorrect. It indicated a block of flats opposite the studio itself. The owner could not arrange a Geneva travel card, so I had to pay for all public transport in the canton of Geneva. It is likely that the guest will fix the problem in the future. The wifi was O.K., the bathroom was very clean and comfortable. To sum up, the studio is worth the money.",True
26110,1407150469108539220,2025-08-03,"Good value in Geneva, close to public transportation and easy access to the airport. Check in requires you to go to a separate address first to get the keys, but this isn't required upon check out. Host was minimally communicative, and an address confusion was met with a curt ""please read instructions."" Great stay if you know the area, maybe not so much for visitors!",True
26146,1409578545639880571,2026-06-03,"It was our first time in Switzerland and Kim and Jm were beyond welcoming and accommodating hosts. The apartment is tucked away in a quiet corner of Geneva and was beautiful, peaceful, and clean. It included a private outdoor space and a convenient parking spot. We explored Geneva and also took a short trip to Annecy, and really enjoyed the location. To say Kim and Jm were good hosts is an understatement - when we accidentally left a few items behind, they were kind enough to express mail them at our next location so we could get them before leaving the country. We would highly recommend a stay here!!",False
26197,1379964891369938163,2026-03-07,Armando’s place was exactly what I needed for my short stay in the city. While I didn’t meet him in person he was very helpful and easy to communicate with. Definitely would stay again and recommend to other travelers!,False
26201,1381896019315178398,2025-05-13,"Excellent location, very clean and a good value for the area.",False
26215,1383396727324912241,2025-04-15,"I rented the apartment at the last minute, and Baptiste not only welcomed me very kindly but also allowed me to check in early, for which I’m truly grateful. The apartment is very cozy, everything is newly purchased and clean, and I felt very comfortable staying there. Highly recommended!",False
26269,1422349019471510269,2026-06-13,"Nice place to stay, Isabelles mother who is on property is very lovely and it's great for a short stay. I was mostly in geneva to work at the WHO archives, but I found that the location is great if you want to get into town or even wander down yourself as well. I was sort of surprised to learn I could only use the kitchen to make snacks and reheat things. I was hoping to be able to make meals as geneva is expensive. But aside from that the airbnb was perfect and I'd love to stay in the future",True
26277,1425162193906863800,2026-05-19,Ana Paula is a great host and her room is the perfect place to stay if you are in Geneva!,False
26287,1428224567306429585,2025-10-03,The room is spacious and well-located. The landlord is very enthusiastic and patiently responds to all our inquiries. Nice experience.,False
26326,1459257275086985638,2026-05-26,"Good persons , polite and very communicative. The house is very comfortable and the environment is very wonderful.",False
26371,1434873770804413949,2025-07-02,"Thank you for hosting us Lou, it was a lovely and inspiring stay. Your hospitality and kindness will be remembered for long. We were very lucky to find your apartment, full of art and peace. A great selection of little details and wisdom that helps to appreciate life. The balcony is great at night. Very convenient location. Comfortable bed! Would love to stay there again one day, generous price.",False
26372,1434873770804413949,2025-09-28,"Nice location, very clean. Good to know: Be aware that there is no wifi, so if you travel from abroad plan accordingly. The towels provided are very small and scarce. Just a few hand towels, no body-sized towel was provided. The bed mattresses lie directly on the floor.",True
26408,1437134126984355170,2025-09-19,"Nice, comfortable flat in a quiet and central neighborhood. We appreciated that we could use the parking. And the very responsive and kind host. Would love to come back!",False
26417,1438259909241531059,2025-12-12,"The house was extremely clean and spotless. The apartment is quite large, with a wonderful balcony, well decorated, and cozy. I rented it for a few weeks and had an amazing experience. Thank you!!",False
26463,1444254470944904754,2025-08-17,"Marie-Caroline was a fantastic host, friendly, flexible and proactive. She was very responsive and ensured that everything was smooth every step of the way. The place was beautiful and right in the middle of old Carouge, close to public transport, stores and restaurants and, had a parking. The place remained cool and comfortable during the heatwave. We would definitely come back and highly recommend !",False
26482,1444350373344461589,2026-05-04,"This home is absolutely perfect for us, so clean, comfortable, quiet and we felt welcomed and right at home. The balcony was a lovely place to unwind after our busy days. Kavitha was so very kind and helpful with great tips on local amenities and activities. The neighbourhood was so clean and safe, with 2 grocery stores nearby. We took the bus a lot to get around Geneva and the bus stops were very close and convenient too. A very perfect place to stay in, thank you Kavitha, so very much!",False
26490,1445151115775087366,2025-07-11,Small studio very well located .and cozy . It has everything you need and the host is very kind . I recommend,False
26502,1445593427090057683,2026-06-15,Host was helpful in providing a solution to parking . The apartment is comfortable and clean. Highly recommend.,False
26606,1492633608608079375,2026-01-04,"Recent stay in Geneva was absolutely wonderful — a perfect location right in the heart of the city, just near to the train station, surrounded by shops and restaurants, with a beautiful balcony view to top it all off.",False
26621,1494111271938275303,2026-06-15,"We stayed here for 3 nights after our previous Airbnb was unexpectedly canceled, and the host was very accommodating on short notice. Communication was easy through the Airbnb app, which helped since we don’t speak French or Spanish fluently. The king-size bed was very comfortable, and the private deck was a nice bonus. The shared bathroom and kitchen had everything we needed. Great location—just a 10 minute walk to the train station, with tram and metro access right outside. Plenty of cafés, bakeries, and grocery stores nearby. The area felt safe, and the host was quiet and respectful of our privacy. We’d happily recommend it to others. Thank you, Dave & Christine",False
26650,1495388479030877515,2026-03-24,Leylas place is the perfect location in Geneva close to everything and beautifully made up.,False
26651,1495388479030877515,2026-04-10,Leyla's place was modern and had excellent amenities. The location is also great!,False
26720,1498344494782366246,2026-03-22,The room and toilet were very clean. The appartment is not far away from the city center. The host was ver nice and communicative.,False
26749,1498555281169293387,2025-10-09,This accommodation was exactly as described and I loved the modernized keyless entry access. The entire space was very clean and the front desk was very helpful whenever I needed assistance. The host answered any questions that I had in a timely manner and I was very appreciative of that. I spent a month there and I have no regrets. It was worth every penny and it would definitely be my first option if I am to visit Geneva again,False
26753,1498556926941956160,2025-09-20,"The place was good, clean and I would love to stay in the next time",False
26774,1518126515472273382,2025-11-16,"The apartment could definitely be cleaner, especially the carpet in the room and the bathroom glass. Also, it’s much smaller than what the pictures are showing.",True
26786,1526048068972310352,2025-11-08,"This was a great apartment to stay in. The location is excellent, It’s also close to the downtown and includes private parking",False
26812,1529578577381155733,2026-01-01,"Marc’s place was absolutely beautiful and it had everything that you might need (we were there only for several days, but it seemed to be fully equipped for a longer stay, too). The space was quite bright and luxurious. The location was convenient, though it must be noted that we were lucky that the renovations on the opposite side of the street were paused for New Year. It was a bit cold for our preference, but it wasn’t too bad. The view of the lake from the balcony was enough to compensate for any inconveniences.",True
26875,1535502270020860154,2026-03-27,"The apartment photo is very accurate. Basic facilities, very clean and a comfortable bed. Very conveniently situated close to the lake on a quiet street. Nearby cafes and supermarket, and the Paulo Italian restaurant opposite is very good. The old time is a 5 minute walk away. Excellent transport system in Geneva. Although the City Pass does not come free if you are in an Air B and B, generally transport is inexpensive.",False
26913,1582040761094156342,2026-04-28,"The host was incredibly accommodating and responsive, making adjustments to suit my needs which I really appreciated. The house itself was impeccable—clean, well-maintained, and exactly as described. All instructions are given with a video too so you will not be lost on how to enter the place. Highly recommended. Thank you Sueli!",False
26923,1538410271581461634,2026-03-28,"Lovely host and place, easy to commute to the airport! Would highly recommend if you need a room near Genava airport",False
26927,1538484310166161149,2026-03-08,"Excellent and comfortable stay. The apartment is conveniently located close to the main station and easily accessible from the airport. The neighborhood is pleasant and well connected to both the lake and the city center. The apartment itself is very beautiful, with a lovely balcony view. It was clean, well equipped, and had everything needed for a relaxing stay. Highly recommended.",False
27032,1613651470614279893,2026-04-20,"I am very happy with my stay at Melanie’s house. Perfect location nearby the lake, COOP Supermarket downstair, restaurants nearby. Room is tidy with toilet and shower next. They are polite and friendly ;))",False
27066,1659959218810258003,2026-04-20,"The place is very superb and rightly priced free from the city noise and also very ease to navigate the way from the City centre ,the place feels home away from home ,my next visit in Geneva this will be the first to consider for my accomodation.",False
27067,1659959218810258003,2026-06-14,"Jeff was a great host to us for the night. He was flexible with us and was very friendly. He has a wonderful house, and the room was very nice to stay in. Everything was very clean and smelled amazing. If I am in Geneva again I will be staying here again.",False
27134,1681218727046948565,2026-06-24,"This is such a great apartment to spend up to a week in. Cristina is a friendly and helpful host who provided great instructions but also really useful recommendations. The apartment is clean, tidy, clutter free and very well equipped including with a fan for the hot days we had. Really enjoyed it, thank you!",False
27136,1681848408776943494,2026-05-30,"Such a great place to stay! Wonderful location, beautiful building surrounded by stunning scenery. It was easy to walk to all the tourist attractions and still find some cute local shops and restaurants. Studio was clean and host was responsive. Wifi didn’t work for us but it didn’t matter because we were out travelling most of the time there. 10/10",True
