review_id,listing_id,date,comments,sentiment
1121707605741443865,1003686839375670840,2024-03-27,"Excellent location, nice apartment with terrace, the hosts were very receptive, quiet street with a tram station very close",1
1692067884150749343,1199003952845906437,2026-05-23,"Super responsive day of check in, made sure we felt comfortable. Cheyenne and Sherley were amazing hosts!",1
1698403854894264547,1572409658088822449,2026-06-01,Very strong smell of cigarette smoke permeated the apartment.,0
1668663275211532407,1131599809322844889,2026-04-21,"Disappointing, stressful & UNSAFE experience - not what you expect from a Superhost. I chose this place because it was listed as a Superhost, which builds a certain level of trust - unfortunately, that trust was misplaced. The layout shown did not match the actual property. I raised this immediately after check-in, but the host did not take it seriously, forcing me to escalate to Airbnb. After I reported it, the host asked me to vacate the next day. Even after Airbnb intervened, they refused to cooperate. I requested one extra day to arrange another stay, but that was also not accommodated. This completely disrupted my plans and caused unnecessary stress while traveling with my wife. Though I received one night free, it hardly compensates for the inconvenience. Communication was so insensitive that I had to insist all interactions happen via Airbnb support. Airbnb and even the host later acknowledged the issue (with messages to prove it). Would not recommend. Ever.",0
1482510336657103400,1434619051514426570,2025-08-07,The price for 1 night was to high and the rest is good we left early morning at 5:40 to train station we had the train early morning. But the people in nearby restaurants and bar has too much noise all night long we could not sleep.,0
1674584726629875193,1222255212780818977,2026-04-29,"Dimi is a very communicative and accommodating host who made us feel  welcome immediately. The apartment is located in an area next to all the busy places, so it‘s more laid-back, but still everything is in direct proximity. Besides that, the flat has some nice furniture, kitchen equipment and everything else you‘d need for a short- or long-term stay.",1
23105194,946104,2014-11-23,"I have so far booked eleven times through Airbnb and this was my worse experience and totally devoid of basic professionalism and personal touch that airbnb experiences normally provides. I booked this property and indicated one guest as my friend from Germany had not confirmed if he would join me. When my friend confirmed, I informed my host and asked if it has any cost implication. Instead of answering me straight, he was impolite in saying why did book for one guest and getting another guest. I explained to him and said that I was ready to pay extra if it needed. That is why I had asked him about the cost implication. He wrote and put on record that if I pay him 50 CHF more he would make my experience fabulous and he, finally, did it by not even meeting me for more than one minute during my stay for two nights after he came back one not from his duty late night.  His house is close to markets and you can find everything that you need but it is not so centrally located. You need to travel for two stations from the central station to reach his house. The room is indeed big and so is the bed. But it ends there. The kitchen is badly equipped and there is no one to tell you where are things kept and heat you can use and what not. No one to guide you how to go from there to city and other places to visit. I will neither stay ever again nor will I recommend anyone. I am sorry to say this and I also know that the host will turn defensive after reading this review as many other hosts do. Bent I need pt be honest with my experience and let people know that this is not a great place to stay.",0
922978178407183941,17506390,2023-06-27,"Stephanie’s place was awesome! The apartment was very spacious, clean, and check-in was a breeze!  It was plenty big for 3 adults. It has a washer and dryer which we definitely used during our stay. There is a switch on the right hand side against the wall which must be flipped in order to turn it on.   The apartment had an iron, ironing board, hair dryer, some toiletries. You can also cook a meal in the apartment if you wish. Although no air conditioning, we left the windows open and the apartment has 2 oscillating pedestal fans. It is in a very busy area with restaurants, stores, a church (you can definitely hear the church bells but they didn’t bother us) bars, etc.  It was noisy when we were there on a Saturday night but it wasn’t too bad and not as noisy on Sunday and Monday night. We were so tired by the end of the day that it didn’t bother us at all.  Zurich HB which is the train station is only a 10 minute walk from the apartment. It was a wonderful stay!",1
1514468811363895968,1498696258862982865,2025-09-20,"Rather large apartment at the edge of Zurich. It had everything onr might need for longer stay.  Host was very friendly and responsive. Only minus could be finding a parking space, since it's streetparking in blue zones. But if you are travelling by bus, then there is no issue. Bus stop is 1 minute walk away.",1
1435429981036283502,1419497181236649943,2025-06-03,His place worth a lot more than the price he’s asking for,1
1692015984271918405,1552191745479955220,2026-05-23,"The apartment is very well connected, with the Altstetten station at less than 5 mins walk and the bus stop even closer. Perfect for people that need to commute to the ETH Hönggerberg (direct connection in less than 20 minutes). The area is very well served with several grocery shops and restaurants, and you can easily reach to the Zurich main station in 10 minutes by train.  The apartment is bright, cozy, and all the amenities are accurately described in the listing. Lastly, Joao is a very nice host: funny and polite. Also very helpful every time I needed any indication or suggestion.  I had a great time staying with him in his apartment. I strongly recommend his place, especially for ETH visiting student or researcher.  Enrico",1
1241951167726818443,1203042518304587916,2024-09-09,this apartments decor was to our  liking. clean and minimal and relaxing. the house had everything that was needed. hosts were communicative and prompt. would stay again!,1
1582655747131940973,1191334144424804819,2025-12-23,"I have stayed at Mergim’s before and will again — it is a beautiful apartment, in a great location, well supplied. Mergim is a gracious and responsive host.",1
1698493642489468310,1161320552083116594,2026-06-01,"Ensuite bathroom had very low water pressure in shower and shower is very dangerous to get in and out of.  Bathroom in the hallway has no sink and same dangerous shower.  Both bathrooms need to be updated.  Lighting in the area of the mailboxes is non existent, therefore making it quite dangerous in the dark",0
1386954835469967755,1257069623653588577,2025-03-28,Had such an incredible time and anabel was such an accommodating and lovely host!,1
941849955154728086,851895118288393619,2023-07-23,"Tania's place initially seemed promising, but my stay turned out highly disappointing due to two major issues. The host dishonestly misrepresented the apartment's distance from the city center, causing inconvenience and questioning their integrity. Moreover, the shocking lack of cleanliness, with grimy floors, dust, cobwebs, and spiders, made me uncomfortable and raised maintenance concerns. Despite attempting to contact the host, they remained unresponsive, displaying unprofessional behavior. Overall, my experience was unsatisfactory, and I advise others to consider alternative accommodations. The host never took responsibility for any of these problems despite my messages with proof of it, so I had to solve it with the Airbnb team because she was violating the policies.",0
1523132811420496915,1175334274635725255,2025-10-02,The apartment is exactly as pictured and described. It is conveniently located with a variety of shops and restaurants nearby. It is close to public transport and the neighbourhood feels safe. The bed is very comfortable and the apartment is warm and cosy.,1
449779587115280130,50496017,2021-09-12,"Oliver was not there during our stay. His partner was the host for our weekend and she was very unprofessional. Our room wasn't ready when we got there and when we came back from dinner 2 hours later it still wasn't ready. We had to help her set up the bed and she wanted to talk to us for hours while we were clearly exhausted from our trip in and just wanted to rest.  No wifi signal upstairs where our room was, no trashcan or mirror in our bedroom (only in the hall bathroom that was shared with other guests). My husband and I got 1 towel each for our 3 night stay. The bathroom had no basic toiletries that usually come in an Airbnb (i.e. body wash, lotion, toothpaste, a hand towel, etc).  When I booked it for 2 people the price went up by over 65 USD. I think the value of what we got was low at the 1 person booking price, at 2 people it was quite outrageous. I know Switzerland is expensive but the service and space amenities we were received were no better than a private room at a hostel. Maybe it would have been better if Oliver himself was there, but overall really disappointed in the value of this trip's stay.",0
1420926970279704645,1177511448831408787,2025-05-14,"Great location all around - it was definitely surrounded by a lot of things to do. However, the place was dated and the older structure had some questionable stains and mildew smell. The bathroom has no shelf space for anything. The bath tub needs maintenance. The water didn’t drain well at all so it gathered around the curtain, which smelled like pee and is yellow at the bottom. I was so grossed out it was a relief to double book elsewhere for a night.  The listing needs to be changed to be upfront about laundry. There is nothing convenient around. The closest serviced laundry requires an appt which is days out and is closed early. The closest self service laundry is a 10 min tram ride away, requires cash where there’s no atm nearby, and takes about 2 hrs to complete. The task itself took our whole evening away. Don’t bother booking if you need laundry done during your trip.  Overall, great location for sure. But these major points made this place undesirable.",0
1048483409572520168,45432996,2023-12-17,Unfortunately we did not have a nice stay at Ema house. Not a great fit for us personally and would not recommend this apartment as a family traveling with 2 year old. Check in process is not flexible and limited to a set time with a 30 minute check in process. A few things were missing from the apartment including baby bed which was confirmed a couple days prior. Had to wait for them to bring it and set it up. Couch is very uncomfortable to sit on and relax after a long day out and about. TV did not have any streaming options and only local channels. A comfortable couch and streaming tv are important to us as a traveling family with little one. Apartment in general was clean but have to say did not offer an inviting and comfy place to stay. For that reason we actually checked out a night early.,0
1527667824621853830,1483350049298230798,2025-10-08,Do not book any airbnbs managed by Swiss Stay. I have been using Airbnb for over a decade and have never had an issue like this with a host. I booked a same day reservation and 5 hours later still did not have check-in instructions despite my reaching out multiple times. They wanted me to communicate with them outside of the Airbnb platform and I kept getting automated text responses and never could get ahold of an actual person. They claimed to have emailed me a check-in form that I would need to fill out prior to getting the access information. I never received the email and they did not reply to my follow up messages. By this point it was late at night so I ended up cancelling the reservation and Airbnb company kindly refunded me the money.,0
1478975416416045813,1424546046232962141,2025-08-02,"The images in the application do not reflect reality, in addition to the noise from the street and the air conditioner not working",0
902073888596953124,47168882,2023-05-29,Just fabulous for a visit to Zurich. It is so central but the balcony makes it feel in the countryside. Cannot recommend highly enough,1
1663070498649706488,1483347562035652357,2026-04-13,"The place itself is fine, but the check-in process was extremely frustrating and poorly organised. For example, there are two apartments with the same number (201) located only about 8 metres apart. I ended up standing for 10 minutes in front of the wrong apartment 201, which could easily be avoided with different numbers. Additionally, the lockbox is awkwardly placed inside the mailbox, making it very difficult to read the numbers. You need to stick your head into the mailbox.  The access instructions are sent via email, but the formatting is so poor that you have to zoom in just to read them properly. The whole checkin seems like they hate any clients.",0
1649980360266673025,1617352493390467787,2026-03-26,"Very convenient stay for a stop over in Zurich, close to train station and also walkable to the city centre",1
1415204342194225076,1253504463902581769,2025-05-06,"There were a lot of roadblocks in our stay for this Airbnb.  My friend and I only stayed for a night for our flight the next day. So we just needed some amenities and make sure our laundry gets done. - The washer was not in the unit. Unfortunately this listing did not specifically say that it was not in unit which was the reason why we booked it in the first place. It was in this basement area which felt kind of suspicious.  - Bodywash and shampoo were on its last legs when we were there. Bodywash wasn't specified on the bottle so I assume it is the nondescript liquid in the small pink bottle. - There was a musty smell in the room. - The communication has fast responses but was extremely slow and kind of frustrating when there was a problem to be solved (ie. body wash and check in).  - Check in instructions could be clearer. They missed announcing a step after the picking up the key, to go back to the front door to open it",0
1715936428194400063,1422998230778521073,2026-06-25,"The BnB was in a good location outside of the main city of Zurich but with good connections by tram or train to the city centre. The BnB was equipped with a full kitchen with cutlery, glasses and cups and a local spar (shop) was conveniently at the bottom of the appartments. The BnB also had two good sized balconys. A good catch for a stay in Zurich with friends and the host was great to recommend local places and answered questions fast!",1
1689797207798386021,1473773919956770229,2026-05-20,"Really nice and cosy apartment, located in a quiet green area. When I arrived at night it was a bit annoying dealing with the key coder in the dark, but I managed. Also, there seemed  to be some electricity problems in the staircase and in some sockets in the flat, which were not working. There was no kettle in the flat, and when I wrote about it to Marco he answered (after few hours) that it was broken and “sorry for the inconvenience”. Never the less, I stated there with my daughter and we’ve enjoyed it very much, so for a short stay - highly recommended.",1
650046990,33147445,2020-08-12,Tania’s apartment was fantastic. Incredibly well located in the heart of Seefeld and very spacious. I would highly recommend!,1
750562430636098127,654839171732045096,2022-11-01,"There's a lot I could say, but to keep it short, I don't know if I could ever find a better host. The room is huge, nicely-decorated, and impeccably clean. Everything was smooth sailing, thanks easygoing communication and amenities.",1
1439804737692113458,1400783844446761057,2025-06-09,There was a terrible damp smell in the house. There was mold on many parts of the walls. My allergic son had difficulty breathing at night.,0
1536936641106948193,1390536735965591301,2025-10-21,"This apartment was great, highly recommended!  Check in was simple and the apartment was well equipped with cooking items and a smart TV. Great location - walkable to downtown in 5-10 minutes with restaurants options much closer as well. I would definitely stay here again!!",1
1652133344053637265,1617268830595638199,2026-03-29,Great place to stay for a big group. Highly recommend.,1
1186130357570398960,46615115,2024-06-24,Just go for it if you are looking for something in a budget.,1
911462073287627474,569385070028558835,2023-06-11,"Apartment is really good very close to the public transport, we loved it",1
1515165233887008597,1456338942309278444,2025-09-21,"Apartment is on 3rd floor, so if you have a lot of luggages it might be a problem. Theres a storage in the basement, and everyone in the building has access to it. Hot water was not available I think after 11pm, although we waited a an hour but there was still no hot water.",0
1644225720240313584,1335550943280795832,2026-03-18,"Such a great host,such a nice apartment to experience the city. Definitely recommended.",1
910756507877139356,25436446,2023-06-10,"The apartment is beautiful, conveniently located, neat & clean and the kitchen is well equipped. The bus station is right outside and the frequency of buses is very good. The host is helpful and ensures that the guests have a comfortable stay. She answered all my questions patiently and guided me well for the trip.  I would really recommend this place.",1
142481679,16940188,2017-04-08,"Meisam's place is nice and not noisy. I've been there with my father, he slept in the bed but I couln't sleep on the bedsofà because it was without the sheet and pillow lining. He was not available to come and solve the problem and so I had two terrible nights. PLEASE READ CAREFULLY the description, if you sleep on the bedsofà you've to bring your own sheet and pillow lining from home.. A part from this very bad thing the rest was fine.",0
1453604776760426580,42087812,2025-06-28,"Pros: Location. The apartment was clean and is very close to the Zurich Lake and park, which are strong highlights. The neighborhood is safe and there are many great restaurants. Cons: The host did not provide portable fans as promised. Twice. With temperature forecast to be 32C (90F), we requested portable fans before arrival because we knew the apartment did not have AC. The host assured us that the apartment would be equipped with fans. However there were no fans when we arrived. I informed the host who promised fans for the next day. Yet again, no fans. Needless to say, the nights in this apartment were sleepless and miserable even with the balcony doors/windows wide open.  The other negative is the street noise from 10pm-2am. This may not have been an issue with the balcony windows/doors closed, but we had to leave them open due  to the heat.  I wanted to leave a better review but the experience was so disappointing because of the heat and the host’s lack of follow-up.",0
1404248495092382677,14477404,2025-04-21,"Lea’s place was exactly where I wanted to be for an event at Volkshaus (4 minutes away). There is a tram stop out the front of the building… but I walked everywhere. Downtown is a 20 minute stroll.  It’s in a quiet residential neighborhood, with a Migros grocery store 5 minutes away, restaurants and coffee shops are close by.",1
81662751,13163060,2016-06-24,Being my first trip to Zurich I couldn't have stumbled into a cooler situation.  The location is 10/10 centrally located but tucked back in the this killer little alley with water to one side and then the downtown district on the other side.  Perfect little retreat to call home for a few days.  Walking distance to the train station and just about everything else.  Thank you Sofia for the mellow stay.,1
438203169565889959,50967315,2021-08-27,cozy apartment in a quiet area. zurich downtown is about 30 mina walk. the apartment have everything to Cook,1
1512239573844047902,29142984,2025-09-17,"DON’T stay. No linens in the 2nd bedroom, got a rude text out of the blue  from the host demanding NO Partying bcs he’d call the police immediately while we were quietly eating take out watching tv. Apparently poor judgment &rented to people who partied.He wanted copies of our ID’s so he could call the police at anytime to kick us out.We’re in our 50’s and wanted peace and quiet.The place is a dump, location sux & well aware the host has 3 kids bcs the extra bedding w no linens were for a baby crib and some yellow stained comforters and pillows. Had to use a baby changing station towel to cover a pillow🤢Took over an hour to get sheets for the 2nd bedroom. Best of all there’s a huge building is being built right outside. So if you want to be woken up w cranes, construction workers yelling at 6:50 am while the windows are open bcs no a/c then this is your place.Miserable experience. He’ll probably write about us.We left it in pristine condition.Don’t want anyone else to deal w this",0
1507216550992407312,898803294461571982,2025-09-10,The host has provide spacious yet cozy apartment.  The only down side is the shape of the bathroom which is a long narrow bathroom which cause some inconvenience of usage!,1
612879128678832534,27400610,2022-04-25,"Great  centrally located apartment with 20 min walk to old town or a 7 min tram ride. Has everything that you need for a quick stay. The only thing are the train tracks are right  across the street so you can hear it between 5am and midnight. However, if you walk enough during the day there shouldn’t be a problem as you’ll be asleep. Also, there is no tv, which is good but could be a problem for some.",1
279021362,946104,2018-06-19,Very clean room and nice host both Wolfgang couple. And big space room. Especially the bath room very clean too. Like the breakfast with host and chat everything. Highly recommend,1
1664436074582964155,1499879232818015428,2026-04-15,"I like the place, because it is 7 minutes walk from the Nature (the nearest forest on the hill), and 5 minutes walk from the final stop of tram 7 which delivers you to the Zurich center in 15-20 minutes.  Besides, you can reach Zurich lake in 15 minutes by walk. The small food store (Migros) is in 1 min walk.",1
1697781602006509081,1427655999530367229,2026-05-31,"Frank’s accommodation had excellent reviews and attractive photos, which led us to book it for our family trip. Unfortunately, the reality was very different. The property is located on a hill, requiring guests to carry luggage up several flights of stairs to reach a large building complex resembling student dorms. The apartment itself was spacious but felt very basic and poorly maintained. The living area contained a dirty sofa and armchair, the kitchen had an unpleasant smell, and there was visible mold around the windows. The bedding was particularly disappointing, with rough towel-like covers instead of proper bed linen and no mattress protectors. We contacted the host and requested suitable bedding, but rather than addressing our concerns, we were repeatedly told that this was standard practice. Communication eventually stopped altogether. Feeling uncomfortable and unable to stay overnight in such conditions, we left the property, returned the key and booked a hotel instead.",0
1484686503220233900,1257998738158564444,2025-08-10,"The location and flat itself were okay, but the host asked us to come early to pick up the key, saying he would be leaving at 2 pm (check in was supposed to be at 5), then when we got there, he said he wasn’t leaving until 5, so we left again to kill a few hours, which was inconvenient, since the flat is far from the centre, and my mom was ill. Then once we came back at 5, the host was hosting friends, and they left only 15-20 mins later. And finally, there were only 3 towels, even though there were 4 of us.",0
1196945100891761752,29926557,2024-07-09,"The whole stay was generally all good, the downside was no kettle to make tea/coffee and the fact that the checkout was at 12, yet someone was trying to open my door three times since 11am. I assume it was cleaning staff who wanted to check if I’m out, but it felt that I am rushed to leave. They could’ve messaged or check if I’m gone, or check in the key box? It was a bit weird.",1
507246458,22609828,2019-08-11,"Great place, very clean and stylish. Close to public transports and grocery shopping facilities just around the corner. The traffic on the “Wehntalerstrasse” in front of the apartment however is pretty loud.",1
1628955416468546209,1431330900692049409,2026-02-25,This was my third stay.   So convenient.  And the owners make it so easy.   Thank you again.  I’ll be back …,1
1480397448335350135,1325933421927845590,2025-08-04,Nothing much to say. I had to check out early as I felt the room is not safe & comfortable.,0
630935641596209671,7589458,2022-05-20,"inaccurate location and i was sent the address and a few vague pictures on how the access to the house looks, a few hours before check in.  i was scolded  (definitely it felt like it) for turning up at the wrong building with the address i was given!! The facility has 2 other rooms and the host does not stay on the premises. (it is actually a massage facility).  One shared bathroom with ALL. Thin walls.  No key to the room. I asked - was told ""no key"". Could be a very awkward/ potentially dangerous situation. But the host is very concerned about the house key. She took back my key the night before check out and gave me weird instructions on how to get out the ""house"" - such as getting out through the garden door.  the wifi stopped working just when she left the premises for the evening. When i asked her about it she blamed poor internet in whole of Zurich/ switzerland and her lack of understanding of english. While she took my key back saying she may not be back bfore i checked out, she was already stripping out the room much before the check out time while i had popped out for a coffee.  Only a small table light in the room. One of the two lights in the kitchen stopped working on day 2. I am surprised at the criteria/ low bar for a ""super host""! Great location, though!",0
1690567586089102799,1409421419378011193,2026-05-21,Apartment was exactly as in pictures. Kitchen was well equipped. Very nice one week stay. Would easily book again.,1
915757451164643647,28701312,2023-06-17,"I recently stayed at a studio apartment near the bus stop, which was conveniently located 5-10 minutes from the center city. The apartment itself was comfortable for a short stay, but I must express my disappointment in the lack of communication from the management. As remote workers, our primary concern was the non-functioning internet. We immediately informed them about the issue, but it took them 18 hours to respond with a simple ""thank you for letting us know."" We followed up daily, asking for updates on the internet, but received no response. Finally, when they did reply, it was to ask if rebooting the router had improved the situation. Unfortunately, even after we replied with a ""no,"" they ignored us once again. This lack of professionalism and unwillingness to help troubleshoot the problem left us quite dissatisfied. Therefore, if you value good communication and reliable internet access, I cannot recommend staying at this apartment.",0
1218738492375961149,1168278591033652735,2024-08-08,Would not recommend this place. Noisy street and neighborhood. Kitchen is not decently stocked with basics. Low quality stuff from IKEA. Not worth it,0
935390199128794312,835625025024303651,2023-07-14,"I’ve stayed at several bnb’s over the years. This unit was probably the least worthy in value in my opinion. First off, the unclear, difficult and wonky directions to enter the building. Secondly, the unit is on the 4th floor and there is no elevator. The description of the unit does not mention stairs or lack of elevator. Thirdly, the room is small and very basic and bare bones. The two cheap metal folding chairs broke and I asked for a replacement whereby the owner gave me two equally chairs to sit on. No other place to sit besides the bed. Lastly the ac stopped blowing cold air on the 3rd day and I notified the owner who seemed to just blow me off saying something like the cold air only goes on when the temperature outside rises above … and then mentions something about the “green experience”. Whatever.  There are security cameras in the hallways and stairwells. Very sketchy accommodations and I would not recommend staying here. I also contacted Airbnb support about all of this.",0
1701435171892363668,1571697133107659952,2026-06-05,"Nice location, clean, and quiet. It’s not far from the city center, making it convenient for getting around. The apartment was comfortable and well-maintained. A washing machine would have been a useful addition, especially for longer stays, but overall we had a pleasant experience.",1
1175193842885501600,617877133324898745,2024-06-09,It was a short trip. The apartment has everything you need.,1
951973758322208217,617877133324898745,2023-08-06,"Location is somewhat okay, you are near train station but the entrance to building is next to trash container and window is right next to main door of building, you cant have privacy.   Bathroom was moldy and therefore smelled on it, system for ventilation was weak and we needed to use window of kitchen for bathroom ventilation.",0
121003547,3872298,2016-12-13,"The apartment itself is quite large and modern and well equip't but the host was quite rude. The first day the room was so cold that I had to sit with my coat on. When I told him about it his words were... ""there's nothing I can do about it, I was there on Sunday and it was fine and I haven't changed shit!""  I was shocked and told him to forget it. The flat temperature  did get better by the 3rd day. There isn't a control for u to alternate the temp in the room. I found the host quite patronising and very rude.",0
1471000240436948636,1224606722538028919,2025-07-22,There was little to no amenities. We had seven people stay and there was half a bottle of small shampoo. There was no body soap. The TV had no sound the the WiFi password was a sticker behind the router which you had to search to locate.  There were a few hairballs in the bathroom and by the stairway.,0
326364233,27412907,2018-09-22,Amzing and very large space! This is a steal :),1
218694277,9244524,2017-12-14,"Clean, organized, very comprehensive info guide. Very responsive to messages. Great location, quiet area, A+++ would recommend to all!",1
1698520837305893343,1518787608734536996,2026-06-01,"Intended 2 week stay became a 1 day stay. Host was responsive and communicative however overall I checked out early. Check-in was a tricky. The lockbox contained the wrong key, sending me into a different apartment. After retrieving the correct key from inside that unit, the building's front door wouldn’t open. Stranded outside in intense humidity with my dog and no phone data, I had to find a cafe for wifi. Later the hosts brother admitted the lock was stiff and triple-locked. The apartment was quite unhygenic. It smelled bad, had no AC, and the floors and kitchen items were physically sticky with dark marks. I found used bandage wrappings in drawers and dead bugs on the bathroom sill. The final straw was a live, lice-like insect crawling on the fresh bath towel—I had to use my dog’s towel to shower and dry off. The host was initially a bit hostile, calling filth ""old scuffs,"" but realised I was being very fair in my feedback. Due to Airbnb policies, I still lost significant money.",0
1293400905563459268,898803289581533441,2024-11-19,Very close to the train station and trams. Very convenient to get there and around,1
475534819,9005395,2019-06-24,"Super nice place to stay. Spacious, cosy, comfortable. Great location, easy to get tommcity centre.  Dmitry is a super host, easy to communicate and very responsive. Highly recommended!",1
215542959,21497605,2017-11-30,"well located, clean and lovely flat fully furnished. Stayed for about a month and can only highly recommend it.",1
658175377,13738654,2020-08-30,"This is a great place to stay in Zurich, located right next to the lake and five minutes by tram to the county center.  The rooms were clean and tidy. It has a lovely balcony attached not offering the greats view but still big enough for most of the guest to sit there. It has a dishwasher and tabs for it  provided by the host. Big thanks!  Unfortunately the elevator didn’t work, the only bad point.",1
1693492501104612192,1522377156160724776,2026-05-25,Very helpful and accommodative. We were a little early and their luggage lockers were full - responded immediately and took our bags while we went out and about and returned at check in time. Conveniently located a few hundred feet from the train station. Having a rotating fan available was a nice touch as it was quite hot even with the windows open. Check in and check out was easy. The location is good - convenient and yet away from the city center so quiet and not busy.,1
773083865749126544,52433794,2022-12-02,The room is big enough for two people and had everything we need.,1
764187616,26142789,2021-05-30,Not really what i expected.  -To loud. -Not cleaned correctly. -Soap mixed with water in the bottles... -The door and many other things needs to be repared and replaced and and and. Sorry but i was really disappointed.,0
1060075669142710600,963113252638375359,2024-01-02,"I really enjoyed my stay at Lindsay’s apartment! Loved the aesthetic, good neighborhood, close to the center. Perfect choice for my trip! Lindsay is very helpful and polite! I felt at home! Thank you!!!",1
980232502747033542,704438027736960894,2023-09-14,We loved the apartment so much we wished it was ours! Sarah is an Amazing host. Very nice and always available to meet out needs. Definitely 10/10,1
1215884983738996939,53636512,2024-08-04,This place is hard to live in without AC. Even after enough windows for cross ventilation the apartment was like a heating oven,0
651200281,7673299,2020-08-15,it was so hot at the bedroom and smells is not good,0
1580473513534114553,1459530479751645739,2025-12-20,I'm happy with the place. The owner is also very nice and friendly. The place is clean and comfortable. I will visit here again.,1
84694623,5350881,2016-07-08,"There was no one to receive us as the concierge office is somewhere far away.  The room was on top floor got quite hot during day time and there is no source of cooling not even fan.  The room was on 2nd floor and lift was not working for two days.  They charged me 45 Euro for changing a bed cover, without prior information about the charges.  Asked for help for arranging a vehicle to airport after check out,was refused straight away.",0
889722062889904145,43790602,2023-05-12,"The Wi-Fi didn’t work and there was no hot water for the first two days of our stay. In addition, the keys were not available in lock box as directed upon arrival. We needed to wait in the cold for over an hour for him to respond and arrive.",0
599828759,9248717,2020-01-31,Asked for a baby-cod last minute and it was already in place and installed when I arrived.,1
1705808611900244014,927094881257317705,2026-06-11,No complaints. Perfect for a few day stay in Zürich.,1
1683292562589108479,1367297720996205850,2026-05-11,Toilet seats missing. Stayed 7 days and asked for it to fix since day one with them always saying they will provide and never complying.,0
1380341471856849738,1088112872132511372,2025-03-19,When we arrived the apartment smelt of old cigarettes smoke and felt like whoever stays there packed up in a hurry as best they could for our arrival. The location was good and nice outlook but just felt uneasy. No ironing board or iron. It was cluttered in the main bedroom.,0
1180303584681658139,1036907730334393281,2024-06-16,Worst Airbnb experience in more than a decade. There was a huge music festival right next door with super loud music until past 2 AM. We could not sleep or relax in the apartment. The host was not accommodating about this situation and gave no advanced warning but rented out at regular rate. The place smelled like smoke when we arrived. The shower head was installed so that it splashed water all over the bathroom. We removed the water as well as we could and in the end the host complained to us that the bathroom was wet instead of apologizing for the lack of a reliable shower facility. No attention to important details like a light in reach from bed. Poor quality of pillows and duvet in one of the rooms. Basically someone trying to make maximal profit off of guests without consideration for convenience.,0
1528960130161845284,1500863003088833966,2025-10-10,"Because of the walkable distances  from the Zurich HB train station, this place is perfect to tourist visiting Zurich. However, the apartment is located on the 3rd floor (4th floor for the U.S. folks) and does not have an elevator.",1
356103419,3941358,2018-12-07,"Very good location. Easy access to tram stops to get to Zurich HB. Room is a bit stuffy, poor ventilation. Need to open window to get it ventilated but that could be noisy due to traffic from the road.",1
1655746255042628691,1639155894872159649,2026-04-03,"A bright, generously sized apartment in central Zurich, featuring two balconies and located in a cool neighborhood in the heart of the city. Close to supermarkets, cafés, and restaurants, and just a few minutes from the river.  So beautiful and cozy that you almost don’t feel like going outside.",1
1103555700967617729,2668952,2024-03-02,"First, the requested flat was changed by the host due to host in the requested flat as per the host statement. the replacement was downgrade to the first reserved and paid  option. the host made us wait under the rain and cold for over 30 minutes because he forgot to leave the building entrance key in the box. the flat is not very clean. In fact, the small couch is dirty. the tiny sigle beds are not comfortable. the cover sheets were not clean. Some of the coffee cups are not cleaned. The bathroom shelf (Ikea) shelf is safety issue as you can injured your face with it.",0
1625824140264940472,1544356289349935498,2026-02-21,"Great location but that's about it. The room is worth a quarter of the price its listed for, it was low quality and unclean. We had shower issues which we told the host about but we never heard back from him. Quite disappointing",0
450721660,9299992,2019-05-10,"Coco is super nice and she offered a charming place located in a quiet spot, very close to public transportation and just a quick walk to grocery shopping. My room was very clean and very comfortable, I immediately found everything I needed. Communication with the host went fast and smooth, I can really recommend staying there!",1
657720237900952351,39544991,2022-06-26,"When I arrived, the house was just filthy! Not a pleasant experience to enter the bathroom and find shaved beard hair all over the sink, piss stains on the toilet and even shaved pubic hair! While the room looked tidy, it quickly became clear how the bedsheets and pillowcase were not changed for ages and had an uncomfortable stench. I expressed these concerns to Serdar, who was prompt to respond to my request to change to clean bedsheets. Two friends of Serdar were staying at the same place during my visit and had left the bathroom and kitchen in a horrible state. I did not enter the kitchen during my entire stay to avoid the horrible stench of greasy pans left in the sink. Even if Serdar is not directly responsible for these issues, it is still his responsibility to maintain the apartment in a bearable state for visitors to stay there. Based on my terrible experience I would totally not recommend!",0
135938100,10701017,2017-03-07,Nice stay in residential area. No parking on site. Must get parking pass and park a block away,1
1426809393735213127,283737,2025-05-22,"We’ve stayed at many Airbnbs in various countries, but unfortunately, this was our worst experience to date. It had a significant negative impact on our vacation in Zurich. As soon as we entered, we found the floor in terrible condition—old, loose, and noisy. Walking on it felt like stepping on eggshells or broken glass. It was unsettling and uncomfortable throughout our stay. The bedding didn’t fit the beds properly, and the pillows were small and stained, which was very off-putting. The curtain in the second bedroom was partially torn, adding to the neglected feel of the place. The bathroom was especially problematic. The toilet and an extremely small sink were placed so close together that it was hard to use either comfortably. The listing photos showed a yellow couch, but it wasn’t there. Overall, this was a disappointing experience for me and my family. They were very unhappy, and we all felt let down by this booking. I strongly believe this property needs urgent renovation",0
1618787104305141080,21760542,2026-02-11,"The view is incredible. Right next to one tram stop and down the street from another. They come in handy for all the hills. Close to the main train station, which has everything you might need in it.",1
462740024471242059,51140947,2021-09-30,"I have make a reservation morning , and cancelled reservation the same day at 12:00. The owner not reply to me, i have canceled the reservation but i have left my money, and nobofy answer me on reguest about money. Why is this possibile?",0
1581142342328117006,1515799072094777006,2025-12-21,"The apartment was clean, 20min walk to Zur HBF, but Issue 1- NOT ENOUGH electric sockets. No bedside sockets, difficult to charge  phones as only 1 in rooms 2&3 + situated so far from the beds. In the kitchen only 2 sockets so overall not enough for 8 occupants to charge phones or use the kettle or use hairdryer as not enough sockets in general. Issue 2- only 1 small rubbish bag was provided for guests of 8 x 6nights. Had to buy a roll of rubbish bag worth CHF16!!! as you are not allowed to just use any other rubbish bag in Zurich(something we didnt know). I asked for atleat 2 spare ones but no reply. Issue 3 - shower head in toilet 2 was not working, emailed them but the handyman didn't come on the day he was expected. so for a few days we 8 people taking turn in a 1 small shower cubicle. When the broken shower was ""fixed"" it was hard to regulate, in other words, not much of a benefit.",0
1650705658614250143,1265141286730234001,2026-03-27,"I stayed here for three and a half weeks and was very happy with my overall experience. The apartment was exactly as described, and the location was excellent, with easy access to public transportation and city activities. The apartment was spacious and had everything I needed for a longer stay. I was traveling around Switzerland for work during much of my time in Zürich, so I was not in the apartment very often, but it was always nice to come back to. The hosts were great to communicate with and made the whole process very easy. Both check-in and check-out were smooth and straightforward, which I really appreciated. Overall, I had a very positive stay and would recommend this place to others looking for a comfortable and convenient place in Zürich. The city itself was amazing. The only small downside was that the walls are a bit thin, so you may occasionally hear neighbors or some outside noise. Still, this did not affect my stay much overall.",1
880313655853781500,39600156,2023-04-29,"This place may be fine, I didn’t stay there. I heard myself before I stayed and let them know ahead of time that I couldn’t stay there as their business was not handicap accessible. They responded that they understood and would cancel my reservation. Airbnb asked them to refund me, but despite staying they would, they have gone radio silent. Basically happy to steal my money.  Also note location is not super central (not that it mattered to me because I was taking the train in the morning). They should have put in their description that they are not accessible if you are disabled or have a have a mobility issue",0
474457102,743035,2019-06-23,"This place was absolutely terrible. Took 4 hours to find the place after getting bad directions, then when we finally got there she had a very rude attitude with me. After all that, we go into the house and the place was filthy. The floors hadn't been swept, the bathroom toilet and shower were not cleaned, our pillows and blankets even smelt so bad that we decided not to use them. There was also barely any furniture downstairs as the pictures show. Just about every picture is a complete lie. As soon as you pull in, it looks like an abandoned lot. Another funny feature is that the main door doesnt lock. So when we decided to leave to tour, we kept our stuff locked up in our van. Getting into town was not easy either. From the house, you have to walk up a very primitive trail. Its completely uphill and its basically just wet leaves and mud the whole way up, so if you plan to be out late you should bring a flashlight. All in all, the place was so bad we considered not even spending the night. I 100% do not recommend this place.",0
401991134,24744786,2019-01-16,No explicit information how to get the keys past checkin time and she will not answer the phone,0
624510126,6473595,2020-05-11,"We booked Joy's place as we were stuck in Switzerland temporarily due to restrictions brought on by the Covid-19 pandemic virus, and needed a temporary refuge. -the first listing we booked was not what we expected. the listing said it was 2 bedrooms, with spaces for coworking(meaning with desk and chair). I also confirmed the latter with Joy before booking. Upon check in, we discovered that this place actually was a one bedroom with one office, and the office was converted into a second bedroom, and the coworking space from the photos completely  removed. For the amount we paid, we were of course not happy as this is the second time we booked a listing that the owner was deceptive about it's actual layout. Must be a thing over there in Zurich? /shrugs -we called to complain and were received by Joy's Father(which was weird). He then put us in contact with their Hausverwaltung(handy guy), who showed us another property that fit our needs(since they are actually a real estate company with many properties listed on Airbnb). -we liked the place, and Joy's Father immediately asked us for payment outside of Airbnb. Knowing that this was a violation of Airbnb's TOS, I said no, i'd rather make any and all payments through Airbnb. He consented, then sent me the alteration request through Airbnb. Airbnb then stepped in, because, since the inconvenience was on their part, they should've just waived the difference. They wouldn't move on that, stating that the new property was bigger in size therefore the difference still stands. 1st red flag. -it was a safe neighbourhood/public transport was right nearby/ so were many supermarkets, cafes(not that this mattered because at the time of this writing there was still no vaccine out for Covid-19). The new property also had lots of space and a nice kitchen loaded with many things needed for a long stay(coffee maker etc). Their handy guy, Ori, was also a very supportive addition, always there for questions about anything from garbage collection, to the internet. The kitchen was not that clean upon inspection, and there was a random huge table stecked in the middle of the living room. However, since they had to make up for their inconvenience last minute, we gathered that this was a place that they had that they were still in the middle of preparing to put on the market for rent. Furthermore, that massive table became my work table anyway. -two weeks into our stay, Switzerland lifted their stay at home restrictions for Covid-19 drastically, so we decided to leave while we could. I asked Joy if she could refund us either the unused portion of our stay, or the difference that we had to pay to stay in the new listing, since us having to stay there was as a result of discrepancies on their part. Joy refused to refund the unused portion of our stay, which was another 2 weeks, saying and I quote, ""I'm not in the position of generosity."" She was short on money due to all the cancellations brought on by Covid-19, and despite that, we were there when she needed us to help her sustain her livelihood. Nevertheless, when we needed her to make this experience mutually beneficial her humanity had checked out. Airbnb again stepped in, and made a plea to her to reconsider. Nope. She's a human being hardened by circumstance. So we left them with almost 2000 chf more than they deserved. I hope this money keeps them warm at night in DIE KALTE KALTE SCHWEIZ. Having said all of this, I would recommend them for their conveniently placed properties, but not for their frigid personalities and seemingly deceptive demeanours. This experience, though already stressful,  would've been less traumatic had she tapped into her human side and saw a situation from all angles instead of just one.",0
1476776215868045448,1450008235416364197,2025-07-30,"Bed is on floor and wasn’t aware of this. Too many people in apartment, lots of noise and music till late",0
1533291984098382462,1512889967043393920,2025-10-16,"They were so attentive to me, I arrived at 11:00 and they let me store my bags, the apartment was small but it was complete, you won’t regret it if you book it. 🥰",1
964395882932160952,787474880019798301,2023-08-23,"I would highly recommend staying at this place. The apartment was beautiful and Blueground was extremely responsive, and helpful whenever I had a request.",1
1055717983158395466,51764514,2023-12-27,The house is as describe. The cons would be TV does not allow Netflix 😭.,1
310107541,2579889,2018-08-19,"The pros: the flat is spacious, the furniture is pretty, the bedrooms were fairly clean, the small balcony is cute. There is a safe box, so check-in is easy. The cons: the host has nothing to do with this flat, so don't expect any outstanding hospitality when something goes wrong. I would not stay again.  Our stay at this accommodation has been quite disappointing and frustrating. Four of us arrived on  a Friday at 10pm and found that there was no toilet paper in the flat. I called Filipa who told me that she lives an hour away and can't help us until the next morning. If I was responsible for the flat, I would have made sure that my guests will be supplied toilet paper - something essential - ASAP. We ended up having to look for a shop that was still open that late (not easy in Zurich!), walking 20mins to get there and spending our own money on toilet paper. Filipa dropped off some the next morning, specifically, she supplied us with 2 rolls, which is an optimistic amount for 4 people.  Secondly, the listing claims that an iron is available, and I specifically asked the host to make sure it's available as we were going to a wedding. No iron , of course, and no attempt on the hosts side to make sure we were supplied one. We ended up borrowing from a friendly neighbour. The flat is old, and in need of some care, especially the bathroom. We didn't mind the unusual layout - we were warned - but the bathroom is generally in quite a rotten state and needs renovation. The kitchen floor was sticky and the kitchen supplies were limited, which made it difficult for us to keep the place clean (a torn sponge, no tea towels, no kitchen towels.)",0
532737919,37478466,2019-09-20,"Peaceful and friendly host. Thanks Charlotte and Matthias for the hospitality. Fully equipped kitchen, very close to supermarket and transport. And a big illuminated room. If you stay there, you should enjoy the small island closeby to swin. I recommend 100%",1
1494120602270701141,1289024965006075182,2025-08-23,Our bathroom had a horrible musty smell. It was unbearable for my sister and I. We did not even use the bathroom. The room layout was different than shown which wasn’t necessarily a bad thing but something to keep in mind. The elevator was also in a weird spot and should have had signage for it.,0
535880088,15341716,2019-09-25,Michael's place is in a horrible location.  It is across the street from a park where vagrants hangout and make noise until after 2am every night of the week.  It was nearly impossible to sleep at night because of the noise and night coming from the park.   It was also unsafe as I was asked for money multiple times and harassed whenever I was walking in the neighborhood. Find another place to stay!,0
1587738744205615425,1515800896618119362,2025-12-30,"Arrived at the apartment after 3pm (check in is at 2). The apartment hadn’t been cleaned from the previous stay. All towels dirty, food garbage, dishes, beds unmade, hair covering shower, dirty floors. We had been traveling from the US so this was not ideal. They were responsive and said their cleaning people “had a problem” and were en route. Asked how long it would be and they stated they had 3 other apartments to do so couldn’t give us a time. Seemed like we should have been prioritized but we weren’t. We had to vacate the apartment and couldn’t get back in until after 9pm when they were done. Management offered no compensation for our trouble (even asked for a late check out and it was denied). They ignored requests for an early check in (just didn’t respond to me) and also ignored me when I reported the dryer wasn’t working. We had a great time in Zurich but not impressed with this management company. Wouldn’t stay again. The apt is spacious and 2 baths is nice -my only positives.",0
1570317529093501652,1289022915710351303,2025-12-06,"Absolutely TERRIBLE! Stay far, far away. The host is shockingly disrespectful—condescending, insulting, and even ruder when asked to be professional.  The accommodations are filthy: long hair all over the bathroom, stained sheets, a bed so bad you can feel the springs shift under you, and a shower that clearly hasn’t been cleaned properly. The “luggage-only” elevator was broken, so I had to haul bags up multiple flights of stairs. On top of that, the host tacks on an undisclosed per-person, per-day fee that must be paid outside Airbnb. You don’t even get building access until you pay this surprise charge at their on-site kiosk—classic bait and switch.  Even the vending machine was a disaster; anything you buy gets stuck, and no one is around to help. I repeatedly asked to speak with a supervisor and never heard back. I do NOT recommend this listing to anyone—unless you’re looking for a truly miserable stay.",0
1701288890936135731,1420191461025775610,2026-06-05,"We stayed at Giancarlo’s place for 4 nights, and absolutely loved it. The apartment was spotlessly clean. The neighborhood is walkable and very convenient to the center of Zurich. We didn't need to work while staying, but the separation between the bedroom and living room would make it an ideal apartment to work from. Giancarlo was immediately responsive and provided all the information we needed. We hope to be back!",1
1198424030258061022,1192574659040212106,2024-07-11,Fabienne was a great host and her place is the perfect place to stay if you're attending an event at Letzigrund!,1
1494161046767465626,19220952,2025-08-23,"This stay was our worst ever. We didn’t mind that the apartment is old like it shows in the pictures - it is literally crumbling down (shower curtain and frame almost fell on our kid). Pipe smells terrible, cupboards are old, cutlery and utensils are terrible too. Bathtub was cracked, water taps didn’t fully close - not to mention water pressure in the kitchen is a joke. The place had fans, but they were old and noisy - I really think charging this much for a week considering what it offers should be illegal. Oh yes and 2 people entered the apartment uninvited or without prior approval from us - one to fix the shower (which he used duck tape to fix!!) and one by saying oh I am sorry (but actually tried to sneak in before she realized we are home). Washroom - they clean guest towels there (not via a third party) and literally you have no time to put a round of wash yourself. We were all sick during this week and I kind of think it was because of how terrible everything was.",0
475347365,2073042,2019-06-24,"Christine is super easy to talk to and welcoming. She is an experienced host and knows what people need. The house located in a great spot, where you can get to the central less than 10mins. It’s a safe and nice area too. I cannot wait to come back to Zürich again and I would recommend Christine’s place to anyone who is travelling to this beautiful city!",1
1067258869366706191,28766337,2024-01-12,This was my 2nd stay at this property....great experience,1
1547776374290717799,1469498928448852768,2025-11-05,"The place was extremely hot inside and difficult to breathe and no windows or thermostat to control it. Fans by the beds won’t help. Host ignored my question about the temperature. Internet wifi doesn’t work. Host responded to reset it with 0 instructions and when we can’t write due to its location and bad reception and no wifi. TV in living room doesn’t work either, it’s completely disconnected and when you plug it in, it asks to connect something… we also tried to wash and dry small load of baby clothes and after running 2 drying cycles, we removed a wet clothing.",0
1549967097197566666,1515790305712064461,2025-11-08,It was very clean and walkable from the central station.,1
1696209149902211302,29989383,2026-05-29,"I have never been so relieved to check out of a place. While it has potential, it suffers from a severe lack of cleaning and basic maintenance.  The bathroom was covered in black mold including the shower, window, and tiling. The showerhead was in such a terrible state that we had to ask for a replacement after the first night. While they replaced the head, no actual cleaning was done. I was there on a high-intensity work trip and didn't have the time or energy to manage their maintenance, so I just counted down the days until we could leave.  The rest of the property wasn't any better. Every door was covered in stains and handprints, the kitchenware wasn't properly washed, and a dirty kitchen cloth shoved behind a glass cabinet was completely off-putting. To make matters worse, a heatwave hit, and the only relief was a half-broken fan that barely worked.  These issues have been raised in past reviews, so the hosts clearly do not care to fix them. A deeply uncomfortable and disappoi",0
284837616,14924969,2018-07-02,"I missed a buss and i was late to check it, host was not correct with me because she was saying that i can not make a check in after 10am.... in fact keys were at the place as agreed but i was worried if i am gonna remain on street all night.",0
653392139188629728,7613086,2022-06-20,"Jun had a good heart and let me drop off my stuff early. She can’t speak much English and didn’t understand my detailed texts about when I was arriving, then angrily complained I had come at the wrong time. It was the worst place I have ever stayed at. The ad mis-represents the place as three of the images are irrelevant and there are no photos showing the whole room.  I should have realised that when I saw the photo of the washing machine, a buddha statue, a pot plant and a toilet. Jun doesn't live there. The profile doesn’t say you will be sharing the place with other guests.  I found that risky - especially when she said to hide my money!  The room looks out to a car park. Unfortunately when I was there it was 35 degrees and the room was a hot box with no fresh air or open window due to the mosquitos. Fans cost about $10 these days but Jun said she wouldn’t buy one. There was nowhere to put clothes or hang clothes. All the furniture contained her stuff. Two tables which could have been used for guests’ things had 10 pot plants on them. The main light didn’t work. When I messaged her asking where the top sheet was, it took a long time for her to understand what I wanted and she got angry. I would have complained to airbnb, and got somewhere else to stay, but I was too exhausted and jetlagged to pack up, move to another address and unpack as I had a large suitcase for a five country trip. She showed me how she communicates: she writes in Chinese, translates that into German and then Google translates that into English.  So it is unlikely to be accurate. Dreadful.",0
1488362281011912336,5267443,2025-08-15,"Apartment is spacious, but unfortunately very cluttered and does not look like the photos on the listing at all. There is stuff everywhere!  The home smells like overdue old pillows/blankets. Dryer was full of bedsheets and washer was full of dirty bedsheets and towels when we got there.  The apartment is dark and wasn't clean. We were there for 3 weeks, traveling 5 days during the first week. The worst part was that the entire 2nd and 3rd week jackhammering started between 745-830 AM and lasted pretty much the entire day. It was absolutely exhausting and ruined the entire trip. The owner knew that they were remodeling the garage of the building and we weren't informed of it nor of the noise accompanied by it. I would have never booked this apartment! I work hard during the year to get the 3 weeks off - this was awful! Front room is loud due to close by frequent fire engine station and busy street. This shouldn't be on this platform - it is an expensive house sitting!",0
1306450880949791225,1059526005569076833,2024-12-07,"near  public transport,   found the  floors very noisy,  unable to move about quietly.   no doors on the toilet in the top bedroom, and no door on the shower room,  had to go through the bedroom downstairs.   host was easily contactable.",0
1378199505620889995,38534881,2025-03-16,"Excelente place, the host was really nice all the time!",1
1340487153003926465,1107737437082543654,2025-01-23,"The space was cozy, warm, and quiet- just exactly what I was looking for.",1
1709374994485475262,827268614586080000,2026-06-16,Hey. One of the best places to stay in a wonderful cozy apartment. The check in was smooth and the guy was really helpful and patient enough to explain everything. I would highly recommend everyone to please stay here. Regards  Ng,1
1470268903526255857,1434630732472438288,2025-07-21,"We knew there was construction, and noises starting at 8:00 am which we were ok with it since we had plan to see the city most of the day.  What we didn’t know is the bar/ night club under the apartment, on Saturday night until 3:00 am we heard Loud noises and then at 7:00 am ( not 8:00 am as we were told) the very loud construction noise started so we barely got any sleep, the house does not have AC so if you leave the windows open, you can hear the street noise and the metro and if you close the windows during summer, you can’t sleep from the heat. There were 4 of us ( kids and parents ) but not enough shampoo for all of us to take a shower so we had to go and purchase ours, they had provided and almost empty bottle when we checked in, and finally there were a lot of drunk people hanging out by the entry door most of the time. Did not like our stay at all.",0
1331078732085553753,812041505324942078,2025-01-10,I think the place was OK but there was a lot of noise and loud music on my second night which was a bit disturbing. Other than that I can say the place was decent and very easy to access with tram 13 from the center.,1
433314445,24768262,2019-04-06,"Great local suburb located only a 15 min tram ride from old town Zurich and the hauptbahnhoff central station. Apartment was clean, simple and had all amenities needed to feel at home. Would stay here again :)",1
1613060790292538651,9781471,2026-02-03,"Airbnb Slumlord. I strongly dislike these types of hosts. They hyper-optimize profit over guest comfort. - No soap, shampoo, or conditioner (aside from an impressively small 'bar' of soap in the bathroom and a half empty container of dish soap). Yes this is listed in the profile, but it should be included. - Coffee machine, but no coffee pods (and no mention of the type of machine they have) - No extra cleaning supplies. The kitchen sponge was dirty, and they were low on paper towels. - Thin walls, you could hear the neighbors talking.  - Headboard had been inexplicably removed, leaving only a stain on the wall near the bed. - The key to the apartment was in an envelope that also contained a trash bag for the kitchen - so I had the pleasure of lining the trash bin after a 14 hour flight.  - A knife set and kitchen items, but no cutting boards. What are you supposed to use the knives on? - Was pressured to give 5-star review before I even arrived.  Would not return.",0
81903153,5208392,2016-06-25,"The location could not be better. 5 minute tram ride from the main train station, yet far enough away to be quiet. Within a half block of the river, next to an open bar and Dynamo, an open-use metalworks for youth. The interior was spotlessly clean and everything was as described.",1
447542845370817027,42748334,2021-09-09,"Ramona's apartment was beautiful! It was very spacious, clean, had a full kitchen (if needed) and she had awesome plants growing on the balcony and in the apartment. We had a great stay and Ramona was responsive and even gave us great tips even though she was out of town! I would highly recommend this listing.",1
1563749666148560194,1099334065912981764,2025-11-27,"The location was ok, but the building is like a college dorm. No soap, or basic items neither. Be prepared to bring your own.",0
1405751488880875365,1129800805695716463,2025-04-23,"The room was super cute and very clean Great location — just a 10-minute walk from the train station. David replied super fast whenever I needed help and was very helpful. I met Tomislav on my last day — he was so kind and friendly, and gave me great tips for cities to visit in Europe. Highly recommend staying here. 10/10!",1
1160758364114877353,35494092,2024-05-20,"1. Ants crawled out of the gaps of the floor (see the first picture). I caught nearly 50 ants on my green bag pack （I put my bag on the floor for whole night, probably because of the green color that attracted amounts of ants…. really annoying ).  2. Some expired species in the kitchen, I reminded the landlord to pay attention to it what if other tenants get ill just because of the expired stuff, but got no replies at all! (how can you read my message but you didn’t reply? Such rude and indifferent manners!)  3. Soaked paper. 4. Anyway, thanks for the chocolate you put on the bed, I would say that’s the only comfort.",0
662125298845157181,815055,2022-07-02,"Nathalie is so kind, friendly and always willing to help. I enjoyed my time so much. The place was so comfortable and cozy. I will definitely recommend!",1
1414443775136121233,50691075,2025-05-05,"The place it’s not good. The bed it’s uncomfortable and the pillows are really bad. The location is good but it’s important to mention that you have to climb a slope in order to reach de place. Finally it should be noted that the place it’s on the ground floor, thus the windows faces outwards and it’s feels  like you are outside the apartment, everyone can see you.",0
1479646621492005386,3682156,2025-08-03,Joy is a very nice and responsive host. The appartement is ok but not renovated. There was a smell in the entrance. Kitchen not well equipped . Holes in bedsheets and dirty shower curtain. It is an ok place but no more.,0
871592739310389100,33152255,2023-04-17,"It’s a cute location easily walkable to the train and the center of Zurich but unfortunately there was a really bad smell coming from the carpet. It seemed like people over time had really stinky feet and that smell was imbedded in the carpet and really made the place smell so bad. A thorough cleaning and disinfecting of the carpet would help or switching to wood floors and a washable rug. The other issue was bad water pressure in the shower and the pillows were very feathery, I was itching all over and lastly there were tons of ants. It was not my favorite stay, and I was thrilled be be flying out the next day. It was an extra night for me after my fun vacation and I just wouldn’t recommend the place because of the issues I highlighted but the room was spacious and had garden views and lots of windows which was the only thing I liked.",0
713529390568894194,576882718670997668,2022-09-11,"Awesome spot, definitely recommend for those looking to stay in Zürich",1
1381077753962855869,918586022096296699,2025-03-20,We had an excellent stay. Tobias  was very flexible and helpful.  highly recommended,1
464326344,20246499,2019-06-05,The location is great and the neighborhood as well. Hosts are really really nice but the price we paid was not worth the quality of our stay. The room was very dirty and the building was old. We selected this place because price was high and we thought it is indeed a studio apartment. But  to our disappointment it is not.,0
1058540799596766505,957657984159361987,2023-12-31,"Advantages: + very close to the transport connections + several supermarkets and playgrounds in the vicinity + the host replies quickly, the communication was smooth + a very stylish, pleasant apartment + very clean + a very quiet, peaceful place + a well-equipped kitchen + toys were fantastic to have around. My two young boys were more excited to play with the toys on some days rather than explore Zürich. + a Nespresso coffee machine + we stayed for one week at Christmas and there was a wonderful decorated Christmas tree! Things to consider improving:  - some of the things weren't found in the apartment as promised (the hairdryer, restaurant recommendations and some toiletries, like a regular shower gel and shampoo). - it would be great if there were instructions for using the stove, as there is no microwave oven in the kitchen. - the check-out at 10 was a bit too early for us. - the pillows in the nursery were uncomfortable. Overall, we were happy with our stay. Thank you, Aleksan",1
1579736327742550210,1562419982948384154,2025-12-19,Five stars across the board! This is an excellent property in a great location in Zurich. My wife and I and our 9 month old stayed here for a week and used it as a base to explore the area. Public transit was convenient and the apartment was well appointed.,1
183459874,2986553,2017-08-17,This is the third time that we are staying at Anna's place. It says it all!,1
1031813025637872269,807687294713917562,2023-11-24,"This property is not as described - and the appliances as well as service is poor. For example, not enough towels for guests (and very poor, low cost quality). The beds and sheets are very poor quality and not thick enough for winter. This is a serviced apartment not an airbnb. Also, the host is very rude in communication and in his rule. I would unfortunately not recommend it.",0
1450711849155322562,1088112872132511372,2025-06-24,"Beautiful apartment, centrally located, but extremely hot in summer. No air conditioning and no fans. We had two 30C days and could barely fall asleep it was so hot. Also the host made it very clear that they didn't want young children/toddlers to stay here (threatened extra cleaning costs).",0
840471835637186065,796155553016388784,2023-03-05,The stay was nice. They were very friendly and open. The roon is a little small but just right if you stay alone.,1
1310759347241652558,1262318003749250570,2024-12-13,"Absolutely wrong description online about location, it is 5 KM from Zurich main station, not close to lake also, all fluke. Host absolutely Mia guided on location , bad experience to reach there. House was okay kinds , but reaching their was scary",0
857055200080260766,47557070,2023-03-28,"This place is in an excellent location for tourism; a block away from the #4 tram and two blocks away from the airport tram. It is spotlessly clean.  My only hesitation is that it has an electronic door to enter/exit the third floor apartment, and I was worried about escaping the apartment quickly in case of an emergency. Perhaps I am old-fashioned, but I would feel more secure with a key instead of a screwdriver to take off the door screws in case of an emergency.  Also, note that the place is next to a pedestrian ally and near a nightclub, so during the night,  people tend to gather below the apartment. At 3 am one night, we had the unfortunate experience of listening to two drunk American men yodeling for an hour (not Gerald's fault, our country's fault for lack of manners.)",1
1310075988226140480,1278951075743491555,2024-12-12,"The apartment is very well located, clean and in a quiet neighbourhood. But your couldnt control the central heat and The host was completely ignoring my worries about that and didn’t give any sufficient answer  at all and left me without any response for the essence of the problem i was complaining. Consequently due to the heat I was not able to sleep for the whole staying at this apartment.  This is just so bad because the apartment is lovely and if u don’t have any issue with the heat at night is a lovely place to stay.",0
1698373120226552735,1484516025758182530,2026-06-01,Stay was not as expected due to noice and smell,0
1491213371164507477,1118665560754930229,2025-08-19,The perfect stay - cannot recommend Andrea and her apartment enough!,1
1378217591437986730,23492726,2025-03-16,"Everything started a went as expected but in the last we had to kill more than 20 cockroaches 🪳. So this was a very bad experience, it seems they had a plague. It seems the product which kept bugs out started to lose its power…",0
1177444993481225402,24193619,2024-06-12,Perfect place for a short stay; close to public transportation and a great neighborhood.,1
1470964597176182010,46334838,2025-07-22,"While the apartment itself is ok, it faces directly onto the Langstrasse which is a notorious “party” street in Zurich that is very loud. All the windows of the apartment open out onto this street so the apartment is always noisy. It’s also directly above a McDonald’s, so the smell of fast food wafts into the apartment of the windows are open. The main bedroom does not have curtains, and it’s not a comfortable place to sleep.  The host (Au) was incredibly inconsiderate, inflexible and difficult to deal with, despite incorrectly advertising the location of the apartment (which Airbnb has now forced him to correct). This is one place to avoid.",0
1702897420932668086,1284791844326776014,2026-06-07,"Great location next to multiple tram stations that can get you anywhere in the city! Comfortable bed and spacious room/bathroom. Only negative was the neighborhood was pretty noisy and you could hear it all through the walls. Also no A/C if that is something that bothers you, it also makes it louder when the windows are open.",1
1300644854838661048,1223151303674888078,2024-11-29,Very close to the main train station and walking distrance (ca 20 minutes) from the old centre. Many public transport options . The apartment is very tastefully decorated and has a large outside space.,1
1521690058421815963,21823543,2025-09-30,"The bed rooms do not have Doors! The photos in the Lisitng are polished, photoshopped and the real room / furniture is too old to satisfy your expectation. The host ad says, ""We are no company, we are family :)"".  This hook message is wrong. its a complete commercial business with multiple apartments and as per my conversation with the host,  they are doing it from 8 years.  Does a family stay with no doors ? It was  a terrible experience. The Garden is of no use.  The impression which the ad gave is as if its a house where some family stays and its been given for Airbnb, this is not true, its just a marketing hook. Misleading The Thrash was left in the dustbin (probably by the previous tenant) and not cleaned by the house keeping. We had to keep our Thrash Bag outside in the Kitchen. Theres no Dishwasher so were not able to clean our utensils either The Good side : You get Kitchen things to the capacity, including toothbrushes which was something not found usually",0
646937881785634063,22323761,2022-06-11,"1) No elevator - 3rd level apartment, difficult for large luggage.  2) No loading area - you must park on the nearby street parking and then move your luggage. 3) No Air conditioning - the room temperature was 28 C even with fans on when we were there. 4) Shower/bath tub in one bathroom, 2nd bathroom has toilet only. Our group has 5 people, quite inconvenience. 5) Right next to the main road and park, quite noisy at night. 6) The lake view can't offset with all the cons. We will not stay there again.",0
1584807790324455465,1567375051040232054,2025-12-26,"Great stay, not a very pleasant check out experience, apart from that everything amazing",1
1500901759097370670,1069424757462308096,2025-09-01,"DO NOT STAY HERE!!! This place has a sever black mold problem! We had to cancel our stay after the first night due to waking up with an extreme headache and the place having a strong smell of mold. We found mold throughout the bathroom and kitchen. Airbnb should not allow this listing to be up on their website, it’s a shame a host would put customers health at risk like this. There were also many other problems like the kitchen appliances being left dirty and trash left behind. Many other things weren’t left clean also, hair was found in many places and the place did not feel clean in general. Only one pillow was given for each bed. The shutters are broken in half the windows so you can’t get the sunlight like it shows in pictures or proper fresh air. The host was good at communicating before we got there and warned us it was an old building but this does not mean it’s okay to have problems like this.",0
311933053,27833401,2018-08-22,"just okay. not an ideal location, plus shaky WiFi, uncomfortable couch bed. loud construction noises happening right outside. host not very empathetic. clean place!",0
344218968,17023300,2018-11-03,"Great place for medium term stays, recommended for solo travelers.",1
1644212637172248924,568707206326908466,2026-03-18,"Wonderful flat, area and view! Sad to leave!",1
1438399884863461501,5208392,2025-06-07,"The place was exactly as described just had a few glitches as below - Check in requires a confirmation number which wasn’t communicated well in advance and was not included in instructions shared earlier. For someone on the road and travelling with limited connectivity to internet, can be a hassle. The window in living room was inaccessible due to a broken lock with no other source of ventilation. The dishwasher was broken and we had to call services to get it fixed. While booking, amenities mentions cleaning services available during stay, none of the days did any cleaning lady visit.  Another issue is no elevator available in the building. With big luggage and infant, became an issue to carry everything three floors. Otherwise, delivered as communicated. Responsiveness of host was amazing!",1
493957280,4201898,2019-07-23,"The apartment was well located near a tram stop, clean and generally ok. However, we found the kitchen a bit odd with appliances such as microwave, coffee maker and kettle all unplugged. the only power socket we could find was above the hotplate, which seemed unsafe.",1
1565976707114066710,1359491220202517275,2025-11-30,"Pedro's place is wonderful. It's directly across the road from the Marriot, and you can walk across the bridge into the industrial parts of Zurich, or walk 10 minutes into the Old Town areas. It's right by the river, and very well connected for food and things to do. It was spotless, clean and warm. An excellent place to stay!",1
1684815766637767070,1436451436159286901,2026-05-13,"I highly do not recommend this pace due to extremely poor communication and unprofessional behavior. My friend and I could not reach the host until 42 minutes before check-in. He ignored our earlier messages regarding early luggage drop-off. Airbnb support even had to intervene just to get him to send the check-in instructions the night before.On the check-in day, we waited for over two hours with no response. We finally decided to leave our luggage in the room and took the key with us. At 2:18 PM, the host messaged us, rudely blaming us for blocking the cleaner by taking the key. We immediately returned and left the key back by 3:47 PM. When confronted, he was highly unprofessional, stating he is not obligated to reply 24/7.The room was never cleaned during our entire booking period. We felt so unsafe and unwelcome that we did not stay for even a single minute, choosing to book a hotel instead.  PS. There was an AirTag attached to the room key, which is a major privacy concern.",0
1525285724242207234,33148119,2025-10-05,"The location is convenient to transit, shops, and markets. The bed is comfortable. The washer and dryer were nice to have.  Overall, this property needs immediate maintenance. Spiders were present in every corner of every room, excessive dust and cobwebs galore, the walls are dirty, there are no instructions to use the appliances, and some of the windows are missing curtains which left us feeling uneasy in the space.  The WiFi didn’t work upon arrival which cost me international fees to call the host, the cleanliness was not improved by reaching out to the host, and trying to use the appliances which were unfamiliar proved frustrating. I booked this apartment for safety while traveling with young kids since there is no balcony, but the lack of cleanliness and privacy caused me to regret that decision.  With proper cleaning and guidance from the host (and possibly the inclusion of washcloths), this property could be a real gem. As is, it’s a dirty disappointment.",0
1486863404993337124,1110180030458360460,2025-08-13,"Nice apartment! It gets a bit hot during the summer months, but this isn’t too bad and the more-than-excellent location makes up for that.",1
1464490375807729516,1446333693466033418,2025-07-13,"We booked for 3 days after watching good pictures. This place is not yet ready to receive family with kids. We tried to pas our time by staying out most of the time. For students or youngsters this still can be ok but in that case the cost is exorbitant. We were looking for a cozy place with some furniture around like one expects in any house when you are travelling with family and kids. Nails were protruding out of base of doors thereby injuring kids and tearing clothes. One of the power switch of room towards balcony side was totally open and sparking beneath our head while sleeping. Just by placing beds and minimal furniture one can earn money but not reviews. We felt as if we were Guinea pigs for trial of this listing. One expects some salt  & sugar in any kitchen if not oil or any drink or milk. No instructions for wifi, no instructions to operate old style shades without them inside of house is visible to all without curtains. Searching key was one hour job and laundry place too.",0
312304401,5209282,2018-08-23,"We stayed 5 nights at this place and loved it. Great location, within walking distance to a lot of things and tons of shops and restaurants nearby - but tucked away enough that it is very quiet at night so you can get good sleep. Very easy to check in and out, Tania replied our messages very quickly, and everything was super clean. The weather was very hot during our stay, but there is a fan and it is not too bad if you open the windows. I would definitely stay here again :)",1
907866215805319517,15596713,2023-06-06,Great place! Easy to find and really pretty area.,1
1368040611979508884,1121629711054036802,2025-03-02,"Our stay at EMA House was absolutely wonderful! From the moment we arrived, the check-in process was seamless, thanks to the warm and welcoming staff member who greeted us. She was incredibly helpful in explaining how to use various appliances, such as the heater, dishwasher, and washing machine, ensuring we felt right at home. On our last day, I needed a vacuum to pack my sweaters, and the team went above and beyond to accommodate my request. Even though I felt like I was inconveniencing the housekeeping staff, they were incredibly kind and thoughtful, making the process effortless for me. The apartment itself was spotless, well-equipped with all the necessary amenities, and conveniently located just a few minutes’ walk from the tram. I highly recommend EMA House for anyone looking for a comfortable and hassle-free stay in the area. We truly appreciated their attention to detail and exceptional hospitality!",1
541453527,34105681,2019-10-05,"Close to shops, transportation which I loved.  Great communication Thank You 😊",1
525893778,32626611,2019-09-08,Upstairs neighbor noise midnight to 2 am every night really left this place to be desired.,0
1428183577908303471,889457239512430257,2025-05-24,"Very minimal and lacking. The host expected us to bring/buy our own bathroom soap, laundry detergent, nespresso pods. I would've appreciated at least a heads up in the check-in instructions that I'd need to prepare these ahead of time. It was frustrating for us to scramble to buy shampoo/body soap ourselves late at night and not be able to use the washer/dryer (which we explicitly filtered for when selecting this Airbnb). There was also hair on the dish sponge (would've expected a new one between each guest). Overall felt very cheap. Check-in times are a bit constrained so check your travel plans first. No flexibility with leaving luggage at the doorway after checkout.  Location is great and the apartment is very spacious. But unfortunately would not recommend.",0
1574678670638264097,1407461350686112319,2025-12-12,"Very disappointing experience and poor communication. I made this booking last minute, the evening before arrival, and informed the host within 20 minutes of booking that my flight would land at 22:40. It then became clear that the host did not want to allow check-in after 22:00 unless I paid an extra 25 CHF, even though this was only about one hour later. I was understandably worried about being left outside late at night and immediately asked to cancel the reservation. The host repeatedly read my messages without responding, or replied much later with vague and unclear answers. Despite knowing I would not be staying, the host kept my money. Given that this was a last-minute booking for the very next day, it clearly suited the host to keep the reservation rather than release it, as it was unlikely to be rebooked so late. Overall, the lack of communication, inflexibility, and unfair handling of the situation made this extremely stressful. I would not recommend this host, especially for",0
1297007565679247682,1268095793567489825,2024-11-24,Great view!! We enjoyed every moment we stayed home. Watching the view of the city and mountain was one of our fun activity. And very easy smooth communication with Dimi as well. Highly recommended!,1
926711414406410035,51588163,2023-07-02,"Unfortunately the apartment is inaccurately described. The apartment is a big studio and not an apartment with a separate bedroom. We had a baby with us and were counting on a separate room to put her to sleep.  After describing the inaccuracy and requested for a refund, Johannes tried to argue that he was considerate by purchasing us a crib (which I had to add money for), letting us stay “despite the listing explicitly stating that the apartment isn't suitable for children and babies” (I didn’t ask for an exception, he just approved our stay request) and by letting us check in after 11pm since our flight got delayed.  Johannes indeed made accommodations for us, but those weren’t relevant to the big inconvenience and injustice in having less bedroom than we thought we booked. I didn’t really appreciate his communication style after raising the problem and Airbnb ended up refunding me, The apartment is clean and modern but its on a noisy road so if it’s hot don’t count on the window",0
1545645568390257112,43144750,2025-11-02,nothing could beat this location for a first time in Zurich as it's right in the middle of the old town,1
452530589,9783843,2019-05-13,"Defect location and value for money. Neighbours not to friendly, accused us of being loud when we were all sick in bed with food poisoning.  Avoid Kennedy’s Irish bar!!",0
512436818,13879118,2019-08-18,"Great location. Beautiful apartment. Very clean and comfortable (extremely comfortable beds). It is a climb to the apartment, but the description is very clear about that. Hyesook was very responsive and a lovely host. Highly recommend it to anyone looking to stay in Zurich- such easy access to train station and bus lines.",1
1580494219250783254,1053787233741533365,2025-12-20,"This listing is described as an apartment, but it did not feel like one. The space resembled a converted motel conference room, and the layout felt awkward and uncomfortable. The setup did not match the photos in the listing. Upon entering, there was a strong musty, damp odor throughout the space. The smell appeared to be coming from an adjacent room or closet next to the smaller bed, which was left open. When I looked inside, there was visible mold in that area. The room was cluttered and did not appear to have been thoroughly cleaned. The main heater was not functioning, which made it difficult to ventilate the space during winter to reduce the odor. The bedding was also not adequate for cold weather; the sheets and blankets were extremely thin and did not provide sufficient warmth. I was also given only one bath towel per person (for a 2.5 week stay). Many surfaces were dusty or dirty, and the kitchen items (utensils, pots, and pans) would need to be washed before use.",0
1431112798114742988,1090467938620153379,2025-05-28,"We chose this Airbnb because we loved all the windows and beautiful view of the garden. We were EXTREMELY DISAPPOINTED upon arrival to find the black out shutters in  the living room area in the down position and INOPERABLE‼️ all the other shutters in the rest of the house work fine.  And the other huge shocking revelation was at 7 AM the Start up time for construction crew outside the bedroom windows with constant hammering and drilling extremely loud.😖😖😖 They took a one hour lunch break so you get a little relief from 12 to 1 pm and then they worked till  3 pm, so from 7 AM to 3 PM constant drilling and hammering.  I find it to be rather strange that nobody mentioned this in their reviews. I would’ve given this apartment five stars had it not been for these problems.  I stay in Airbnb’s all over the world and this is the only one I’ve ever stayed in that had zero kitchen amenities, no coffee pods no tea, there was also no OIL as  listed in the description. The hot water is minimal",0
56167754,4201898,2015-12-09,"The apartment was clean and in a very convenient location right in front of a tram stop. It was also pleasant enough, and the host gave us a better apartment than that advertised. That said there were a lot of basics missing - for example, we ran out of toilet paper, there was no soap, or any of the usual pleasantries of an Airbnb property - soap, tissues, salt and pepper in the kitchen. The major issue however was that the host did not warn us of the works ongoing in the building. We intended to work from the apartment during one of the days, but this was impossible due to the extremely loud drilling just next door. I'm not sure I would revisit.",0
909293098151815061,43790602,2023-06-08,"PLEASE READ BEFORE BOOKING. We informed the host that we would be arriving early for check-in, to which he replied that we could check in at any time. However, upon arrival, the keys (as another reviewer had mentioned) were not in the lockbox as described. We messaged the host, who did not respond for 2 hours. After a long day of travel we were forced to wait in the streets. After contacting Airbnb’s customer service, we finally got ahold of the host. He informed us that the reason the keys weren’t in the lockbox was because the cleaning person was in the apartment when we arrived.  When we finally got access to the Airbnb, not only were there five flights of stairs that were completely unmentioned in the listing, but the apartment had not be cleaned whatsoever. Toilet unflushed, musky smell, towels on the floor, bed unmade, couch a mess. And supposedly the reason we had to wait for two hours was because there was a cleaning service?  We got a refund and stayed elsewhere.",0
584528113,17267151,2019-12-30,"Want to start off by saying, Peter was a wonderful house attendant. He was attentive, responsive and willing to help me & my family with any request. Something we found strange was that we had to give a $1000 deposit in cash which was not paid via the Airbnb official app. Other than Peter and his hospitality, the house needs improvement. From the moment you walk in your told, “you can’t sit on that chair it’s over 100years old”, “be careful with the floor it’s government protected and needs to be treated with care”, “be careful with the lamp it’s 150 years old” not exactly a “warm welcome” after a long day of travel. The fact that we couldn’t sit down anywhere or touch anything made our stay feel unwelcome and cold. Additionally the house had many steps and floors with no elevator.  Back to the layout of the house- you walk-in past a couple of stairs and you reach the living area which is spacious. On the first floor you have an office room which is too old to even be in, living space, toilet and kitchen. We had an awful experience with the kitchen. The previous guests hired a chef that cooked a fish that stunk the entire space. The countertops were not clean and the lingering smell of fish made it impossible to be in the kitchen. The smell stayed throughout the entire trip.  The second floor had a master bedroom, bath, a room with a full bed and a massive walk in closet. The third floor had a third bedroom with a full bed, a mini living area with a TV and couch, and a bedroom with full bed. This floor also had a library with a pull out couch that should not be considered an extra room because the mattress is so thin all you felt were the springs.  Overall the stay was pleasant but not worth the price and we found the pictures to be deceiving.",0
1210001431147248857,28727397,2024-07-27,"The location is great and close to the train and bus station. The view is great. However, the fact that he lives there and his personal stuff are everywhere was so weird and made us feel uncomfortable. Also the flat isn’t professionally cleaned which is not ideal. He is responsive but sometimes he is aggressive with his responses and attitude",0
1699971840261046723,1597142201242981460,2026-06-03,we have been their guests for multiple years and never been disappointed. you know exactly what you are buying into. see you again soon,1
1441944481309771708,1176813416936440463,2025-06-12,The flat was fine and the owner replied quickly.,1
1713715481792057792,757668779179052466,2026-06-22,"Wonderful host, very helpful from booking to check out. Eddie went above and beyond to ensure that we had a good stay! Comfortable home, clean and well stocked; loved the decor, super hospitality and communication. Walkable to all we needed. Highly recommend!",1
1321679788628472970,1036850798381206910,2024-12-28,"Marcs place gets the job done, the place is run down and needs maintenance. The window won't lock shut so it pops open randomly, the bathroom sink leaks all over the floor, it says that the washer and dryer is available to use on the listing but it's not.  I brought up a few of the issues to Marc who told me to ""go downstairs on the first floor and find the property managers number to have the problems fixed and see if the landlord could give you a card for laundry"". There was no ownership responsibility with Marc at all and he pushes the problems of the apartment onto his guests.",0
468632436688120998,38354161,2021-10-08,The apartment is large and airy with a view. There is a Coop in the same building and the tram to central Zurich is right in front of building. It is also short walk to hiking trails or to the river.,1
490881430,2920590,2019-07-19,"Good apartment in a convenient central location.  Very close to the lake and transport.  There is a bit of noise from the street, but that's probably to be expected given the central location. Plenty of space for a family of 4. Compared to others in Switzerland the furniture is a bit tired, and the kitchen is small, but I'd stay here again if coming to Zurich.",1
1073848772377903319,929430258063594554,2024-01-21,Nice place for a studio but a bit noisy.,1
598383091284205463,41918871,2022-04-05,Take your own coffe maker and tepot for hot water. There is no towels also in the room. Also its laud on the streets drunk and stoned people make a lot of noise.  The scream they party a lot of night clubs are near by. Terrible,0
1694878809715456749,1522600714215220473,2026-05-27,"Hard time to get in, the external door does not open -, little apartment, no Air conditioning. The host was not responsive to calls only messages.",0
244180653,9929768,2018-03-18,"We enjoyed our visit enormously and enjoyed the convenience of the apartment to Zurich and the local area. The apartment was clean, well furnished met our full expectations. However, our apartment was on the ground floor on the side of a busy street that meant it was noisy at night. There is nothing that could be done about this but it was our only negative.   4/ 5",1
1533285788034122825,1218192580840856101,2025-10-16,"I had a very unpleasnt stay.  - First starting at the check in, there was a constrcution at the entracne. I kept moving back and forth looking for the flat until I found out that the entrace is behind the construction.  - As soon as I opened the door of the flat, I could smell a very bad smell. Later on I found some strange liquid in the trash bag wish I assume was causing the smell. - Also for the most important thing ""the noise"", which I asked Bahri about first thing when I requested renting the place. In his reponse and I quote he wrote "" yes it‘s indeed quite calm but there is a street in front of the building. In case the window is closed it‘s totally fine and you don‘t hear anything. "" The reality is, it is extremely loud when the window is closed, you hear everything tram, motor bikes cars everything. I had to sleep with earplugs every single night.  Early morning, starting between 5 and 6,  the street is never quite.  - The internet is very slow.  Overall this stay was terrible",0
517940382257628649,51161193,2021-12-15,The house is very comfortable，especially the bed,1
531696516,15782017,2019-09-18,"A nice host that we did not meet in person but through messages. The only thing that bothered us is the incorrect check out time that is different than what is written in the description, we had to check out by 9 AM. But that’s about it and everything else is Ok.",1
881665402401545522,841109685194952934,2023-05-01,"I’ve been staying there for 2 months, super nice and helpful staff, great location not that far from Altstatten train station and shopping center. The rooms were clean and comfortable, I can only reccomend!",1
774458849537153895,2920590,2022-12-04,"The place was in a decent location as it was walkable to shops & restaurants. The inside was as described,  pretty plain & simple. We found it terribly noisy at night (perhaps the weekend?) loud nightclub music until 3am. Some of the sheets had stains. Bathroom was not adequately cleaned from prior usage & we had inadequate bath towels for 5 people.",0
1685466975217504114,1638414990108088117,2026-05-14,"Negatives:  - Coffee machine was not working upon arrival - Host stopped replying to us after we let them know - WiFi was very inconsistent so we had to use phone hotspot instead  - There was no bathtub as listed, only shower with mold at the bottom. Very problematic when traveling with a baby - Temperature was consistently 23-24 degrees in apartment, even when 16 outside. We couldn’t sleep with windows open due to Airbnb being on a very noisy road - Someone (host?)  was renovating the apartment upstairs from our Airbnb at 21:00, using power tools . We had to ask them to stop due to sleeping baby. Even then they begged to continue making noise for another ten minutes  - Floor was not clean upon arrival. Long hair was everywhere  Positives:  - We called them ahead of our arrival and got early check-in, thank you! - Except for the noisy road, the Airbnb is located in a great location close to good restaurants and cafes",0
1485405098685830421,17918837,2025-08-11,"Great alt location if you are looking for a place that is quiet but near the city, the house is within 10-15 minutes walk from train station, bus, tram stops and grocery stores.",1
1613823772654255781,1343574955617458869,2026-02-04,"Not again. Poor apartment condition , issues not solved.",0
714333655513651586,29293306,2022-09-12,"Katrin’s space is a nicely decorated three bedroom, one bathroom apartment. She shares the space with two roommates. The apartment is well equipped with modern appliances such as a washer/dryer, and it is a 10-minute walk from the metro station which easily connects you to Zurich HB and the old town. We had some miscommunication with  check-in, but when Katrin realized the issue, she returned to the apartment to open the door for us. The price and location make this a good option in Zurich for budget travelers.",1
1449195126605875810,1287559299755026593,2025-06-22,"In a quiet area and walkable to the water, restaurants, amenities etc.",1
1700543150158775219,1597142201242981460,2026-06-04,Dimiter‘s place was perfect for our short stay in Zurich. Very clean and comfortable. I would book it again.,1
1216585101236934612,970725830571687661,2024-08-05,"Lovely place.   App-based locks and missing physical key left for some anxiety about getting in and out.  For summer stays, place needs air conditioning",1
1651510600216716450,1568299179431343419,2026-03-28,Frederich was a warm and responsive host. He was easy to communicate with and assisted me very promptly when needed. I can recommend a stay with Frederich.,1
1618808158570205296,17471935,2026-02-11,picture is a different look from reality of the building image.,0
1212959392786017469,1069667276421808005,2024-07-31,Alessandro was very cooperative and accommodating. The flat is very nice and comfortable. We had everything we needed. The surroundings a bit noisy but the windows double glazed,1
1318086556453005395,801866305812779717,2024-12-23,"Had a great 1 night stay. Was right in the heart of old town. Check in instructions were easy to follow. Very spacious. A few mild things: - there are 3 steep flights of stairs with no elevator. Can be tough if you have heavy luggage or unable to climb stairs - the floors are very very creaky and are unlevel in some areas. - Because it's right in the old town, it can be noisy at night These didn't bother us, but may bother some guests.",1
1623877042917978312,1279621343569754159,2026-02-18,Nice apartment in the middle of Zürich,1
677318958043930107,46215566,2022-07-23,"No AC , the road noise in the night",0
1707963895794668670,1372435353884053590,2026-06-14,"I really wanted to enjoy our stay, but unfortunately it fell short of expectations. The biggest issue was cleanliness—the bed sheets were visibly dirty when we arrived, which immediately made us uncomfortable. The parking situation was also very frustrating, with limited spaces and no clear guidance, making it difficult to find a place to park. On top of that, the neighbors were rude, which made it hard to relax and enjoy the property. While the Airbnb itself had potential, these issues significantly impacted our experience. I hope the host addresses the cleanliness concerns and provides better information about parking, but based on our stay, I can’t recommend this property.",0
1584104988624735262,1072603252203280627,2025-12-25,"Our 2 night stay at Frank's place was fine. It seems he airbnbs many apartments in Zurich because some of the apartment instructions and responses to questions we asked were not relevant to the building.  For the high price, it was surprisingly plain and understocked. There was 1 roll of toilet paper for 8 people, and not enough kitchen towels for dish drying - considering there is no dishwasher.  Additionally we struggled to print our city parking permit due to lack of prior communication around parking causing a pre-christmas printing scramble.",0
1692696026115101192,1500863003088833966,2026-05-24,"Our stay at this Airbnb was unfortunately not what we expected. The entrance is directly between a restaurant’s seating area, and as we brought in our five suitcases and tried to unlock the door, servers were walking around us to reach the kitchen. Inside, we had to climb three extremely steep flights of very narrow stairs, with no landing at the top, making it difficult and unsafe with luggage. The listing is also inaccurate: it is not 2 full baths and 3 bedrooms, but 1.5 baths, 2 real bedrooms, and an upstairs space that feels more like storage. There is no air conditioning, and although we asked for a fan, the host only replied the next day to say he didn’t have one. The apartment is extremely noisy, and closing the windows makes the rooms even hotter. The balconies were nice, and the location is central—close to the train station and not far from the airport, but overall, the heat, noise, unsafe stairs, and inaccurate listing made this a disappointing stay.",0
1212995161694479628,12860185,2024-07-31,"Sofia was extremely responsive, very friendly and always guest focussed. The room and the apartment overall especially the bathroom is small. The neighborhood is great, really in the middle of the old town but can also be very noisy.",1
1176711582663391424,941938190211119624,2024-06-11,Isabelle's home is beautiful.  i especially enjoyed the garden where I could sit in the sunshine sipping a glass of wine while I read my book.  very peaceful.   The room and bathroom were both lovely and very clean.  Thank you Isabelle!,1
1702781789985880332,1207104945422435921,2026-06-07,"Stylish, yes; sterile in a non surgical way, yes! There is a kitchen and a mocha coffee pot, but no complimentary coffee, not even for one day. There is no extra light bulbs in case one is burnt. Bring your own shampoo, conditioner and body wash. There is only a tiny bar of soap. One table light has no plug to be used     The modem is right on top of one of the night table. There are no blackout curtains and the only one that is thick enough does not even cover the glass door. The place is spacious yes, and a great bathtub, but the fact that you have to bring your own bubble bath bottle does not worth the value. If these amenities would have been included in this place, then it would have deserved 5 stars.",0
1447059274288599551,1158703683194834888,2025-06-19,"Read the reviews before booking.  Pros: - Convenient, near the bridge and near Coop. 8 minutes walk from Zurich HB - Clean, even though the bathroom and toilet are shared, they are very clean Cons - No fan or aircon for the summer, was really hot. If you close the window, there's no ventilation, if you open the window you can hear the shouting up till 4am. They do provide ear plugs. Trust me, you need it. - Walls are crazy thin and there was this other tentant who was CRAZILY BANGING on the door at 2am. That I think woke everyone up. - I had other booking made at the same accommodation booked at the end of June (end of my trip), but it got cancelled just about 2weeks before.  Host just stated as maintenance issue, which left me with no choice but to book way more expensive accommodation.",0
1355802796736203829,1207146175320917286,2025-02-13,"The place is great, very well located, near the train station, very secure, checkin and checkout was fast and easy. The comunication with the host was greate, he was very fast replying and very kind. I would stay there again.",1
221915273,10871301,2017-12-28,Perfect location - perfect host! Can strongly recommend Tania and her properties.,1
506004364,10215725,2019-08-10,"No question, this was our worst AirBnB experience ever in 12+ years of bookings. Bedbugs in the pillows left my husband with welts on his face and hands our first morning there, followed by an allergic reaction and two weeks to heal, not to mention spending endless hours after our visit laundering all our clothing, and cleaning everything that went with us on the trip. As we alerted the host to this and various additional issues (see below), she did not apologize or take responsibility: it was all just taken as information we were providing her with vs a total failure to provide a hospitable experience for paying guests. Her response to the bed bugs report was an appalling, “Thanks for the information,” and a long explanation of how this is not her fault, not an issues of cleanliness (despite myriad cleanliness issues in the kitchen), likely the fault of a previous guest, and on and on. No apology. No offer of a refund. A truly stunning response to a completely unacceptable experience.  The other issues with the flat obviously pale in comparison but are worth enumerating, presuming the bedbug issue ever gets resolved. This was a zero hospitality experience from start to finish. Pots we wanted to use to make dinner were found in the cabinet with food residue still on them. The coffeemaker’s water reservoir had mildew + discarded coffee pods from previous visitors and uncleaned layers of residue in the discard bin. The oven did not work; we alerted the host; she did not offer to fix it and implied it was our error. We spent our own time fixing it: it was not our error but a malfunction that a repair person should have attended to. The washing machine listed as an amenity with the flat is not actually accessible to renters without making an appointment with the host and going to her office (not on-site) to collect an access key. The bathroom is in dire need of an update: I barely wanted to use the shower it is so old and unpleasant. The kitchen has - literally - nothing to offer besides salt and pepper: no olive oil, no small pack of sugar, no couple of coffee pods for your first morning, none of the usual AirBnB “welcome and feel at home” touches we encounter elsewhere almost universally, certainly in places rented at this price (and which would cost the host next to nothing). The decor is in the style of late ’80’s mismatched Ikea. All in all, the entire place reeked of, “I am in this to make money while doing as little as humanly possible to get it.”  Given what Switzerland has to offer in terms of cleanliness and hospitality, we cannot recommend that anyone stay with this host.  Oh - except there is an elevator. There’s that.",0
521567258098180100,22137695,2021-12-20,The room is very clean and tidy. Streahinja prepare the some snacks in the apartment. But the parking lot is difficult to find. There are some limited parking areas we cannot to park.,1
1569522991432069968,1029678068860825601,2025-12-05,"The apt is exactly as advertised. However, we had a very unfortunate incident where we have been accused to have lost the apt key and were pushed to pay 1k for the replacement of the locker which was not need at the end. I, fully pregnant, was staying with my husband and a small child in the apt and since we were given only one key we used the locker for storage as both of us are working. The key was removed by another airbnb guest as we later found out which lead to the situation: me alone in the cold (0 degrees) with my baby waiting for the key service which did not arrive until 2 hours later. However, this was nothing in compare to how I was treated over the phone by the apt manager - I will spare the details. It was already late in the evening and my baby was crying for nearly two hours straight being exhausted. This did not prevent the manager to shout at me over the phone without even one moment of sympathy. After this incident we moved out one knight earlier.",0
1436840971342081728,1115154631828835298,2025-06-05,"Big room and good bed, we had a nice sleep while staying there. The room is located near many restaurants that have good reviews on google, also walkable from Zurich HB station, but we used tram to get there which is easier. ***Not recommend for woman with heavy 26”-28” luggages since there is no lift and narrow stairs****",1
1452816638957955988,784790506221484152,2025-06-27,"The apartment has a great location and was very clean. However, there were no big fans or air conditioning, and it was extremely hot during our stay in June, which made it difficult to sleep at night. Also, it's on the second floor with no elevator, so guests with heavy luggage should be aware. Overall, it was a good stay.",1
928780524407209811,883822562499681135,2023-07-05,"Incredible apartment, right by the train, we will stay again!",1
1657271024699646269,1544356289349935498,2026-04-05,"The experience with the apartment was awful. The apartment was quite dirty, and the worst part was that all the sheets and towels had lots of hair on them from previous guests. In addition, there is a bar downstairs, and there were drunk people shouting all night. The apartment was very poorly soundproofed, and it was impossible to sleep until they finally left at almost 5 a.m. NOT RECOMMENDED",0
1626772510915790443,1597099565807355782,2026-02-22,Affordable studio with everything we needed for our Zurich weekend! Convenient and walkable location from the train station.,1
1701390433661381121,1335415072851654786,2026-06-05,It was nice location walkable easy to get bus and train  Felt we are at our home,1
757731105,32053770,2021-05-13,"Host is unreasonable and deceptive. I stayed with the host for 20 nights and paid over 3K of which 500CHF in cleaning fees!  I cleaned the entire apartment from start to end— And upon checkout the host wanted me to pay an additional 200CHF for a little dust in a corner. Host. By far worst host I ever experienced. I had to was all cushions, sheets and towels because it was all dank. But the absolute most disgusting part was the hosts condescending nature and how rude she feels she has to to be with whoever she wants.  She absolutely takes advantage of her position and is shady and manipulative—Also the ‘host’ over uses exclamation points.",0
50649886,8126239,2015-10-13,The apartment is well furnished and tidy. The neighborhood was really quite and near the city center.,1
1407172000509947504,48143955,2025-04-25,"The apartment itself was fine — the location was great, access was easy, and communication with the host was smooth. But unfortunately, my stay was very disappointing because there was no hot water throughout my entire stay, which is a basic need when renting a place. 😥Importantly, the issue did not start on the day of my arrival — the host admitted it had happened earlier but didn’t inform me. Had I known, I could have made other arrangements! Additionally, the bed linens were dirty — full of crumbs and cat hair. I reported this to Airbnb with photographic evidence, I have allergies, so it caused me a lot of discomfort and required taking medication:( Due to these serious issues, I had to contact Airbnb support to request a refund. Staying for three days in cold weather without hot water is absolutely unacceptable🙅🏻‍♀️🙅🏻‍♀️",0
901955131969418837,24054809,2023-05-29,"Very clean little apartment, had everything to feel right at home. Very convenient location as well with transport links to the city, or it was just about a 40 minute walk. Would definitely recommend!",1
1652894496425476328,1522377156160724776,2026-03-30,"Good place, but it is way smaller than the pictures. It is not walking distance to the tourist areas, but it is close enough.",1
468594108993040645,51141201,2021-10-08,"100% do not recommend to stay here. We’ve got not properly cleaned room with dust and dirty bad sheets (old blood stains or something). We asked to switch it and they didn’t do that. Also the person who manages the Airbnb account is based in Dubai and doesn’t give you any help with some apartment issues. She just gives a general info about the place. In the place there’s only a security man who keeps a key. When we come, he wasn’t aware about our reservation (but it already was paid and approved by host).",0
164101750,17529228,2017-06-26,"Norell place was a small, cute place located about 1 mile from some of Zurich's main attractions. Her place was perfect for an extended stay and offered a great kitchen, laundry and all the necessities I could need for 8 days. Norell was extremely helpful.",1
670060271230910485,19133540,2022-07-13,"As other reviews have said, the place lacks basic needs such as soap in the shower area, no cold air conditioner OR even a fan, you will be awfully hot in the room. The bed mattress is old, uncomfortable (sagging in the middle), the pillows are terrible. The bathroom is very dark, the old light bulb is not bright at all. The checkout reservation said 1pm but the host will message you to leave at 12pm instead, stealing one hour from your paid time. The neighborhood seems dangerous, there's graffiti everywhere. Also, since there's no air circulating, you will have to open the windows and all the neighbors seem to smoke and you will smell like cigarette all the time. There's a lot of noise from neighbors. There is no lock-box inside for valuables. There is no microwave oven. The TV is useless, there is no cable, zero channels. This place is worth a quarter of what was paid. The price was way too much for the value received. There are no blackout curtains, you will sleep with all the light outside. The shower drain is clogged. There are visible cockroach traps everywhere, giving you a hint of how nasty this place really is. It is a very old, uncomfortable dangerous place in my opinion. Overall the place is very overrated.",0
642124644,898829,2020-07-25,"The stay was ok except the fact that Pietro was a little territorial about his kitchen!  He would hover around till the time I finished cooking. It became really uncomfortable using the kitchen after a point! If you need a kitchen, as I did, I wouldnt suggest the place.",0
1513001935184281125,1394371538394035889,2025-09-18,"Jaybee’s place was just as depicted in the app. Very cozy with a balcony, TV, microwave and counter top oven. The place is also situated near public transport and riverside park.",1
416881497,15654860,2019-02-25,"The place is ideal for families or groups of friends. It is a bit pricey but it saves you from having to deal with Swiss rules about separating garbage, not doing laundry on Sundays or having neighbors that complain about flushing the toilet during the night. It is very close (5 min walk, 1 stop by bus) to Oerlikon train station where you can go to most places in Switzerland or go to the city center in only 5 mins. There are a lot of shops nearby, which is very convenient. The building has an elevator, which is helpful if you travel with a lot of suitcases. The best features for me where that the kitchen was well equipped (eating out everyday in Zurich is super expensive) and the check-in is done through a safe box so you don’t have to worry about being there at a specific time, specially if you’re arriving by plane. Anna was very helpful, responsive and nice. The place might look small but it’s average by swiss standards. It is enough for 4 people, perfect for 2.  I highly recommend it, specially if you’re looking for location and convenience and prefer to pay a little extra instead of worrying about learning complicated Swiss house rules.",1
646200139307962962,52105457,2022-06-10,"The flat and the room were really nice, welcoming and well located. This, and Francesco's lovely roommate made me feel like home!",1
1682619798848071705,1394371538394035889,2026-05-10,"The apartment is well located and although small, the space is quite well arranged. The one significant problem I encountered was that it is very well insulated, but not very well ventilated, so it became very warm inside even when the weather was not especially hot. Sleeping with the balcony door open made it bearable but I think this would become quite unpleasant in summer weather.",1
951329134475326259,17506390,2023-08-05,"Good location ,but so noisy at night  and lack of air condition is the major issue. You can not open the window because of noise and without opening the window due to lack of AC it is hard to be comfortable.",0
779540863026174143,722414784205602391,2022-12-11,"I was there with my father. He absolutely loved the place, is full of beautiful plants and the apparment was spotless. we really enjoy our time there",1
1362994576513888565,970725830571687661,2025-02-23,"Great place to stay. Very walkable for going into Old Town, and the place had a great view.",1
841154079739128873,19678667,2023-03-06,"I was staying at this property for 9 days from 25/2-6/3 and sadly this flat didn’t meet my standards or expectations . It’s completely unmodernized  with creaky floors , very bad soundproofing, a lot of appliances didn’t work , especially essentials like oven. Very dirty communal washing machine and the dryer . Very dated kitchen and the bathroom . Over all very disappointing stay , the flat isn’t worth what I paid for. The only good thing is location.",0
1256456454336445061,36477818,2024-09-29,Eric is a boss and let us stay in a proper Airbnb,1
445818546,17969667,2019-04-30,Please be careful about the apartment. There is only 1 bath and 1 wc. The listing is misrepresented as having 2 baths. Tania considers wash basins as baths. There is only 1 bath and 1 wc meant for 8 people. When complained at checkin the host doesnt respond for 2 days leaving you in trouble,0
1228885734842583659,1223915955089385790,2024-08-22,"This is a nice place - but we faced issues with the flat on arrival. There was some hair on the bed, dust on the floor and the toilets had not been flushed (there was urine around the toilet basin). As a result we left the place immediately upon arrival to check into a hotel.  Note as well we didn’t know there would be no air conditioning (and during the summer, Zurich can reach 30-34C temperatures.  We asked for the funds we paid to be returned since we didn’t stay in the flat, but unfortunately the host was not willing to return the funds we paid.",0
918662482760457109,789774947575143611,2023-06-21,"The location was great for our needs. Lots of space for four travelers. Trains, trams, and buses are all close.",1
1701439091563619441,1580668821455797863,2026-06-05,"The apartment is located in the dodgy end of town and it and the room were not very clean. The living area had a smell and was quite hot, the bathroom was messy with clothes piled on the drying machine, and the room itself was dusty. It was nice to have a double bed but the mattress does not have a protector and is stained and has hair on it. One of the main reasons I booked this place was because it had a washer/dryer but the owner did not inform in any way that the dryer was not working, so when I discovered this at 9pm I had to hang my clothes on the bed and in the wardrobe because the clothes hanger on the balcony is tiny and they were still wet the next day when I had to check out. I know Zurich is expensive but the price for what was provided here is not acceptable in my opinion. It's worth spending a bit more for a clean hotel room and private space instead.",0
1496309372902536020,1475873485848650030,2025-08-26,"Everything is ok, just the kitchen basin problem. Thanks for everything...",1
965802550572715237,29990656,2023-08-25,"exactly as shown in the pictures and clean.  close proximity to the city center, anywhere you want to go is easily walkable (aside from getting to/from the airport, i didn’t use public transportation once).  beware of the slope on the ceiling of the shower, if you’re tall you’ll basically have to stand in place.  do note that there is no A/C so if you are unlucky to get a heat wave, it could be quite uncomfortable as you are on the top floor.",1
1493373268148843519,1171879492281441209,2025-08-22,"mattress with no cot, no wifi, location close to public transport trams, small room and little difficult to find the key to get in.",0
1589157820959089951,1265164153559762769,2026-01-01,"We stayed only 2 nights but paid for eight because of Health Issues  There is mold in the Bathroom and place was not satisfactory sanitized  We could not get a response probably because of the Holydays Waste of money, not worth what we paid for",0
1473884598919230860,598510790872486016,2025-07-26,Location is everything about this place. You can walk to everything in old town and Rafa is an incredible host!,1
536613190,14781925,2019-09-27,"Alex is one of the nicest and kindest persons you ever come across. It was the first time for me to stay in somebody’s private space, but Alex went out of her way to make me feel at home. Would stay at her place anytime again.",1
687112181521261315,34674097,2022-08-05,"This list is deceptive and should not be on Airbnb. The apartment is extremely small, not to mention poorly ventilated (no fan despite one being mentioned, no AC, windows on one side which provide no breeze at all). Also, the apartment is very poorly lit to the point that there are no ceiling light fixtures and the lamps did not seem to work.",0
614692863,17471935,2020-03-06,"Don't be fooled by the wide angle pictures like me. The place is tiny. It's not worth be price for a day, definitely not if you need it longer term. Finding the place was a pain at night with no lights. They have a locker box that is no where to be seen. The address I received was incorrect. The instructions don't mention the apartment number. SHORT STAY: The bed is missing some slats and you feel them every time you turn to that side of the bed. The lobby has a very heavy smell of cigarettes and there's on overall cheap feeling to the place. FOR LONG-TERM STAYS: In theory it has all the amenities, but everything seems to like a reject from the flea market that never sold. The pots are de-shaped and have permanent stains on them. So do the utensils. It feels like they never bothered to check / clean things after the last guest left. The bathroom is tiny and you have to shift around before you can close the door (and I'm a slim person.) The shower has no door or curtain so the entire thing gets wet after every shower. The water might get to the bedroom if you're not careful. Won't return. Won't recommend. Will strongly and vehemently discourage!",0
1660104634318744144,1578898127565020354,2026-04-09,"value wise this place is great. It has all you need in a great location but it wasnt a “5 star experience”. We got the wrong key and although the host responded very quickly, it still took 1h to get someone to bring us the right key. The sink was a bit clogged which made it hard to use properly and the toilet didnt always flush very well. The shower head was broken as well which meant water flew everywhere. For the rest everything was very clean and exactly as seen on the pictures, definitely worth the stay for a great price.",1
1012190887211767090,50050472,2023-10-28,"Everything you could ask for in a prime location, communicative host!",1
713631442213921857,50812304,2022-09-11,"First of all, I was really disappointed in the fact that Sebastian was aware that there were two guests staying at his AirB&B from the initial contact, and only the day before check-in he sent us a message asking for additional funds for a second guest to stay. This blind-sighted us, as the additional fee wasn't outlined in his listing description and throughout our conversations leading up to the day before check-in. When addressed, he was very rude and unaccommodating and we were left with no choice but to pay the additional ""guest fee"" as we were left stranded with no international service to be able to voice our concerns with AirB&B appropriately and in a timely manner. Secondly, upon arrival we found out that he actually provided the wrong building address in his listing, which caused us a lot of distress as we were lugging our luggage around in the rain to find the apartment building. Once we identified the building, which was in a separate message, got inside, we found all of his personal belongings were scattered about, which he indicated ""just to ignore"". There was also an infestation of fruit flies, which we also addressed with him, and he wasn't accommodating to this issue, which left us with an uncomfortable stay. The bathtub was clogged and caused disgusting, dirty water to build up around our feet to our ankles during showers and he didn't provide a shower curtain which had us having to constantly clean the water that splashed out. Additionally, the ""second bed"" sofa located in the living room, wasn't connected securely, and kept falling apart in the middle of the night, which disrupted our sleep. While, Sebastian was responding to these issues, he wanted to do them offline (off the AirB&B platform) which I was not comfortable with. As wonderful as the location is, I would not recommend staying with Sebastian.",0
1191940251372784361,1008550014622306301,2024-07-02,"This was quite a basic stay. The location is very convenient, only taking about 10 to 15 minutes to get into the city. However, when we arrived there was a puddle of water from the radiator and when we used the washing machine the grey water was not plumbed in, resulting in all of going on the bathroom floor.",0
1207836113491944506,799287406768677423,2024-07-24,Wonderful apartment in a great neighborhood. Very close to the tram/buses. the apartment was clean and had a lovely balcony. I would highly recommend staying again in the future.,1
313423642,9785013,2018-08-25,"It is well located apartment, matching the photos and description. If travelling from UE, plug in adapters are needed. Checkout was done unproperly, overlaping the next guests arrival while I wasn't checkout yet. Awkward situation that ruined the perspective of my stay.",0
1605074149490148833,1058047135754232978,2026-01-23,"Very, very spacious for gathering with a group of 10.",1
520971510,5350564,2019-08-31,The place definitely do not look like the place really is. In addition it is a very small unit,0
649109970539933338,50050472,2022-06-14,"I don’t understand the reason which he wants that you clean his “apartament”, and do what the person in charge of cleaning should do,  he was a little rude, his “apartment” don’t have elevator and he won’t help… Anyway, his price about his “apartament”  is too much for what it really is. But, when the people have hurry might pay any price.",0
338753128,15169764,2018-10-20,"Tania was a very accommodating and communicative host.  When our first apartment option did not work out, she offered us 2 other options or a full refund, all of which were very acceptable - we opted for one of her other apartments.   The apartment we selected was very clean and neat and had all the basic amenities.  Waldmanmstrasse 8 was perfectly situated, central to everything - the University, restaurants, stores, a good grocery, walking distance to the central train station and 2 blocks to the tram. The most important thing was that Tania helped to make everything work out and our stay was very enjoyable. The best recommendation I can make is to say I would work with Tania again.",1
173810592,16263857,2017-07-24,"The good: location. You can't beat staying right on the river.  The bad: location. Open your window and cigarette smoke fills your room from the smokers' cafe below.  The real problem we had was when we arrived to meet with our host, there was no one around. Messages through Airbnb, a text and an email went unanswered. This is after we were asked to contact the host if we would be late. 35 minutes with no communication is a long time to wait and wonder if you have a place to stay. Had I received a message that the host was running late, that would have been fine. It was the not knowing that was the problem. We even knocked on an apartment door and asked if they knew Blanca. Despite the fact that our apartment turned out to be next door, the woman who answered had never heard of a Blanca.",0
1239074997607564781,1138498635029076634,2024-09-05,"No clear instructions on check in, which is inside a shop, not communicated. The gentleman who showed me to the room was very polite. The kitchenette is a wooden board with a sink and a microwave. The bed was pretty uncomfortable. I was spoken to very rudely when told to check out at 11, as if the staff assumed I wasn’t going to check out at that time. I felt awkward using the toilet before I left, it was like I wasn’t wanted there and had overstayed my welcome. Staff saw me leaving, didn’t offer to help with my heavy luggage and didn’t even say goodbye. Not worth the money.",0
523195242,34995176,2019-09-03,There was some smell in the flat which could not be removed even with the windows open the whole time.,0
1690575023221629742,1218649224287388367,2026-05-21,Beautiful apartment and a very helpful host! Definitely worth it.,1
1392704272730880885,1178714421579593210,2025-04-05,"Check-in was smooth and the location was convenient, with easy access to the tram. However, the overall stay was disappointing.  We also noticed spider webs in several corners, and basic amenities like shampoo were not provided. For the price paid, we expected at least the essentials to be in place.",0
1194826685166919997,807673500411077145,2024-07-06,"Ordinary location. It was very difficult to find parking. I lived on the fifth floor without an elevator, a very tiring experience",0
851980895908041139,40544740,2023-03-21,"Comfortable enough apartment in great location,  unfortunately the price was raised by 15% a few hours before check in because I mentioned we might be 2 people at some point. So, 15% increase went to 1 extra towel, and 1 extra blanket because none of the blankets were big enough for 2 people. All in all great apartment, but considering the linens and towels were old and uncomfortable, the price increase was disappointing and strange.",1
1483286980314790952,1123702487962688203,2025-08-08,"I had a very bad experience with this host, especially due to his rude and uncooperative behavior. The pictures on the listing look good, but in reality the apartment is very old and poorly maintained. The washroom was not in good condition, and the overall facilities did not match what was advertised. For the price I paid for a 2-day booking, it felt like a complete waste of money. I would not recommend this place to anyone.",0
456267770841167213,45870795,2021-09-21,"Lovely apartment, well stocked, and close to public transportation making it easy to see the city.",1
1436897177396375816,1305653437205466463,2025-06-05,"the place was neat with great view and potential, but not well set up with minimal furnishings (bed, sofa, table/chairs and couple floor lamps, literally nothing else). no window coverings so got light early (said would put some up so might want to check if now there) since lots of windows and skylight over bed. smoke detector was missing, had problems with WiFi being too weak but that was finally resolved. floors were coming apart (gaps in photos) and tall weeds on terrace. lots of children in building which were loud late. many reviews posted were not for this location.",0
1197691717651028786,1141051025975080426,2024-07-10,"Great place :) so quiet and peaceful area of Zurich. The price is worth it! Great attention and communication from the host and the place is so clean and well maintained, I’ll definitely come back when I return to Zurich",1
1369467801130985565,813360337250214922,2025-03-04,"Very cozy room in Zurich, 2 mins to the train station, very convenient;)",1
699854676028332538,48022280,2022-08-23,"The room perfectly fits one person,  women only makes me feel safe. Room looks perfect, small but all needed facilities are included. 2 things that can be improved are checkin and cleaning. Host sent the wrong password, but host didn’t respond me for 1 day after I messaged.  I waited outside for 1 hour before I figured out the correct password myself.  As for cleaning, I hang the tag outside before 11am but the room was not cleaned. Hope this can be improved.  Over all it’s a quite good place to stay and close to the center. Recommend!",1
1183221802410367665,1147229433785589900,2024-06-20,"Booked the place for my wife and her niece.  I must note that Michael doesn't offer any flexibility while checking in, 3 pm is 3 pm! Also you must not expect him to give you recommendations on what to do. I would suggest him to revise that in his listing. He will ask you to refer to Trip Advisor!  He gave  a wrong code of the Key safe, which made the two ladies  struggle with it for over 45 minutes. That was an inconvenience!",0
346933565,24566855,2018-11-10,"Overall, ok, but I would not recommend staying here for more than one night. Very busy nightlife location and bed linen was very old and used. Very uncomfortable night’s sleep.",0
929505306879583162,784790506221484152,2023-07-06,"It was the biggest number of rules and demands from the host that I faced in my Airbnb history.    The list of expectations from the guests does not match the quality of services provided. The first day we came it was a huge late night party next door. From time to time groups of people walk outside making a noise during the late hours. The floor down there is a reconstruction of apartment. It is noisy routine and the dust covers all the stairs down to the first floor. The environment of the apartment very ascetic. There is no a single decoration. Even broken hangers tight to the frame by a rope. The are no channels to watch on TV. No iron. The laundry room in the basement is dusty. The molded bathroom, tab clog, distorted toilet seat - it is owner's attitude toward the guests who are required to wash and place back all the dishes. It feels that the place is running by company and hospitality is not their priority.",0
482324665,20636301,2019-07-06,"Very spacious, really conveniently located right by main train station (5 minute walk or less). Very comfortable beds and bedding, stylish space. We used to live in Zurich and this is a gigantic flat. Four really large bedrooms and large kitchen/dining/lounge area. Washing machine and rack for clothes drying in apartment. The only bizarre thing is the location of the toilet outside the flat down 5 stairs. There is a sink and shower in the apartment but the toilet is in a room off the stairwell. It is private, not shared with anyone else, just an odd quirk of the building and a non-issue during the day but slightly annoying if you get up often at night to use the bathroom. That wouldn’t stop me from staying here again. It’s a great place!",1
1000564165019545715,283737,2023-10-12,"If there was only one word to describe this property it would be ""seedy"".  On entering the property we had to climb over a number of bikes dropped in the lobby.  The advertised lift did not go to the floor where the apartment was, so suitcases had to be hauled up or down the stairs.  Opening the front door, we were assailed by a musty smell.  There were no white sparkling walls as shown in the ad.  The property looked like it had been used as a student flophouse for a decade.  The floors were very dark and the walls grubby looking.  The worst parts were the shower and toilet.  Bore no resemblance to the photos.  The shower had a glass/metal 3 leaved door that left a very narrow opening, not a curtain as shown.  The toilet was virtually inaccessible, with a sink in front to the left and water pipes to the right. I am a larger person and was not able to use the toilet at all (not so big that I have ever had this problem before).  We left immediately and had to check in to a hotel.",0
1520276529079279458,1382253803866510037,2025-09-28,"We booked this apartment because it was advertised as non-smoking, but unfortunately the space had a very strong cigarette odor throughout the unit and even in the building hallways. The smell was overwhelming, and despite following the host’s instructions to try to reduce it, it did not go away. This was especially concerning because we specifically chose a non-smoking property for health reasons. In addition, the flat was extremely noisy at night. One side faces a busy street and restaurant patio, while the other side faces a restaurant courtyard. Patrons were outside late into the night, which made it difficult to sleep. Between the cigarette smoke and the constant noise, this was not the comfortable stay we expected, especially at this price point. The location itself is convenient, but if you are sensitive to smoke or noise, I would recommend looking elsewhere.",0
1230289594501173628,2920742,2024-08-24,"This was the worst Airbnb experience I've ever had. The room was much smaller than advertised, dirty, smelly, and had an inclined floor. The cleaning staff was rude and unprofessional, and they tried to enter our apartment late at night, likely with a key. We felt unsafe, had to call the police, and ended up booking an expensive hotel last minute. I wouldn’t recommend this listing to anyone.",0
1192655781898145092,33740170,2024-07-03,"Lots of rules. Lots of possible surcharges. Not a great location. Small room with the stiffest ikea mattress. Host is communicative so I think he thinks he means well, so I hope this feedback is taken constructively.",0
1209356757367611400,45433216,2024-07-26,"This light bright, two bedroom apartment was perfect for our family and centrally located with great access to the river, the lake, and numerous restaurants and shops.",1
160762174,14861181,2017-06-15,"For a few nights this place would be fine, if your here to party for example, then it's prime location.  Any longer however and the noise on the street and the shady people is a real turn off.  The flat itself is modern and functioning so this is not an insult to the host itself but think it's fair to say the outlook from the flat and all that entails was grim and depressing.",0
1697033760562127780,1536360759886464336,2026-05-30,"My stay was ok, manageable.  Place is very close to Zurich central - that is good thing about it. But in my stay i faced  - Only one bathroom functional - Kitchen  sync got blocked and had to wait fo rwater to go  - my time wasted - the apartement infrastructure allow either hot water or kitchen gas stove to work at a time - No lift to apartment -  I have to carry all my luggage to 2nd floor etc.",0
1319467636838098176,917861021749645073,2024-12-25,"We were extremely comfortable and it felt like home for four weeks. Location was very central and was steps from a tram stop that made it easy to access The Opera House area, haute banhoff (HB), Kruetsplatz, and Stadlehofen. Also very convenient to groceries and pharmacy. We would consider staying there again.",1
729464385534961545,33085569,2022-10-03,"rooms temperature is uncomfortable, too hot with no way to cool it. ongoing construction on the road next to the hotel, very noisy and very ugly vew",0
356399609,16819240,2018-12-08,"Great spacious apartment in a great location close to Zurich. Supermarkets, restaurants and bars a short walk from the apartment along with the public transport.",1
1198403618354577863,743035,2024-07-11,"We enjoyed our time at this quiet, peaceful, and serene guest home. It was great to be just a few minutes walk to the train. Perhaps most appreciated was all of the helpful communication with our amazing host - before and during our trip to Zurich. I can’t wait to make it back someday.",1
1680413107976035138,1552067909365964576,2026-05-07,"Great location for Theatre 11.  Nice spacious flat with large windows that open and a small balcony.  Very loud noise from the street. The apartment was quite dirty.  It hadn't been vacuumed or dusted. There was long hair throughout, especially in the bathroom and shower.",0
1105747656102786697,1067161910397657849,2024-03-05,"Charles and Karina were the perfect hosts...Karina came to meet me at the central station, they were meticulous in explaining the accomodation and the surrounding area, and nothing was too much trouble.  I often stay in this sort of accomodation, but Charles' place is exceptional!",1
1200635071857898913,984616989517243450,2024-07-14,I had a great stay at the place. The environment is quiet and peaceful. I have a good rest.,1
1518754434696996008,1501493836844758194,2025-09-26,"Unfortunately, my stay was not very comfortable. The cleanliness did not meet my expectations – the bathroom had an unpleasant smell, and the room itself could have been cleaner (there were hairs on the bed and the floor wasn’t spotless). Since I arrived quite late in the evening, I stayed, but otherwise I might have considered leaving. With some improvements in cleaning standards, the experience could be much better.",0
1505002412878681112,1203042518304587916,2025-09-07,It was not a nice stay. The bar below was playing loader music up to 3am and the blackout was not enough with too much light getting in the room.,0
1237586617373419453,944841423325467645,2024-09-03,"We were not happy with the service, there was lots and lots of flies in the room we couldnt sleep at night. We told them to change our room or do something about it the first night nothing was done and got told the next day it will be sorted but wasnt. The next night same issue.  The room was extermely hot exactly like a sauna no airconditining, just a fan was ridiculus.  Overall customer service was bad.",0
1110788169137179552,14823254,2024-03-12,behaviour isn't good. she is not co-operative.,0
513991200,14659604,2019-08-20,This is a good place but be aware that the tram line runs behind the apartment complex. Will be noisy through the day. The convenience of the tram being nearby is also an inconvenience due to noise. There is an apartment hotel behind which throws a lot of light through the night so you will need to close your blinds thus reducing air flow in summer. Next time I would ask for a fan in summer!,1
1698569096669865312,1601613438196886596,2026-06-01,Toilettes such as hand soap ran out and no shower gel in the bathroom despite included in listing. We rented the place and should have the freedom to open the windows and blinds as we like. Privacy is a basic right and should be respected at all times. We do not appreciate being pried on and playing housekeeping.,0
1457249083083108258,1445715762929959303,2025-07-03,"We really needed a place with air conditioning for our health. We messaged asking if the AC worked. It did not keep up with the heat and was worse than being outside. It was over 90 degrees inside for over 24hours. In my opinion, they lied about the AC working and overcharged greatly for this location and dangerous conditions. There were swarms of flies in every room as well. Otherwise a nice place, but not during the summer. I would avoid this place unless you are coming in spring, fall, or winter. Do not come in summer.",0
667187481906802886,602777194891984917,2022-07-09,the whole place needs to get things fixed before asking people to come. it's just bad when people feel like it's a bait and switch. the house js advertised as if it's a rare find. I have stayed in many many it is a very rare occasion where I showed up at the place and refused to check-in that's how bad it is. The room was not ready and there are used sheets in the bed when the room was shown to be and I have seen what the maids did to clean and get the room ready for me in 2 minutes  I refused to sleep on that bed as I felt it was not clean at all or in any way ready for someone to sleep during Covid.  the showers are shared and are like 10 doors down and I was told the wifi is not strong I need to sit near the restrooms on a couch in common area to get wifi.  this is not what was advertised. it's bad. and my first bad review I thought again to see if I should even review. I think people should know how bad this place is before they show up. the parking is a joke it's non existing.  the entrance looked like a dumpster and they said they are doing renovation so can't enter thru main entrance so has to be taken thru the backdoor. please avoid this place if you can find better place. I lost €160 because I don't want to stay but I am glad I did not stay in the place,0
1704930533938589991,1539129718155020961,2026-06-10,The flat is on 4 th floor...we had to carry our luggage by hand ..no lift in the building.... neighbour started complaining about noise of our luggage being dragged to the flat . The lock was not visible at night and it took 20 min to open the lock and get the keys ...the hot top was difficult to start ...the sofa cum bed was difficult to install and neighbours complained when it made noise ...the flat floor makes noise even when one walks normally on it,0
1403597145350517787,1200097194331286484,2025-04-20,"Nice apartment, but it’s around bars so it could get noisy at night.",1
1503576325213585441,1435136529048616818,2025-09-05,"Overall, the apartment was clean, but I had several issues that made my stay unpleasant and below expectations. The washer and dryer unfortunately did not work for us and gave error messages. Since this was a short stay, we were mostly out and did not have time to arrange for maintenance or wait around in the apartment. In the bathroom, the condition was disappointing. The plastic sheeting in the bathtub drapes down and extends across about half of the floor space, which makes it very difficult to stand without constantly bumping into it or hitting the wall. This setup feels cramped and unhygienic. Additionally, the shower head is not functional: the lower part sprays like a jet while the rest only drips down, this made it very hard to shower properly. The host is responsive, which was good. They also mentioned that this home is under construction, which is not listed anywhere in the listing. I was hoping for a higher level of quality and functionality based on the images and price.",0
1444152104557506570,1421080372360201323,2025-06-15,Very aesthetic apartment. Walkable to Zurich lake and Coop. Highly recommended.,1
1449991456693691827,10005298,2025-06-23,We booked the place as our flight got cancelled  On staying for a night we thought we should have booked other days in Zurich as well at this place  This is economical and central Place easily accessible by public’s transport,1
31404152,4298448,2015-05-04,"Unfortunately Duygu wasn't there when we arrived in Zurich. Her nanny welcomed us and she gave us the key of our room and another one to go inside Duygu's apartment (which is near the room) and use the toilet. We always found the door locked except the last day, because she finally gave us the right key. In the room we had a kind of toilet that maybe was a chair or a tease, made with plastic bags. We spent our holiday searching for a toilet in the city and it was really nasty. We also found only one pillow and we were two; we tried to ask for another one, but we slept both nights with it.  Inadvisable.  If we had a key it would be more confortable.",0
1715759936895506509,43093457,2026-06-25,Oh.... it was the worst in my life.. :(,0
1547825668011272742,15796875,2025-11-05,"Had a great stay, easy check in, very clean apartment, spacious and felt like home. Looking forward to staying next time !",1
196965836,14437525,2017-09-24,"We had an amazing stay here! Gi was always available when we needed her and we felt right at home in her apartment. It is a block away from the Zurich Binz stop, so we traveled into the center of the city very quickly.",1
977356216598553725,14165529,2023-09-10,"I hate to break it but that was the worst experience I’ve ever had. It started with check-in - attached image with instructions was blurred and hard to read. When I asked some questions I got short rude response - “read the text”. Next thing is ambiguity of house rules. It’s only  said no smoking and no partying. We had a dinner at the kitchen and then one beer at the balcony.  Next day I’m getting a message that Sabine’s roommate isn’t ok with our behavior and want us to leave and I should respond immediately.  She said kitchen wasn’t clean although we cleaned everything, she said we were loud and partying - we talked with normal voice and went asleep at 22:20, is one beer at the balcony considered to be a party? and especially rude was this line ‘it’s rude to smash the doors in our culture’ - like it is ok in my culture. We accidentally smashed the door 3-4 times due to the draught and then adjusted to it. I couldn’t wait to leave this apartment",0
1167271730934580667,906982322935227808,2024-05-29,the place was just as described and close to transportation!,1
1005596181141892829,720092458426634563,2023-10-19,"good:  reasonably priced, good location.  bad: have booked with many Superhosts in the past, level of service=superior.  This was complete opposite. Superhosts go the extra mile, through their communications, personal touches, amenities. There was nothing super about this host.  While it was stated there was no shampoo or body wash, it was not stated there was no facial tissue.    We had exactly 2 sets of towels for 2 days, While there was a washer and dryer, ( no detergent) the water was not turned on to the washer (we climbed around the back and figured it out), then the dryer simply would not dry the towels we had in for 4 hours on all different settings and they would not dry, instructions would have been great. I think its obvious when someone has 44 listings they are incapable of going the extra mile: 2 bottles of water, tissue, more towels & replying to a courtesy message about several issues would have changed all of this.  Pure business here, no love for guests!",0
1665891369149760889,1382253803866510037,2026-04-17,It was a great place for my family of 4! Lots of space and great amenities and recommendations! 10/10 experience!,1
1709414023553722070,1665081681105036659,2026-06-16,It was worth staying here and was very convenient and the location was good .,1
1177377808978081450,1076660928320188034,2024-06-12,"Me and my family are happy with the stay.  We are from Asian country and not used to the house/room without a fan or air-condition. Hence, we have contacted AAS Apartment to request for a fan, and they are so friendly and provided us with the fan next day. Also help to resolve our issues and concerns immediately. Thanks team.",1
1212254266128148035,1176985428847535014,2024-07-30,"I had a wonderful stay at Stefani and Alexander's Airbnb. The place was spotless, well-located, and made traveling to and from various attractions super easy. They were incredibly responsive and attentive. I Highly recommend for a clean, convenient, and comfortable stay!",1
1535447768594844819,35324463,2025-10-19,"We had a lovely stay at Sophie’s place! Her studio is cute and cozy; it has everything you may need in terms of bath and kitchen supplies.  The flat is located in a quiet area, however also very close to the town centre, so very walkable.  We would definitely recommend this place! :)",1
1534702220346036366,1515804164111018175,2025-10-18,Great location for exploring Zurich and surrounding area. Just a short walk to the train station was perfect! Apartment was clean and comfortable for my family of four adults.,1
915079321516982326,36477818,2023-06-16,"We had a great stay at Erich’s apartment.  It is as pictured and described; I believe Erich stays there during the week for work and lives elsewhere on the weekends, so it’s very well-equipped and has everything you might need.  Good location that is a bit quieter than the city center but an easy train ride away (we were able to walk to downtown in 30 mins).  Erich was very responsive and so helpful in giving us a mini-orientation upon arrival.  Thanks for a lovely stay!",1
599053534600245377,2920698,2022-04-06,"Terrible Experience!!!! - The day before we were due to arrive I received an email from the large rental company  *HIT Rental AG ""informing"" me that we would not have exclusive use of the apartment and that other people would be entering the apartment that myself and young  children were staying in during our stay. There was no apology or optionality offered whatsoever. When I contacted airbnb they advised that this was in breach or their policies and that I could ask the host to cancel the reservation, losing our entire holiday flights, bookings, ZUrich cards, etc with no time to arrange alternative accomodation. This ruined our stay before we had even arrived and was extremely stressful for me as I was planning to do some work from the appartment but their message meant I would be in breach of my companies remote working and data security policies. The apartment was for us very, very expensive at around £700 for just three days stay, so this was totally unacceptable.  As for the apartment itself, it was dissapointing despite looking great on the photos - mostly clean apart from some rather grubby walls and ceilings, but the main issues were that it is a studio that has had an extra floor crammed in the roof and as others have mentioned the photos are deceptive - the roof is really really low, not for adults or kids over a few years old. The pictures showed a view of the river, but you would have to be craning your neck out the window to get a glimpse of this in reality. The location is pretty good, but even a normal conversation on the streets below with bars etc can be well heard in the flat so we were kept awake late at night so not really suitable for kids or anyone that wants a good nights sleep to then enjoy the city rested. To make matters worse, many of the windows have no curtains at all, whilst others have translucent thin blinds which block no lights, so the moment the suns up the apartment is bright...not what you need after been kept up late from the noise below on the narrow streets echoing up to the apartment.  The company that rents this property obviously has many many apartments across Switzerland and only really cares about profit over looking after guests (I didn't realize this when booking, thinking I was renting from ""Stephanie"" that would look after her apartment and guests).  Other points to note are that the TV is pointless unless you want to watch terrestrial German channels - Its not a smart TV so you can't even log into your subscription services such as disney, netflix etc. Also, we connected to the internet but it struggled to even load a basic page - I would rather there were no beds than no internet so this was an issue. You will struggle getting up the stairs with anything more than a rucksack by the way, and its on the top floor. Given the very expensive price of this converted studio apartment, my advice to others would be that the tram links are so good and cheap in Zurich that staying just a few stops further from this apartment is significantly better value, not to mention quieter, larger etc....and no need to wear a helmet in areas (i.e. low, low ceiling)! As mentioned, not sure why *HIT Rental AG thought it was okay to breach airbnb policies at very short notice without so much as an apology but this really ruined our experience before we had even arrived in Zurich. The company is called ""HIT Rental AG"" I add the * to denote that I think they should proberbly consider adding a certain letter to the start of their name to reflect their customer service.",0
1218751753655087919,817290390244943332,2024-08-08,Flat is in the red light district. And not for families. Lacking sanitary amenities.  Every room had some garbage in it.  The dishes were dirty not ran in the dishwasher.  Laundry was still running.  No soap in any of the bathrooms or kitchen sink. In general they did not prep the little things.   A covid mask under the bed.  Not well cleaned.  The first part. Yes no I asked that little teeny weenie pill. Overall not horrible but not our favorite place.,0
1387602473104339317,1207146175320917286,2025-03-29,"The apartment had a terrible smoking smell. You just can't get rid of it. You can't sleep properly, it was just a terrible experience. Besides, the building is not well isolated, so you pretty much listen everything.",0
1207820089728434284,2679799,2024-07-24,The host helped us a lot in checking In and out. The room was spacious for two persons.,1
862191132617567012,782447707656145356,2023-04-04,"Everything was ok, until the hot water stopped working and it took them 24 hours to resolve. Then there was only hot water, so still could not shower or bath ourselves or our baby.  When we checked out the elevator was not working. Had to carry our baby, pram and suitcases down. I did request compensation and  they  offered me a voucher for my next stay! Unclear how many Airbnbs have repeated customers, and find their offer was not acceptable.",0
869449257208455679,47482478,2023-04-14,"Not great for a family as there are stairs to access the elevator and it is tiny so we had to always remove the wheels of our pram (uppababy vista) and tilt it inside in order to be fit it in (just barely). We were given no flexibility on check-out even though we only needed 1h. The living room smells like smoke. It clearly states that it is a no-smoking apartment in the check in instructions, however, someone must have disrespected it in the past and the smell is still present. We asked for a baby cot which was confirmed and when we arrived, it wasn't there so we had to call and they were very responsive and came back to us within a few hours with a  cot. Unfortunately, they did not have a mattress and despite telling us it would be brought to the apartment the next day, it did not happen. There were a few things left under the couch (popcorn and paper tissue and dust) but otherwise the apartment was clean.",0
957095599710287726,741755576158997173,2023-08-13,"We were in Zurich for the street parade and booked Elisabet's airbnb. From the start, the hole communication was very friendly. The subsequent check-in was uncomplicated, independent of a specific time and easy. the apartment was clean. Thank you again for the little gifts. we would book Elisabeth's airbnb again at any time.",1
1141205629133384059,954829028338762829,2024-04-23,"Slow response, not as listed on airbnb, no tea or coffee bags, no dish washing liquid/shower,very limited shower amenities, internet is not the great(poor connection) and rubbish bin was not cleaned .Poor response to complaint.Not coming back again.",0
444626986481642904,29990566,2021-09-05,"We booked one of the apartments in the building last minute and appreciated the communication with Arno & Daniella, their willingness to accommodate our requests (like a late check-out), the cleanliness, decoration and location of our apartment, and its terrace. We'll be happy to return for future trips to Zurich.",1
1493372986764880981,922209694349397369,2025-08-22,"A good, simple choice for a few days as there are convenient trams which is a plus! It is a nice location✅but there were a few issues -The instruction to get into the building was not clear. As a person who has travelled to multiple countries I never came across the entrance key being the same key as the apartment. Although convenient, it seems unsafe. Since it wasn’t stated we were confused & stuck for a bit. We got in thanks to the neighbours since Dimi didn’t respond quickly -The bathroom sink was clogged so we couldn’t use it, also there is a strange yellow stain on the door  -There is no window net so a lot of insects got in when we’d open it -The most questionable part is he asked us for five stars and to only criticise him privately instead of publicly in order to not impact his visibility. The whole point of the rating system is fairness & transparency. Seemed manipulative and I didn’t like that. For a bland and imperfect place it’s too prideful  Nevetherless 3/5 ⭐️it was fin",0
1691974667307845141,1660765732419340622,2026-05-23,Good place but lift is not there for heavy lugguage,1
1491212455200028883,842783808030546755,2025-08-19,"Noisy, not clean, not recommended for families as the apartment view is to a brothel.",0
1059324664863830297,970822071451237681,2024-01-01,"Sarah’s place was amazing and we felt right at home. The unit was very close to the train station (2min walk) and there were a couple of supermarkets, cafes and other shop close by. The neighbourhood itself was very quiet and had plenty of options to explore like to take a hike in nature. Otherwise it took only 10min to downtown Zurich which was great.  The place itself was really cozy and modern. The interior design was impeccable. It had all the needed amenities to make it a great stay and relax away from the bustle of the city.  Sarah also was a great host, the whole process was super easy, communication without any issues and she was very helpful in answering any of our questions regarding our stay. We would definitely recommend this place for anyone looking for a place close to downtown while still staying in a quiet neighbourhood to shutdown. We would definitely come back if possible.",1
1001272836519598491,649734080341470480,2023-10-13,"Practical apartment for a flexible long term stay. The location is great, cute neighbourhood, restaurants, cafes, grocery shopping all within 2 min walking distance. 7min walk down to the river.",1
1233211107391593908,1207104945422435921,2024-08-28,"Not as clean as the photos depicted, the walls need to be cleaned and there is a clutter of furniture not shown in the photos. I’ve stayed in many other airbnbs in the same neighborhood and of similar price this somehow did not match the caliber.",0
79739906,12844495,2016-06-14,"We as a family of four, rented this unit for 10 days and it was a wonderful stay. The unit was  spacious, clean and comfortable. Easy accessbility by public transport as it near to train station. Parking space also available for drivers upon request. The host, Miss Simone are very helpful and easy to reach by phone when needed. In general, it is worthy for every pennies we spend. Thanks for Miss. Simone to make our vacation as a memorable one. Thank you.",1
335131645,9781471,2018-10-11,This apartment is in a great location and the host is fantastic when it comes to communication but we were slightly disappointed because we found the photos to be slightly deceiving. In the photos and the description it says there is a pull out sofa chair and when we arrived it was not present. It wasn’t that bad of a set back but just important to keep in mind before booking!,1
84234920,7739547,2016-07-06,Peter is very kindful.The place is a woundful house.It has a big garden.Everything is fine.The tram station is nearby.Peter provides a lot of tea.My husband and I have an unforgetable memory.,1
507782344993003056,9248717,2021-12-01,"Check in process was extremely smooth, walkable to old town and had a great view of the park across the street where the balcony overlooked. Shower was very small, but the vanity with double sinks was nice for a group of people.",1
1701383548279381006,44446637,2026-06-05,"**Disappointing stay—greatly contradicts previous positive reviews.** > While the room looks nice at a first glance, cleanliness was a major issue. It was dusty and dirty in many overlooked areas; for instance, the lamps were covered in a thick layer of dust as if they hadn’t been wiped down in years. > The bed was highly uncomfortable and unsanitary. The mattress is very old, mushy, and completely worn out. Worse, both the mattress and the mattress protector were covered in disgusting, highly visible stains. It looked so unwashed and unhygienic that we couldn't even sleep the first night until we took off the sheets and mattress protector to wash them ourselves. > Check-in was also a frustrating and stressful experience. As a tourist, it is difficult to predict an exact arrival time due to travel variables, but the host rigidly",0
1246982397621024635,1003686839375670840,2024-09-16,"We had a couple issues with our stay:  The apartment itself was quite loud. We could hear the neighbors through the walls listening to music, speaking, and walking about all throughout the day. I am not sure why so many people have said it was quiet for them because it was not during our 3 nights. I know the hosts can’t control that but it could bother others who are looking for quietness.  In addition, the shower head did not stay straight and turned toward the wall. We could not adjust it forward with many attempts. The hot water ran out quickly when trying to use the tub as well.  Lastly, keep in mind that extra towels cost extra when though you’re only given one for a long stay.",0
168236843,706997,2017-07-09,"The studio is very very small, is not enougth space for more that 2 persons. I thing is just for 1 person. Andreas, don't say us nothing and we was very very unconfortable all the time. You are in the studio like if you are living in a train station. The noise is infernal an the trains are all time pasing by until 1:00am. You can close the windows but anyway you hear the trains. I would not recommend the studio to anyone.",0
1449253191658162494,800719670974969387,2025-06-22,"The place is full of the host's items - clothes, accessories, candles, etc. Leaving very little space for us to keep our belongings. No proper sleeping pillow was provided. The refrigerator is filled with expired food, especially fruits and vegetables, which are left uncovered - unhygienic. Not worth the money; even a dormitory would be better at this price.",0
230492149,13517210,2018-01-28,"Great location. Clean apartment. Smaller than it shows on the pictures. We were staying there with my one year old baby. The elevator was way too small to fit the stroller in which was quite an issue. Tania wasn't very helpful with neither earlier check-in nor later check-out. She said the next guests are coming so we need to leave at 10am. Two days later we get a message , where Tania starts accusing us of damaging her wooden floor. As I was trying to explain to Tania that we did certainly not cause any damage during our stay, I've got quite few impolite answers to my messages, full of blame. As it turns out, that damage has been there since the floor was installed, she just wasn't aware of it.( Wich I find very strange to understand). So I would suggest to Tania to maybe check her apartment once in a while herself instead of only counting on her cleaning team.",0
552254843,10532613,2019-10-21,"Good place but very poor communication. We were promised a washing and dryer badge along with the accomodation but on requesting the badge were told that because the previous tenant didn’t return it, we couldn’t have it. On showing dissatisfaction, Tania offered a $100cfh refund which is not close enough to the time and money we spent on doing washing elsewhere. Very dissatisfied as travelling with two kids, we did washing almost regularly and spent a lot of money which we shouldn’t have. Not recommended if travelling with kids.",0
1691970584506939530,1370891393137182897,2026-05-23,"This is a decent location and the apartment is ok. It could definitely benefit from a refresh though. Furniture is stained, pictures on the wall crooked, none of the major appliances can actually be plugged in because all the adapter seem to have gone missing, and the host is not very responsive (took 2 days to respond to a simple “where is the ironing board” question. If you plan to work from here, the internet is unstable and cuts in and out.",0
1489829884297139332,1446371374617936541,2025-08-17,"Okay apartment by a well-connected tram/bus station (which also means noisy) with an unresponsive host! :) For example, the tap in the washroom doesn’t work or the coffee machine plug isn’t compatible with the wall socket but the host didn’t respond to my messages about those matters.",0
1107841785969190772,1015811749301784365,2024-03-08,A comfortable apartment with very easy access to shops and quick connections into the city centre. Also a good base for hiking out to the hills overlooking Zurich and the lake. Cooking equipment is quite minimal (fine if you plan to eat out for your stay) but Antonio and Anna responded very promptly and positively to our request for a few more things. We'd definitely stay there again if we visited Zurich.,1
1324560145405832847,20779854,2025-01-01,"We had a great time at Rozalina's place. Her apartment is very spacious and centrally located. It was close to the lake, the tram, many nice restaurants and grocery stores. Rozalina was very responsive. Check-in and check-out was very easy. Highly recommended.",1
775200109574486932,53025594,2022-12-05,"Sonya's place is very clean, It is nicely appointed, and has everything you need. As indicated, it is very small, and no more than two people should stay. It can also be quite loud.  If you would like to use the parking you will need to tell them in advance; a detail that was lost to us. this will cost you an extra 15 euros.  However, we were able to get it sorted out.  One of the things that was very apparent to me is that Sonia didn't seem to want us to stay in the apartment. We were reminded when to ""leave"", twice.  When she sent these messages,  the time to leave was highlighted and underlined. We certainly did not feel very welcome.  The apartment can also be quite warm. It's hard to shut off the heat.  taking care of the trash is a very complicated system. The language barrier didn't make it any easier. It was very hard for us to understand. I was afraid to ask Sonia what to do with it since when we asked about the parking situation we got chewed out. You see we hadn't asked before we booked. But again we didn't understand we needed to.  All in all we just felt as though we were constantly in trouble. It didn't feel relaxing, we just felt like we were homeless street people begging for a room.",0
1203471351568269796,1111619375901704180,2024-07-18,Everything as described. The gym is great but unfortunately closes at 10pm. Everything as described.,1
1236800243599521046,2836559,2024-09-02,This place is in a prime location in middle of old town Zurich. Walk everywhere. Could not be happier.,1
959254551630420087,945531834722531602,2023-08-16,"I had the most perfect stay at Fabian’s place and was surprised at how it was even better in real life than the photos. His space was completely clean, organized, well lit and well decorated. The kitchen had everything to cook actual meals and feel right at home. The bed was also very comfortable and overall I felt the intention in the space was conducive to feeling home away from home. Fabian was very responsive and communicative. He let me extend my stay last minute with ease. Also checking in and finding the space was super easy with his instructions. 10/10 recommend",1
601909227419540802,41704969,2022-04-10,"The location of the flat is good, very close to the bus station. The landlord is very friendly and patiently to answer our questions. The flat is fully equipped. I think the real flat is better than the picture. If necessary, I'll book this flat again.",1
1411591281399866734,1325933421927845590,2025-05-01,"I am sure you are probably confused with the mixed reviews for this listing, I will add my piece to it. If your accommodation options are limited by your wallet, then manage your expectations. This place have multiple similar looking units as it is technically operating as a hotel using the 24h store on ground floor as it's lobby. This place doesn't have an elevator so if you have bulky heavy luggage that you are incapable of lifting up four floors up yourself, then you might want to reconsider booking this place. Kettle in the unit (#41) I was checked into was too dirty to use, other quality of life improvements that can be easily implemented but aren't are to provide hooks in the toilet and dishwashing equipment. There is, however complimentary coffee available from the machine in the 24h store. Recommended for specific target groups, otherwise pinch your wallet and look elsewhere to avoid gap in expectations just to leave a bad review thereafter.",0
1197041992771908537,4748384,2024-07-09,I will stay with EMA again whenever I visit Zurich in the future!,1
738945889205371135,898829,2022-10-16,"Pietros place is really beautiful, clean, bright and placed in a very quiet neighborhood. Is far from the city center but with very easy access. Is just 25min on the tram and a bus stop  just outside. We really loved our stay and wish we could have spent more time there to know him and his fury friends a little bit more :) thanks for all the amenities and details Pietro!",1
529103271,13907213,2019-09-14,Whole booking process went perfect with Lukasz and the apartment was clean,1
1236185182809641378,601820637000876851,2024-09-01,Thank you for everything and all the amenities! Will recommend!!,1
686728011587624818,38632424,2022-08-05,The room is very close to supermarkets and a very few minutes from the train station. In addition to that it is provided a convenient desk and a Wi-Fi connection suitable to remote working if necessary. The host is really quick into answering questions you may have,1
1715949379556547136,1420785338206062411,2026-06-25,In the type of weather (summer) to have Fan or A/C is recommended to have in the rooms . As it was very hard to sleep as there was no wind also.,0
1485445661952447328,1236633959577405501,2025-08-11,Really nice apartment - well decorated and appointed. The location is good for getting quickly into Central Zurich.,1
1668045665785135097,1578914403498392416,2026-04-20,"Negativ: Unfortunately, we had an issue as we had no warm/hot water in the apartment. We approached the host and he did not react for 12 hours. Also, the of 14 amenities listed four were missing ( essentials such as soap, shower gel, shampoo, toaster in kitchen). Also the pictures of the apartment did not match with reality. Especially the sofa was completely run down. Positiv: cleanliness of the apartment",0
1443393389332155804,1291405527803043442,2025-06-14,"Avoid at all costs. This host changed the check-in time between our booking and arrival.  When we arrived at the time on our reservation and his attached instructions we were told we were incorrect.  After sending screenshots and pointing out at least one other review noting the same issue he just said it had been changed “awhile ago” and made no effort to rectify the situation. Airbnb tried to mediate, and he completely ignored them.  Airbnb offered us a full refund,  butat nearly 10pm after he had ignored them all day. As our 4 year old was asleep we took 50% off to stay instead The host described the unit as having “no stairs” when multiple extremely steep flights must be climbed.  This is mentioned frequently in other reviews. Host listed AC. There was one portable unit that was not fully assembled or vented. After assembling/venting ourselves it worked for one room. Shower “stocked” with empty shampoo bottles with no caps. Kitchen dirty, visible hair and food in rugs.",0
1281144894339597084,1267392130705794442,2024-11-02,"Unfortunately, the apartment wasn’t reddy at check in time, as it was still being cleaned. I was told it would take another 1-2 hours. They found us another unit in the building on the ground floor, so I appreciate that, but we lost time as a result and made the afternoon stressful as we had plans in the evening and things were pushed back. I can’t speak to how this unit was as we had a different one. But the unit looked ok. The ground floor one was very noisy, even with the windows closed. Location was good.",0
787581684458428732,45525843,2022-12-22,"Spotless place, very cozy with everything you need. Very close to the tram stop. And about 2 stops away from the main part of city.",1
917221547564967054,883752842761390254,2023-06-19,The space was decent but did not match the photos at all. There was no view of the lake or anything. It would of been a perfect stay if it matched the pictures but because it didn’t I feel cheated,0
300037385,15673943,2018-08-01,"This apartment, while small, met my needs well during my month long stay in Zürich.  Hosts Anna & Karina quickly responded to a few needs I had, even on weekends.  This was particularly impressive considering that the company that manages this apartment (HitRental) actually manages several properties and likely has many requests to attend to daily.  The apartment was very clean when I arrived, has a kitchen with most every tool you would need for cooking, excellent wifi, and free laundry facilities.  The bed was simple, but comfortable.  One of the best things about the apartment is that it is really close to some great public transportation options being within easy walking distance from multiple tram and bus stops, as well as the Zürich Oerlikon train station.  It is also really close to several grocery stores and some really good restaurants, bakeries, etc.  Finally, there is an amazing open-air market on Saturday mornings (I think Wednesday as well) where you can buy some wonder fruit and veggies not available in stores.  Overall this apartment was a great deal for what I paid, and I would have no issues with renting this apartment again. There are a few things to be prepared for when you rent this apartment.  The pantry is bare so you will need to purchase everything you need for cooking.  This includes things like salt, pepper, napkins/paper towels, etc.  The bed in the room is a double bed rather than a queen bed as listed in the description.  For a single individual in the apartment this is fine, but for a couple it is pretty small.  You get one set of towels per person and one set of bedding so be prepared to wash these things if you are staying longer than a week.  Laundry facilities are free (although you need to supply the soap) so you just need to make the time.  The apartment has only a single window and no air conditioning so if you rent it during the warm part of the year (as I did) you need to get creative to provide ventilation and cooling (e.g. opening the front door a bit to promote airflow via the cool hallways).  We bought an inexpensive fan which really helped (we left the fan so perhaps it will still be there for the next guests).  Finally, if you staying for an extended period consider inquiring about what it would cost for having someone to come in and clean the apartment once a week, or about getting access to cleaning supplies as there are none in the apartment.  I wanted a broom to sweep the floor and they supplied it to me quickly so just ask.",1
888907591269215609,40580450,2023-05-11,Very good location to stay in Zurich. Only issue was that  the unit was not ready when we arrived at 6:30 pm despite the advise of our estimated time of arrival. Had to return after 2 hours to have it cleaned. Chris was apologetic for the misunderstanding and said he would refund the cleaning fee. All in all a great place to stay.,1
249597265,816887,2018-04-02,"The spot is nice, 15-30 meters from the lake. Nice view of the lake from the living room and from the top room. There is an access corridor to the lake and local simple restaurant and camping. Ysabel informed me by watsapp that she’ll go to travel one Day before at 6AM. She didn't welcome me and give no recommendations about the house that have 4 flours.  I had problems with the reinforced door because no handle outside for opening, no instructions, this happened 3 minutes after arriving. After 4 hours of car driving I get stocked outside without a jacket, no money, no food and water from 15h30 for like 2 hours, but then very nice neighbor had pity and invited me to wait inside his house. I get inside Ysabel house at almost 23h00. I eat at midnight and took my medicine (only one apple at 1PM in order to take my medicine).  And in the next days she harassed me for the bill of 1'200CHF for the locksmith, one of the messages was sent at 1 AM. There is no insurance AIRBNB for this and mines don't cover such accidents. AIRBNB mediates this now. Ysabel called me money lover and very bad person. She have a latino character, she's quickly excited and unpleasant.  Along with this She left the house dusty, thankfully my room was clean. I had only one towel for my body, no towel for hands. No instructions for Jacuzzi so I didn't know how to use it and I didn't use it as I was afraid to broke it.  Around and inside the house there are too much cumulated objects that create oppressed atmosphere. My breakfast was poor: defrosted brioche, butter, jam and tea (didn't eat the cheese as it gave me no appetite). The mattress is bad quality, I had back pain next day. I had the worst weekend ever!!! If you decide to go in spite my message be aware you should keep the key in your hand and don't let the key on the door as there is no options of opening from outside and the locksmith is very expensive in Zurich.",0
201871418,2920543,2017-10-09,Very close to everything. Also very noisy on street. Impossible to sleep with noise. Not a location for families or children.,0
1650768300421393936,1636474791331420609,2026-03-27,The unit is on the third floor and no lift. No washing machine or dryer. Wi-fi access needs to be explained better as it uses a dongle that is not obvious to most people. No response regarding issues after we accessed the property and tried to contact owner. Response was after we left the property.,0
1609379437968049974,1532186857921895676,2026-01-29,"Early luggage drop-off was appreciated, but the stay had serious cleanliness and amenity issues. At check-in there was no shampoo or shower gel, and most towels smelled strongly of cigarette smoke (only 1 out of 4 was usable). We had to buy toiletries and wash all towels ourselves. Airbnb apps proposed a cleaning fee refund, which the host initially refused and delayed. Only after 2 days and escalation to 2 agents did the host process the refund directly. Communication existed, but problem-solving was poor and created more hassle instead of solutions. Basic amenities and cleanliness should not be optional at this price point. He was kind to provide pasta and sauce, but I would rather have drinkable coffee pods in sufficient quantity. Two undrinkable pods for four guests over two nights is not adequate. Overall, Matthias  cleanliness, basic amenities, and problem resolution were below expectations I would not recommend this place unless these issues are fully resolved.",0
986816225420651181,939666088772222280,2023-09-23,"It was my worst stay. She claimed that we damaged her sink which we didn’t do. Then she asked us to cover this expense or leave. She wanted to throw me, my wife and 1 year old son to street for a damage obviously there before us. Absolutely ruined our stay… A couple of hours later, she said we can continue to stay if we’d like. We couldn’t change accommodation because of the high prices. We continued to stay there 2 days but we were on edge in case she would accuse us with anything else. I definetly would not recommend it.",0
1431060243025364660,1038542865619833345,2025-05-28,"We had a great stay in this lovely apartment. It was exactly as described and with lots of helpful extras around the apartment - including some things we had forgotten ourselves!  The beds were comfortable, plenty of towels for everyone and even some little chocolates which the kids loved!  Great area, very quiet but also accessible and right next to a tram stop which we used to get to and from the centre.",1
1215859634480881491,6862908,2024-08-04,"Great apartment right in downtown Zurich: 15 min walk from the HB, and an easy pleasant walk to all the highlights in downtown. The street is very quiet but is super close to major shopping and restaurants, restaurant at Hotel Bourbon is highly recommended. Great contemporary food! The apartment has an alcove with the best and a bedroom. Both beds are queen size. The sofa bed in the living room can sleep another 2 people. Terrace has an amazing view of the city. Dimi was very responsive and easy to deal with. Getting to the airport (family of 4) coat us 40 CHF. Surprisingly cheap.",1
653684878,16791727,2020-08-20,"The apartment has a perfect location (10-15 minute walk from main train station) and is very well-equipped (washing machine & dryer, dishwasher, microwave, full kitchen, etc.). Thierry was extremely responsive and the self checkin process is entirely smooth. Some of the furniture and bed clothes are quite tired-looking and stained, which was a bit unpleasant.  We did experience a problem with noise late at night. The worst was a Friday night rooftop party just across the courtyard that was broken up by police at 1 AM. Thierry was kind enough to give us a partial refund on this account. Two local bars on the ground floor were audible most nights when the windows were open (closing them was not an option in hot weather because the air conditioners require an open window to work). Wednesday was karaoke night...",1
1670287581435536002,1278938770911609006,2026-04-23,The apartment we stayed in was not the apartment shown in the listing. It was about half the size with no living room space. If the same amount is being charged for the pictured apartment and the one we stayed in then I feel I was scammed and mislead. Had the pics of the apartment we stayed in have been shown in the listing I wouldn’t have booked.,0
1689849369655257562,1665081681105036659,2026-05-20,It is very large well decorated apartment.  The tram is right out of the bedroom windows so not good for light sleepers.   Pack your own shampoo and shower gel.,1
678086337441191582,20079919,2022-07-24,The apartment is the most top notch Airbnb experience I’ve ever had. Everything is A+ and goes above and beyond.,1
1423154898613295258,1033132085803812480,2025-05-17,Jörg was soo nice and the apartment was perfect! Already planning our next visit to Switzerland and will stay at the same place :),1
1257104772815394948,28884429,2024-09-30,Location was convenient to tram stop and 2 grocery stores.  Having access to a washer and dryer on the 1st floor was very helpful.,1
698390389306337165,42218576,2022-08-21,"I booked a premiere room but they checked me into another normal one, which was different from it in the picture I saw on website. After two-days constantly arguing did they change my room. The staff of reception had a really bad attitude towards me who even refused my food delivery without notifying me. I had a very bad experience there and move out one week earlier. And they refused to give me a refund.",0
559425240,7646490,2019-11-04,"The house is tight but clean. It’s not a very big place but it’s fine, there’s no proper table for dinning in the house. Another problem is that the washing machine in the floor cannot work. I had to wash the clothes by myself for nearly three weeks. And no one came to fix this problem. This was really a horrible experience. Considered the price, I will not say that I am satisfied with this house.",0
792606555177220402,35512110,2022-12-29,"Couldn't access the main building door despite downloading the Nuki app & following host's instructions. Code for the main door was invalid. Contacted host in Airbnb app & the 'emergency number' given (... 8888) but no response despite informing the host in advance of our check in time. Contacted Airbnb support. Found another number, one Billy - who claimed to be one of the hosts - answered. Billy admitted he was in Asia! After almost two hours struggling to get in, a tenant of the building let us in. We went to the apartment & found out the app only worked for the apartment door & not the building door. Informed Billy. Then only Billy informed us there's actually a physical key to the main door in case the app didn't work. By that time we were already heading to a hotel. Nobody in their right mind wants to stay in an apartment where they can't access the building. Request for refund has been met by total silence from the host despite giving all evidence.",0
1689064113515582945,939666088772222280,2026-05-19,"Me and Daniela were on good terms on the first month or so. But as I got busy I needed space. she had expressed discomfort. I didn’t mind. I was shocked when she applied through Airbnb for me to move out prior to due date. I tried my best to find another accommodation asap. Upon moving out there was a confrontation, it was strange. It’s just too much for a relationship in between a host and a guest. I get a sense she’s addressed too much importance to the whole thing.  Some practical issues: 1: the strange behaviour the cat has around the food. The cat is anxious, always trying to get into the room when I eat/cook, making noise. This was not mentioned in our chat before the stay.  2. The noise in the building, crying baby.  3.the window of the room cannot be fully shield, hence the lack of privacy.  4. She’s gone into my room without asking at least once, took  pictures of me without consent, had me on a live chat with the next potential guest without consent. So, boundary issues!",0
1486898179457396789,22608055,2025-08-13,"great location, easy walk to train station, close to tram line.  furnishings, available materials, appliances are complete.  good setup with washer and drier. wish the listing gave the street address and not just the postal code.",1
1462218625288402995,1446333693466033418,2025-07-10,Great experience. Very responsive and attentive host. Recommend it.,1
1700773908473315027,1431330900692049409,2026-06-04,"Here is my honest review. The arrival instructions were clear, although they appear to be a standard copy-and-paste message sent to all guests. Parking was surprisingly difficult and expensive, with very limited options besides blue-zone street parking or the Park Plaza garage. The biggest issue was the apartment itself. There was a strong and persistent marijuana smell coming from neighboring units throughout the day and night. Upon arrival, the apartment was not properly cleaned. The sofa had visible stains and a foul odor, and it took a long time for the management team to address the issue. We also arrived to find no hand towels, no soap, no shampoo, and virtually none of the basic amenities typically expected in an Airbnb. The management team enforces a long list of guest rules, yet the property felt very basic and not particularly family-friendly. Overall, we expected the cleanliness, organization, and hospitality Switzerland is known for, but unfortunately this property didn’t",0
1702696003575789668,965794941111908198,2026-06-07,"Unfortunately, I was unable to stay due to an unexpected family emergency. As soon as I realised I would not be able to travel, I contacted the property through Airbnb to explain the situation and ask whether any alternative solution could be considered. I fully understand that my request was made one hour after the scheduled check-in time and that changing the reservation may not have been possible. However, what disappointed me was the complete lack of response. I was not asking for special treatment, only hoping for a reply and some guidance on whether any option might be available. What left me with a negative impression was not  the financial loss, but the feeling of being completely ignored. Even a brief response acknowledging my message and explaining that nothing could be done would have been appreciated. I sent a follow up message that remained without any response.",0
1415860461052058406,2759581,2025-05-07,"Location was good, place was clean and had the listed amenities. The windows didn't have a proper shade covering it, so it let all the light in. There were only two fixed lights that worked which were in the bathroom and a lot of the lamps provided didn't work. The bedroom was internal with no windows and no fresh air which made it difficult to sleep even with the fan provided. There was also no door to the bedroom so the light from the windows came through due to the lack of a proper shade.",0
1018045458660355818,781260982411449593,2023-11-05,"We loved the apartment and the views and were able to make ourselves right at home. Ilan was very responsive to messages and eager to help when we needed information (eg how to get a parking pass, or where to print documents) and very understanding when we thought we might have to stay longer. We would definitely stay there again. Thanks Ilan 😊",1
738936552492488839,22023471,2022-10-16,"Disappointed over this place: First of all, the map on AirBnb shows a totally different location. I can see other guests already wrote about this. Chris place is much further away from downtown Zürich and next to a highway and trainstation with lots of traficnoise and gasolinesmell if you open the balconydoor. And you have to look through all that to find the lakeview. Also, the appartmentbuilding in general, the furniture and equipment has poor quality. The bed is very soft and the madras cheap, The bathroomsink drains slowly, A very noisy ventilator in the kitchen was turned on and off during the day, there were no tea towles availbale to dry the dishes, all in all: not acceptable and not value for money.",0
1479667248233993958,1336349867983585177,2025-08-03,Everything was like the description and the poctures. Communication was also very proactive and good. Thank you!,1
1291246286525942727,38141312,2024-11-16,"The place is located in the city center, next to a tram stop, and just a 5-minute walk from Zurich HB. However, there is no elevator, and the staircase is small, so it may take some time to go up at the first time. At night, there might be some noise and cigarette smoke from the bar on the first floor, especially on Fridays and Saturdays. The laundry facilities are located in the attic and can be booked using the sheet provided in the laundry room. Overall, Roger is very supportive, provides cleaning services every two weeks, and promptly fixes anything that breaks.",1
1702038315750750302,1402863237069224854,2026-06-06,Did not meet expectations with amenities 3rd bed - Sofa bed is not worth the money paid for the room.,0
845517988729392543,15596713,2023-03-12,"nice and clean place, not so much things to complain but it's not a private apartment, it's rental apartment company, I thought that Airbnb was not Booking. I think that it should be clarified in the description.",1
1460137542507140588,1426939346482678560,2025-07-07,Very nice apartment! No reserved parking place if arriving by car but there is street parking.,1
1570968395254261330,1483351672757106365,2025-12-07,"everything ok, but there is no free parking..",1
978119905986724777,813360337250214922,2023-09-11,"The apartment was super beautiful, with really great interior design and amazing use of space - we were especially impressed with the compact but efficient kitchen, which pleased my tall partner as the work surfaces are at a more ergonomic height for taller people, while being fine for me, a short person! Lots of lovely thoughtful touches, and great communications at every point along the way, including some detective work to figure out where I could get milk on a Sunday!  We only stayed overnight, but it was such a nice stay we wished we had longer there. The tv is massive and great, with Netflix and similar. Bed is very comfy, and for me - someone who habitually sleeps with earplugs because I’m an incredibly light sleeper- I actually woke fewer times in the night than usual! So the tram noise is not at all intrusive if you use the earplugs that are provided! And the rest of the time it’s kind of atmospheric!  Overall, great stay! Thank you! We hope we can return some time!",1
1436930807206566226,1061539587987446181,2025-06-05,"From the first day we arrived, there were issues with the water pressure of the toilet. It was so weak not even a few pieces of toilet paper could be flushed down, and it required quite a bit of strength and finesse to press the button as well, needing a few specifically timed and strong pushes to achieve a small stream of water. We had to spend long hours outside in order to avoid the problem of not being able to flush, and while communication on the problem was efficient, it did not solve anything as the state of the toilet remained the same for the entirety of our stay, and I hope that the issue can be fixed before someone else stays with them. However, if being able to go to the toilet is not your biggest concern, the location was wonderful, very walkable from the apartment to the tram station.",0
1200572326175557288,7599396,2024-07-14,If you want to find an affordable walkable apartment that also happens to be in the best food and hip area in Zurich this is your spot,1
1501384523060757160,1434564911054884951,2025-09-02,"This apartment is next to the open air bar so it will get noisy, especially on weekends because the bar doesn't close until 4am. Additionally, because the main entrance is next to the bar, people would puke by the main entrance. There was also human poop by the main entrance the day I checked in. The apartment is also currently undergoing construction which the host mentioned. During our stay, the people that lived below us were partying, so you could hear them. I notified the host about it.",0
1481781103465820596,1401478708570943132,2025-08-06,It was just as described. There is no AC so we asked ahead of time for additional fan and one was provided so we had two running and it felt decent at night. Just know that there are clubs very close so if you leave the windows open you might hear it although we sleep with sound machines and we could sleep fine.,1
1653547540261062491,40582267,2026-03-31,Nice place really good location. Could be a little bit cleaner,1
928071869003024816,919687481995644072,2023-07-04,Great stay! Everything we needed! Awesome for young people,1
1557948326795479104,41918857,2025-11-19,I book for three night they charge me a lot of money for one day,0
745860181,38686017,2021-04-05,"Despite contacting the host 13 hours before our planned 6-7 hours long drive to Zurich, the host did not respond to my request to make the apartment key available upon our arrival 2-4pm. Instead, the key had to be collected before noon on the arrival day, which happened to be the Easter Sunday. I canceled the reservation, as there was no assurance or confirmation to receive the key on arrival. I was also not keen to start our journey at 4-5am to arrive before noon. The host refused to refund any cancelation fees referring to the cancelation policy. I had to involve the Resolution Center. This is totally unacceptable and unprofessional not to make the apartment key available to the guest upon their arrival because of holidays or other personal reasons.",0
486717232,27144951,2019-07-13,Spend with kids a few days back home in Zurich. Appartement is very well located and close to all hot spots. We discovered a broken window and have reported this accordingly. Host has imposed us to stay at home at certain day and time for fixing rather having checked with us beforehand if the proposed day/time would fit also our agenda. Endlessly ping-pong emails didn’t helped further to find a common agreement too and ultimately we had no other choice to accommodate the date/time. Maybe bad luck this time as we never came across such Airbnb experience over the past years. Communication is key!,0
528108108656728440,50101353,2021-12-29,"Great place - very central, clean, spacious. Highly recommendable. Host very responsive.",1
530181984492224313,49728271,2022-01-01,"We stayed at the apartment for a week. Arriving on the 25th of December, the flat had hardly been cleaned, so we needed to do that ourselves on Christmas. While I imagine this must have been a one-time thing, it was nevertheless not much appreciated. Thierry could not find anyone to clean it in the spontaneously but we found an arrangement afterwards to make up for the unhappy circumstances. The apartment itself is quite recent and the view is nice. It is in a calm neighbor but we’ll connected to the city centre nevertheless. However, it did not seem that well maintained. The water boiler could not be used as someone seemed to have burnt milk in there at some point. The dishwasher was missing the door to be well integrated into the kitchen which itself would just be a minor issue but the actual door then was too light and always jumped back up while putting the dishes in. The bathtub’s drain was congested. This had apparently happened recently before our arrival. While it may have happened just before, no one seemed to bother to fix that for us during 7-day trip. It was not ideal to have all the hair coming up again while taking a shower or bathing pour kids.",0
506027442,20621446,2019-08-10,This place was situated near very convenient public transport as well as great supermarkets. The neighborhood is nice and calm. Check in and out was super easy!,1
197580452,12469141,2017-09-26,"We were a bit disappointed walking into this place, there was no space for us to unpack our belongings, the kitchen was very small with not enough fridge space for our things. The owners things were everywhere so it was a bit uncomfortable for a 3 day stay. It wasn't all that clean. Communication was great. Location was around 5 min walk to tram stop then a 10 or so min ride into centre.",0
891920163409939254,569385070028558835,2023-05-15,"Tania is very prompt in responding to any query. She gave a phone number where you could call if required. However, she doesn't like communicating through whats app which is easiest, fastest and simplest way of communication in any emergency.",1
727374171175740981,599045269410451379,2022-09-30,"A very nice and clean apartment. Nice view and good location, however the connection to the city is not 24 hours a day. The apartment is very nice and ample, and has all you need. Only the cleaning service channeled through Blueground was not reliable - they cancelled twice and when they finally came, they did not do a great job. But all in all it was a great place to live and Blueground was a great owner.",1
1043404047680383830,1033947306138643369,2023-12-10,The host was extremely responsive and friendly. They took personal care and were interested in my experience throughout the stay.,1
640335019503728922,610476869049419611,2022-06-02,Lovely apartment but there were problems. The owner is attempting to charge for a cane chair which was damaged before we took occupancy. The charge is for more than a full set of new chairs. I will continue to refuse to pay for this damage.,0
1662342041244528813,23492726,2026-04-12,"as we entered the apartment, we found many cockroaches. the rooms didn't look like the photos. part of the kitchen didn't have tiles and it wasn't reported on the ad. we also didn't succeed to cook because the stove was broken. bad experience",0
671506046267497977,30415457,2022-07-15,"Christine is an amazing host! Thoughtful and flexible with times. She responded immediately to any inquiry and recommended a very sweet sightseeing place nearby. I would stay at her place again. The house is very clean. However one thing is inaccurate and was slightly surprising to me: the shower room is separated by only one curtain from the room next to it, which is currently occupied by another tenant. Another small thing, from my room I could hear almost anything the person next door was doing.",1
1680431698154664312,1604963096906994436,2026-05-07,"A nice location, but it definitely was not enough space for 4 adults as listed. The whole apartment was very small (studio size) and the room with the bunk beds was the size of a closet. The pictures were a bit deceiving. Not great air circulation either so it was a hot sleep. If you are a family with one or two kids, I’d say it’s big enough for a night or two. But it was ldefinitely not big enough for our group unfortunately. I wouldn’t really say it was worth the price for one night as half of us weren’t comfortable.",0
1379679134459314454,1275143843776985242,2025-03-18,"Giancarlo’s place was in a great part of Zürich, near lots of shops, restaurants, and accessible to transportation. The place itself did not look as new as photos. Also, the dishwasher smelled awful and several dishes that were in the cupboard had dried and crusty food on them. A little disappointed that there were no coffee pods for our stay like the other Airbnb‘s we had stayed had. Nor were there any salt and pepper and other basic amenities.",0
1567368049223527722,29655342,2025-12-02,"the place was good for the week we stayed, about 20m on the tram to city center. David was very accommodating and allow us to arrive before the check in time and check out late. we had a bit of problem with the hot water but it was sorted. overall I would stay there again",1
423850850,19755371,2019-03-15,Do it. You‘ll not be disapointed. Great location very cosy „room“.,1
1452153214928691667,1400784362440086757,2025-06-26,"Disappointing Stay – Not as Described We were surprised to find that the property does not have an elevator, which was not mentioned in the listing. We had to carry four large suitcases up to the third floor (not the second, as stated), which was exhausting and inconvenient. The neighbor downstairs was extremely noisy, often making loud sounds until early morning, making it very difficult to sleep. Noise insulation is poor, and the broken steel blinds and thin curtains do nothing to help – both need urgent replacement. Inside the unit, there’s a strong, unpleasant odor that lingers. The place clearly needs better maintenance. The shower is a safety hazard – there’s no slip mat, and the water temperature fluctuates wildly from freezing to scalding, which could easily lead to burns. Overall, this place is not suitable for travelers with luggage or anyone sensitive to noise and hygiene. Definitely not recommended unless improvements are made.",0
1265811594114798460,1202183091802926790,2024-10-12,Not a convenient location.  On 3rd floor with no elevator.   Light burnt out in stairwell and building is very dirty.  Not clear check-in process and host was unresponsive; photo should be provided of lockbox. Room was okay but pillows and bedding were below average quality.  I would not recommend this place.,0
412753277107885001,21542690,2021-07-23,Very pleasant loft decorated with style including its terrasse. The flat corresponds to its description. One simple observation: there is no blind/curtain on the windows (roof and wall) and it can be difficult for those who are sensitive to daylight.,1
281105034,10973187,2018-06-24,"Many eateries and a few big chain supermarkets near the area. It is also very convenient to travel around with the train station nearby the place. Hyesook is also very helpful, telling us the good eats and where to buy cheaper groceries. Her place is also sparkly clean, very nice and cosy. We enjoyed our stay and will come back to this Airbnb if we are back in Switzerland ☺️",1
1461556292859902230,1436423690179402899,2025-07-09,"I stayed from July 3–9 with my two teenage kids. The apartment is spacious and well located — 25 mins walk to the high street/Zurich station, or 10 mins by tram which is next to the apartment. The host (Aurther) was responsive but we faced the following issues -  1) After specifically checking with him before booking, fridge/freezer were not working on arrival - Aurther replaced the freezer but we were without a fridge for a day.  2) Stove exhaust didn’t work 3) Odd bathroom setup (1 toilet with no shower, 1 shower with no toilet) 4) No door lock on bathroom doors, no towel rails or hooks 5) No wardrobes in any bedroom 6) One bedroom had no door and a broken light 7) No vacuum cleaner/no bin bags/no soap 8) Tiny shower curtain that doesn’t cover the tub 9) Low-quality bedding, and a dirty sofa.  10) Wifi was unstable This place needs furnishing / refurbishment to match the premium price. Aurther was friendly/responsive but overall, the apartment's condition was disappointing.",0
1511567506963376619,1394245154080782824,2025-09-16,"the place seems very unsafe especially with children. no ventilation . garbage thrown everywhere around the area. booked for 2 nights , had to find another place on second night . was scared to stay . host not considerate about the repeated request for partial refund , even though we informed them on first day we will not stay next day. place required a lot of maintainence.",0
1526040052789368241,19064159,2025-10-06,"Overall, I would recommend this place. The host was polite and responded quickly, which made the stay smooth and pleasant. The living environment was generally fine, though please note that the building has no elevator, which might not be convenient for travelers with large luggage. Also, no extra daily supplies such as shower gel or additional rubbish bags were provided. The nearby church rings its bells regularly, so light sleepers may want to take note.",1
1453517085053799120,872343712931267300,2025-06-28,"Ladies, check out the review before mine to confirm that Men Live Here! It is not as advertised for ladies only. I was sharing one bathroom with at least 2 other men during my stay. Another issue was a privacy issue when the host attached an Airtag to the apartment key. I was notified by my iPhone that an unknown device was tracking my location and traveling everywhere with me. When I told the host I could not be tracked due to privacy issues with my occupation as a psychotherapist she punished me by taking away the use of the bicycle included in the Airbnb. I did not get the room I reserved (check other reviews for this same complaint). This was important because the room I was given, though larger, had 3 doors leading out of it. It was sandwiched between other guests and the noise through the doors sounds like it's in the room. Also the desk was placed in front of the window where there were no electrical plugs within 20' and blocked the window from opening. Not worth it!",0
1398537660580973584,1391291890970980263,2025-04-13,"I believe I was the first person to stay at this place, so feel compelled to write a review. The location is really good - middle of old town, full of action, short distance from lake and restaurants. A bit noisy but ok. I feel the host has put this listing in a hurry without getting it adequately ready for the guests. - this apartment has major trip hazard because of uneven levels in living room, kitchen, bedroom and the bed. My family members tripped and fell several times, hurting themselves. - refrigerator wasn’t running and smelling - there was half roll of toilet paper. We had to go and buy - no code to lock box given. Keys needed to be picked from downstairs restaurant (owned by host), where folks couldn’t not find it. And when they did, they gave us a wrong one for the building door. We got stranded outside on return - had to ring bells of other residents to get the building door open. - one bed room had no lights. Missing bulbs. - and top it of all, host was 100% unresponsi",0
1205645017252811844,944841423325467645,2024-07-21,The room was hot the entire time and the fan did nothing to relieve this. It was incredible loud outside. There were prostitutes walking up and down the street. There was broken glass everywhere on the sidewalk. You could see into the “opaque” glass bathroom walls and could see when each other went to the restroom. We did not feel safe walking anywhere in the neighborhood. The bathroom was not cleaned very well. The toilet was leaking and the tv wouldn’t work at all. Would not recommend to someone in the future.,0
1197721082889857322,951987963732341575,2024-07-10,"Good location, but I would not recommend staying for more than a night. The place appeared very lived-in, with expired food left in the fridge and other signs of extended occupancy. It did not meet my expectations, though it might be suitable for others.",0
1702911001597152542,1136949216140954932,2026-06-07,"Clautilde's place is very close to train station. Round the place, there are lots of restaurants.  Walking distance to city viewpoints. The floor looks need to be upgraded. The air conditioner exhaust hose must be hung by the window when it is running which is very inconvenient.  Other than that, everything looks fine.",1
1477533742524279457,1289024964833416671,2025-07-31,"They never picked up the call when I was unable to locate the place. Later they informed about a different number, but I’m not sure why they didn’t provide the guest the correct number. The staff/lady was impatient while checking in. Most importantly, their bathroom stinks, bad smell as if it was cleaned properly. During all my stay I had to bear that terrible smell.",0
651267870242851207,42372562,2022-06-17,Stunning location looking at the lake in a super modern building.  Great park/beach and boardwalk across the street.  Easy transit options as well.  Lovely hosts.,1
654101974625988655,8915577,2022-06-21,Although not in center of tourist area it is well situated for Tram 2 and 4 with a stop a block away. Apartment was big and well equipped.  No air conditioning so confirm that owner provides fans during summer months.  It was unusually hot during out stay. Not typical for Zurich.,1
1193364616600984791,1163673559973909414,2024-07-04,"The apartment was a cozy and safe place to stay. The space felt warm and inviting, with plenty of comfortable furnishings and thoughtful details throughout. I felt secure and at-ease during my entire visit, thanks to the building's solid construction and reliable security features. Overall, it was an excellent place to relax and unwind.",1
1315218012525823031,1172180921919823425,2024-12-19,"If I could rate Christos’s apartment a 10/5 I would in a heartbeat. Close to central Zurich with an easy to access parking space in case you are renting a car. Extremely clean, comfortable apartment with a great view of the sky in the backyard. Relaxing stay with heated floors throughout, towel heaters, and comfortable bedding. Christos himself is an extremely pleasant person, responsive on Airbnb messages, and even congratulated me and my wife in person on our wedding and honeymoon. Provided tea, coffee, chocolate, pretzel sticks, and sparkling water was a very nice touch. State of the art appliances with brand new cookware would make longer term stays feel just like home as well!",1
1620255116754182619,1523739823121862641,2026-02-13,"I had a very pleasant stay at Alexandra’s apartment. She is a welcoming, polite, and thoughtful host who genuinely cares about her guests’ comfort. The apartment itself is beautiful, and my room was clean and well maintained. Initially, there was no desk in the room, but Alexandra was very accommodating and kindly rearranged some furniture to provide one, which I really appreciated. The kitchen table can occasionally be a bit cluttered, though this did not particularly bother me. Overall, I can certainly recommend staying here. The apartment’s short distance to Balgrist, Schulthess, and the Children’s Hospital makes it especially convenient for anyone working at one of these hospitals during their stay in Zurich. As this is a shared living space, it’s important for guests to be mindful that they are living with the host. Respecting the cleanliness of the apartment and being considerate and communicative will help ensure a comfortable experience for everyone.",1
780959680255631142,596120655858111910,2022-12-13,"Having been to the area before I made my way easily to reach Yvette’s place, which was about 20-mins by tram from Zurich HB. Everything looked so stylish, Yvette even provided her own brand shampoo or so. Definitely a decent place to stay if you want to avoid the noise in the old city of Zurich. What made a plus was it was only 5 mins talking to the lake.",1
1630487762890632659,1442865032039361823,2026-02-27,"The property listing did not mention that the homeowner also lived in the house. The kitchen was dirty, the refrigerator had a bad smell, the trash bins were full, and the dishcloth had clearly not been washed for days. We did not explore the other areas of the house because the homeowner stayed inside the property the entire time. We only remained in the bedroom and did not have access to the other spaces as described in the listing.",0
1354357384493447466,1293424915673226058,2025-02-11,"Bed is very hard, like difficult to sleep on. Room is empty except for the bed. Bathroom is usable but small and no real privacy. Area is not great, thought it would be more downtown, however we were probably 20+ minutes of walking from ANYTHING",0
1571701084630981667,53103297,2025-12-08,"The best thing was the tram which stops right by the house every 5/10 minutes. Easy to get to the airport and the city center. All the amenities we needed for a short stay (3 nights) were there. As the apartment is in an old building project - we sometimes heard upstairs or downstairs neighbors, but it wasn’t too bad. Worth the price (compared to other places in the city).",1
1449190894363535070,1267366693430560689,2025-06-22,"There was no hot water. The host knew this before we checked in but did not inform us about the problem. He refused any compensation, we had to involve AirBnb customer service. There is no ceiling light in the place. Some small lamps are cluttered around the room but only one of them worked. The host was impolite and rude when we requested compensation. I would avoid this host.",0
692579560391560167,14497922,2022-08-13,"Location is Ok, overall is quite a plesant stay.",1
469391084,29050050,2019-06-14,"I don’t recommend this apartment. It is situated on a very busy corner street, where trams , bars and cafes carry excess noise pollution. Trams ring in your ears every five minutes.  On one night , the restaurant directly opposite,  had patrons who were excessively intoxicated and singing until 4am in the morning. There is no privacy, for example- the open windows expose you to every in the street - and because it’s level with a rooftop , people watch your every move. I had my curtains around constantly. Absolutely nothing comfortable about this apartment- it’s all image - nothing else and if you wish travel and rest - this is not the place . Sofa bed was uncomfortable- couldn’t sit on like a regular couch . “The balcony view “ is of the tram line . And other people’s rooms .  Not a good place to stay .",0
1158617548415799073,20397857,2024-05-17,Patrick is a very responsive and helpful host. His apartment is fully equipped and spacious. Only inconvenience is the location not being super central.,1
1687676740957955563,47168882,2026-05-17,"Swiss Stays looks polished on the surface, but the reality was incredibly disappointing. It became obvious very quickly that guest communication is handled almost entirely by AI generated responses until issues escalate badly enough for an actual person to step in.   Every concern was met with scripted, robotic replies instead of genuine customer service. The apartment itself had multiple serious issues. There was an ant infestation throughout the unit, the back balcony was covered in green algae moss and clearly hadn’t been properly maintained in a long time, and the “extra bed” was basically unusable garbage. To top it all off, the WiFi never worked because the bill apparently hadn’t even been paid. I already know they’ll post some polished response claiming they “tried to resolve everything.”   That’s just simply not true.  Not once was I ever offered the option to leave and move to another property  as that is what i offer guests as a host when conflict can’t be solved.   SHAME",0
1687618436115762466,48022280,2026-05-17,"It was central enough that I walked everywhere. However, I asked about luggage storage and was told no problem. Different story on the day as they have limited space, its a first come first served situation, not something that was communicated to me.",0
1493378397809308856,1340055884771795137,2025-08-22,I needed to stay somewhere near Zurich HB and this place was about a 10 min walk. I didn’t spend a lot of time there as I was out most of the day but it was convenient!,1
1195533224116597219,1029650793095032337,2024-07-07,"Unfortunately, I have to give a rating of 4 instead of 5 due to the kettle not working. But all the rest was top level !",1
1452699395043280761,52449648,2025-06-27,"One of the worst stays we’ve ever had.  The moment we walked in, we were hit by an overwhelming stench of synthetic perfume — we had to boil vinegar just to make the air breathable.  The AC was useless against the heat, and the bed was so sunken we slept in a pit.  The shower alternated between scalding hot and freezing cold due to faulty plumbing.  We paid CHF 265 per night, plus CHF 35/day for parking in a space the host rents monthly for CHF 150 — blatant overcharging.  After one unbearable night, we checked out early, but the host refused any refund.  Tellingly, when we mentioned we’d left our Airbnb, the hotel across the street immediately guessed the address: “Ah, Badenerstrasse 414?”  Clearly, this place has a reputation — and not a good one. Avoid at all costs.",0
602540252,32346655,2020-02-07,We originally booked a separate place with Tania and we were offered this listing due to flood damage on the other. Great location and Tania was really helpful with our questions when we arrived. There was some noise from the upstairs apartment (footsteps etc) but these tended to stop before we went to sleep.,1
1586222748048521494,1250619365942301520,2025-12-28,"Not bad but certainly not great. Host needs to go check her own property. The freezer was so frozen it could not open. Probably not defrosted in years. We spent a lot of money to buy food to make in oven and oven was broken. Host’s response is we should order uber foods. What about all the food we had that we now wasted?  Coffee machine also faulty. The instructions for washing machine and dryer did not match the options on the machine. The pull out sleeper couch is very uncomfortable. Location is good and host had a facility to leave luggage due to our late flight out, which helped.",0
1500696150555007978,28884429,2025-09-01,"It was a little basic in terms of amenities including small worn towels, shower door needs maintenance  and no AC which was required as room gets hot and stuffy ..might choose a hotel next time for the same price",0
1136861669373957667,720092458426634563,2024-04-17,Place has lots of bright sunlight and has all the features you would want in terms of equipment. Location for us was away from the main city. We found some old empty bottles lying around under the sofa beds (from previous guests) and the towels weren't properly cleaned. So overall experience was not so great.,0
441579525,21466718,2019-04-22,"A beautiful well located apartment, very well presented with space and comfort, I would recommend highly",1
1627512836067653922,1512889967043393920,2026-02-23,"Overall a decent stay! Apartment is quaint and fits the description. The host is very responsive and all basic amenities are there. The elevator in the building is also a plus. The only two downsides were the bed (not that comfy) and a smell, I assume from the heating.",1
219832854,21466718,2017-12-19,Worst stay I had in 5 years of AirBnB. I'm shocked AirBnB lets hosts like this on the platform. My lawyer will deal with the situation,0
1526807830804654475,1160985872573170849,2025-10-07,"We stayed at this apartment for a few days and overall had a decent experience. The place was clean, spacious, and in a great location—walking distance to the train station, bus, and tram stops. Communication with the host was quick and helpful. There was a small check-in issue due to unclear info about the parking fee, so we didn’t receive the entry code until we asked, but it was sorted in minutes. The apartment sits above restaurants, making it noisy on weekends if windows are open. Storage is limited: no dressers or hooks, and only two small cupboards outside the bedrooms. For five guests, this wasn’t ideal—especially in winter. One bathroom also made mornings tricky. The shower didn’t drain well, and the hair dryer was useless. The kitchen had limited pots, pans, and only three glasses—not enough for five. Overall, a clean and well-located apartment, but it needs practical improvements for comfort and convenience.",1
1515875187430714202,1483348354903184417,2025-09-22,our experience was not so great. we had to climb 4 floors with all the luggage and with kid it was even harder. the hand and the overhead shower did not work and the kitchen cutlery also was not sufficient,0
1521029945740487069,17739331,2025-09-29,"The day before our trip we were basically forced into paying a $300 additional fee bc they claim when we booked the room (as a couple) we didn’t specify the guest number. When we searched for a stay in Zurich our setting was set on “2 guests.”When we questioned why there is suddenly a price difference for 2 people (1 couple in a room) this was the response:  “Well there are many Airbnb’s and hotels promoting single stays and you had the option to select for one or more guests from the beginning and our rates are still unbeatable in this is the most expensive area of Europe. If you don’t agree you can contact Airbnb -Chris” The day right before check in, we were pressured into paying an additional $300; if not we’d be forced to cancel and find somewhere else to stay. Despite the additional $300 charge for the “extra person”, we were only given a SINGLE towel per Person for the entire stay Shower head is broken Mattress is lopsided and uneven  All dishes and utensils were dirty",0
1278195361045830328,1073154131303655567,2024-10-29,"Kitchen floor was sticky and stained, ceiling lights were broken, saw cockroach in one of the drawers, not a very clean apartment. The location itself was fine for family, but the apartment was not maintained well.",0
1450661712351750984,1224017144242285767,2025-06-24,"The apartment is ideally located, close to all amenities. Every room was well equipped and spotlessly clean—apart from the cutlery, which I flagged to the host; they immediately offered to re-wash it. Check-in was slightly delayed because the gate code provided was incorrect, but otherwise the stay went smoothly and the host was quick to answer all my questions. The flat has a real home-from-home feel, and the balcony is definitely the star feature.",1
1681876412297925546,1596431186192859102,2026-05-09,Was a very nice apartment and host was easily contactable and very nice. Recommend highly !!,1
1647800865011285474,1377698168315160152,2026-03-23,"- Unit was not ready past check-in time.  - Moved to another unit because the unit was not ready, but the other unit was not clean either. Oily and dusty floors, smelly unit.  - Miscommunication between the host and the cleaner. Messed up. - No responses after sending a few questions prior to stay. No communication about check-out process.",0
1714353974038176611,1540256432277328485,2026-06-23,"The door does not close and you cannot lock it. The heat is constantly on, even if you turn off the radiator in your room.",0
983133660670630274,871569367098563199,2023-09-18,"This room is in 4 floor ( ground floor, floor 1, floor 2, floor 3) with no elevator. I did not recommend for any lady with a big luggage . In addition, the main door is very very difficult to open. You need to push it very hard to open the main door.",0
1398462162870641255,1069424757462308096,2025-04-13,"Old building that will be demolished (according to the host). Nevertheless is more or less as seen in the photos. Broken blinds, missing amenities, and kind of dirty. Still in a good area near the tram and the universities.",0
1213628617077159859,1181165176792234241,2024-08-01,"Great location close to transportation, the lake, and multiple stores",1
1695628654610637218,1373937967992607203,2026-05-28,The host is friendly and responsive. The Zurich guide he provided was helpful. We had to check out before our stay ended as the apartment was just too hot. There’s a small fan and the host provided an extra one but the hot temperature and lack of air circulation made it very unbearable especially for our little kid who had heat rash throughout the night.,0
774506036376441316,11075723,2022-12-04,"Residential area near the lake (10min walk). The tram is in front of the flat, there is a food shop ""Coop"" at 50m2 and a Pharmacy,  restaurants/bars nearby. The flat correspond to the pictures. Our check-in was a bit chaotique. We arrived on Friday at 3pm check-in time and Tania was not there but the keys were in the box located outside the building. The keybox wasn't locked and the key for the next guests coming 2days later was in the same unlocked box. I informed Tania and she was unpleasant.The bins in the kitchen were not thrown away and the entier flat smelled very bad. The dishwasher had not been emptied. The lids of the pots and pans were dirty. In the bathtub we found its hairs and dirt. I informed Tania and a cleaning lady came and she was very rude and impolite. One of the bedrooms is noisy, you clearly hear the noise of the tram tracks as of 5am...   Shame that we had an unpleasant experience even if the flat is nice. We will not come back nor recommend.",0
1212260346735060106,807673500411077145,2024-07-30,"The apartment was clean and spacious, but very dated, and the furnishings could use some updating. Location was very noisy, but it is a city, so there's not much you can do about that. But we had some issues with marijuana smell from neighbors and someone outside in the park all night singing loudly and playing loud music from about 2-5am. We ended up leaving a day early. Cher was very nice and responsive, but we just needed somewhere a little less noisy. It was an affordable option for the city, and if it were colder the noise may not have been as much of an issue. But in three summer it was too hot to close the windows unfortunately.",0
490353978343076312,38632737,2021-11-07,A very great location for the reasonable price. Calm neighbourhood. The food store just across the street. 15min to reach the city center by public transport. Small kitchen and bathroom. But we liked big and comfortable bedrooms.,1
353748678,18233101,2018-11-29,Cozy place and it’s convenient to use public transportation to everywhere..,1
965049537650565780,28792518,2023-08-24,"We stayed for about a week between 2 apartments, place is close to everything’s and bang for the bucks, We thought everything went well, but to realise later after checkout that the host requested for extra 450$s for damages, not sure which direction that’s gonna go with Air BNB as one of the damages listed was referred as oil spill for a small oily footprint on the floor. And funny thing is we only stayed on this apartment for 2 nights and checked out early due to early flights.",0
964342673275167189,53839287,2023-08-23,"The house is very nice.  But Zurich is very hot this week, we are hard to fall asleep due to no air condition, but most house in Zurich are no air condition.",1
441098537005771916,50905553,2021-08-31,"Simple but nice place. Very friendly and helpful host! Super location, right by the lake and 10min from town center! Had a great stay! Would stay there again in a heartbeat!",1
1012158708450052037,929395123816126361,2023-10-28,"As per other comments, we’ll equipped studio but very light and noisy at night which disrupted sleep for 3 nights in a row, possibly due to the tobacco shop downstairs and nightclub next door",0
670477905,43683848,2020-10-03,"Quiet neighbourhood. Grocery stores and train station very close by. The flat is small but has everything that one needs (kitchen, desk, ...).",1
1023747493974055670,1003458880729932334,2023-11-13,"The price was really good Guyz were friendly The room was nice Good location While the bath was dirty Generally, I recommend this place 🙌",1
101824857,11266276,2016-09-15,Everything was smooth - from reservation - check in to check out. Prompt answers to my emails. Room was spotless. Couldn't have been better.,1
978092485976744149,9248507,2023-09-11,basic apartment to spend a night or two in the centre of Zurich - it had all the functional things needed to stay overnight.  close to public transport and Zurich HB,1
836809250711943103,623050055657361720,2023-02-28,"Had a lovely time,  the flat is beautiful and has everything you need for a long stay.",1
167939115,2470664,2017-07-08,"Alberto's place is centrally located which is wonderful. And it is accurately displayed online. However, it is right across from bars and a library courtyard where teenagers like to hang out late into the night. Got quite loud. It was difficult for me to sleep. We were also disappointed that we were not able to get a second key even though we paid 25% more for having a second person.  It made our time more difficult as my husband and I were constantly having to arrange our schedules to let each other in and out of the apartment. Overall, this was not a good fit for us and we wish Alberto would've have helped us more with this request--or given a discount for the inconvenience. There was also an issue with double-booking such that a stranger came to knock on the door when I was by myself one morning and asked for proof of my right to be there. I was uncomfortable with this situation. Alberto did not give me a head's up. Unfortunately, I cannot recommend this apartment.",0
1216594210095967945,883752842761390254,2024-08-05,We loved staying here! So close to the tram which connects you to the airport and the rest of Zurich but not noisy. Perfect spot if you're visiting ETH.,1
1590578242699401232,893155018666068269,2026-01-03,"A grand apartment for a solo traveler to stay for 5 nights.  All mod cons, great shower, only issue was I found the mattress a bit uncomfortable, but that would vary.  Tram into town is very close and it’s a very walkable city. Shops close by for groceries",1
539480171,15780649,2019-10-01,Nice place to stay on a temporary basis,1
1480358503733612296,1243449127847120741,2025-08-04,"I would highly recommend staying elsewhere. Claudia is a nightmare to deal with, she will accuse you of “leaving garbage” when there is no information on where to take the garbage out to, oh and it’s not like you can ask someone else in the building since immediately when we got there all the other tenants in the building made it very clear we were not welcome. Also don’t expect shampoo or body wash, we checked everyone, there was nothing even though it says it was supplied. I have stayed at many Airbnb’s and never have I been in a worse airbnb. The room is tiny, it’s smaller than a hotel room, and you don’t even get basic necessities like body wash. The shower also floods the entire bathroom. Really I would stay anywhere else in Zurich but here.",0
1430390423224442720,1369631072751373657,2025-05-27,10 minutes from oldtown and the place is right next to the tram and bus station also grocery coop and migros just outside the door,1
706371811103692226,26142789,2022-09-01,"I'm really not one to leave a bad review, but this company/person put me in a really terrible position. I've recently moved to Switzerland with my small dog and knowing how difficult the housing and Airbnb situation is, I booked an apartment more than 2 months in advance with my dog included in the reservation. The reservation was for 40ish days to give me a suitable time to get my paperwork in order and search for a permanent accommodation. TWO days before my flight, I get a message from Chris that the place I booked actually doesn't allow dogs and he could offer me instead 10 days in a significantly smaller place. At this point there were really not other options around the same price, I took his offer and additionally had to find a place for the 30 days. This ended up costing me thousands extra for the cheapest last-minute place. We had been in communication the weeks leading up to the reservation and the last-minute cancellation was unprofessional, and as someone already making an expensive international move, cost me money I really didn't have and had diligently planned on my side so it would not happen.",0
741188636133861262,50812304,2022-10-19,"The host has unlawfully required me to send my ID. After contacting Airbnb, I was informed not to go along with it. The host canceled the booking because I did not agree to the sending of my documents. I stayed on the street, without any accomodation for the night. Watch out for this offer.",0
586752661830668837,23322898,2022-03-20,"These apartments are located in close to proximity to Zürich central station. This central location is convenient; however, the bar downstairs is very audible on the first floor and we requested a transfer to a higher floor for our second night which was granted and much more quiet. The design is as shown in the pictures. Unfortunately, several details prefer form over function. For example, wooden floors in the kitchen which were already damaged by water prior to our arrival. The bathrooms have insufficient space for toiletries, bad light at the mirrors for make up and one shower drain was clogged leading to a water spill. Some of the bedroom doors did not fully close and had to be blocked by chairs. Some carpets and couches had stains when we arrived. The apartments are packed with modern gadgets. Some make use actually more complicated, however. For example, you have to contact ""James"" to remotely adjust the temperature inside the apartment. You have no direct control over it. Even though Zürich is a very expensive city, the pricing of these apartments is still significantly too high given the downsides mentioned above.",0
1002037852736124908,9929768,2023-10-14,"Close to a tram station and a train station, very convenient!",1
1471736965429946512,1229118445100472069,2025-07-23,"Overall I'd give Stefani's place 3/5. The flat itself was clean, and had decent facilities with fans for the hot season. However, we had very squeaky fans that made a lot of noise (which they fixed on Day 2/3) , only one remote controlling the fans so we couldn't control both individually (again fixed on day 2/3). Our biggest complaint was the noise. There was major construction across the street for which we were only notified a few days prior to coming in. This was major construction so obviously they knew well in advance - we. ouldvw been warned but this locked us in. Further, right across the street was a gambling den that was noisy until very late hours of the night. Again, not a new fixture. This really soured the entire experience.  There is a train station 2 mins away which was nice.  Would we stay here again ? no.",0
1199146550605135371,28909599,2024-07-12,"The apartment was clean, quiet, and very conveniently located by the train. It is not in the main part of town, but still walkable to many nearby bars and restaurants. Would stay here again!",1
1305740431374698383,1047837378777791990,2024-12-06,"Great location!  Very clean, warm apartment with many amenities nearby. Would definitely stay here again on our next trip to Zurich!",1
1708677222502639254,6311102,2026-06-15,"The building is located on a hill, where no taxis/Uber drives through. It's not ventilated well, so you always smell something. There is no AC, so be mindful if you book it during summer time (it was hot during the night, and we only had a small fan). There was no toiletry in the unit, even not a simple shampoo / shower gel. The guy is so rigid, shows no flexibility / support. The instructions for green waste disposals were not clear, and his answers made it even more complicated. I'd not recommend this place.",0
1527467944438264262,1423760289581822487,2025-10-08,In a very convenient location with a Tram stop right out on the street. There is also a grocery store across the road. Easy access to the city center.,1
956341695401898143,21294062,2023-08-12,"Rossana’s place was clean, comfortable, and very conveniently located! We would stay here again!",1
812984335546232184,3813905,2023-01-26,"Host is an old lady that she needs someone to take care for her place, she will be walking in and out of the rented unit without permission and you will have ZERO privacy. She walks into your rented place everyday many times and open all the windows so all your stuff are exposed, and so she can spy on you, and obviously your bags are out for thieves to see. She will hand you a long list of housekeeping tasks that mandates you to stay at the room to complete, and she will shower you with messages on your cellphone, what’s app, airbnb app, etc like a maniac. With no understanding that people travel to mind their own business not to take care of her room.  Despite not spending much time in the room during my stay, max total 10 hrs during about 5 days, she asked for more money claiming there’s a second person (renting an entire place- hence walking in and out of rented space). She will start selling you larger place and sending you non stops messages which turns your travel into hell.",0
1515898148435192806,1435136353593229338,2025-09-22,Had a great stay. Friedrich and team were super responsive. Place was spacious and clean.,1
1260003191549933306,793885972392464384,2024-10-04,"The place was great, highly recommend. Super close to the 31 line that will take you anywhere you want to go in Zurich. Elisabeth is very pleasant and met with us directly at check in",1
749082376513545782,41918871,2022-10-30,"I love the concept of small rooms with shared spaces, including microwave, and espresso machine, and anything else you need in the shared space.  Very nice staff, very clean, great communication, great atmosphere, and you cannot do better with the location, right in the heart of the old town. Great experience overall. The only downside is because of the location, there was some party noise at night, but the ear plugs that the hotel provides for free were super effective :) I slept very well. Also, super comfy and nice bed! Ideal for singles. I would def go back again!",1
1676099443172743993,1486834509064619140,2026-05-01,"I stayed for two weeks and was very disappointed by the poor condition of the appartement. I found eggshells on the bathroom floor, the bathroom sink was uncleaned, and there was old food left in the fridge. It made me seriously questioned if the bedsheet and towels had even been changed. When I alerted the owner, she sent a video from her cleaner to ""prove"" it was clean, implying I was lying (I sent photos as proof). There were notable differences between the video and the actual state of the room; for instance, the blanket was positioned differently and there were dishes on the drying rack not seen on the video. I gained nothing from reporting this and didn't even asked for a refund, yet my concerns were dismissed.  The location is convenient (near Wiedikon station, shops and restaurants) but a bit noisy at night (cars and people). Because of the hygiene and the host's defensive attitude, I would only recommend for a very short stay.",0
1517342344100158851,1400015173970010034,2025-09-24,"This host was unresponsive did not provide access instructions and I had to contact Airbnb after traveling for 24 hours to even get in this house. I’ve seen reviews recently of others having this issue as well.  Due to his unresponsiveness and our inability to get in to the house on time, I would not recommend renting from this individual.",0
1278899184799118705,547578653703132865,2024-10-30,Good host. The place was just as described and Lazhar was responsive and helpful.,1
1431872876045966335,1176813416936440463,2025-05-29,"The apartment is quite spacious and very clean. The location was very convenient as well.  However, I was surprised how bare bone the apartment was. Nothing was provided in the kitchen, not even a salt shaker! There was one bath towel per guest provided, even though we stayed for four days.  And no toiletries with exception of a tiny disposable bar of soap.  We were disappointed by this lack of hospitality.",0
1716644537120959165,1356390242184908530,2026-06-26,"Location, size of the unit and wifi, are great but this is not set up for a long stay so I will not return. There were issues immediately on arrival: no clean bath towels, no trash bags. Host was not quite responsive: did not seem to see these as priority issues. A day later, the host refunded some money but gave no guidance so I ended up buying some trash liners to use in the unit and relying on colleagues to get the official Zurich trash bags. This was made worse because I had to buy many other things to make my 3-week stay possible: dish soap, hand soap (as another review noted, the one in the bathroom was watered down), paper towels, even a light bulb (one of the bedside lamps was missing it altogether). These are not things that should need to be solved after check in, especially for long stays. Minor things - like a freezer that has never been de-iced so it's pretty unusable, dirty pots, personal items left visible and disorganized, all add up to a disappointing stay.",0
156537882,12469141,2017-05-31,"This was the most terrible part of our Switzerland journey.  After reaching this place , Jung soo came  She welcomed us in a nice manner. She got Disappointed as we were having a three yr old child but later she said ok, She is fine with him and gave 20 Frank's as excess fess she had charged. She said it was an early checkin she had not cleaned her apparent  But said she will do it after our return fromRhine falls tour. But when we returned a party was going on . The rooms were untidy. Everything was messy. Lot of her shoes inside and outside the apparent. Refrigerator was full of her stuffs. After party her friends also came up and stayed for about half an hour. Most disgusting thing is that she offered the left over cake to eat. In between she wrote a big message to us that she was disappointed as we took 20 franks but we didn't reply to the msg as our tour would have spoiled. She finally asked us to pay back the 20 franks and we did. She even requested to sleep in the adjacent room we said yes she can But as she had rented the apparent , no frnds of her allowed in the apparent for security reasons. Airbnb guarantees Jungsoo but not her friends. The cake episode was just enough to show that how she bothers about the guests!!! There was left food in the kitchen  We have  pics of her shoes, refrigerator , toilet having dust bin in a place where a person can hardly stand. So much to write but big no for Indians As she wrote that : In your country ( India) A child can go without a reservation but not in Switzerland. She has no right to generalize the things . She has no right to comment on our "" country ""  The worst part of our Switzerland trip . All other 3 host were just wonderful  Tricia in Lucerne  Philip in Interlaken  Arnold in Gstadd...",0
520078922846220042,52360195,2021-12-18,Our first airbnb upon arrival and everything was great. Tania is indeed a super host and reply me almost immediately everytime. The apartment was clean and equiped with almost everything you need. Excellent!,1
122401010,10095770,2016-12-23,"Michal met me when I arrived and gave me a tour of the airbnb. Well deserving of the Superhost badge, everything is organized and run as smoothly as a hotel.",1
656907549,13738654,2020-08-27,Pros: Modern apartment in city center with coop migros tram stop nearby. Has a refrigerator and microwave as well although it’s not listed as amenities.  Cons: Inconsiderate host. Elevator was not functional and property was on 4th floor. She knew about it. But chose not to inform at all till we complained. Her response further were inconsiderate. No money back. No help offered to carry luggage/ change accommodation etc. we had small kids and stroller with us as well.,0
1578295420302379998,1144964235398138975,2025-12-17,"location was good, place dirty especially a sticky floor, noisy place",0
434526600574507273,51160498,2021-08-22,"The apartment is small but has everything you need (to cook, towels, hair dryer ...) It is far from the center but less than 15 minutes from Zurich if you take the train.  The only bad thing is the cost to get to the apartment but it is worth it!",1
183459745,5687423,2017-08-17,"There is no AC in this apartment, it smills very bad and you have to carry your luggage one floor to get to the elevator",0
1212935777652472264,672204327674232576,2024-07-31,Shelley's place was very close to a big Migros supermarket and a team station. It's very convenient.,1
746137884740860010,15797502,2022-10-26,Lovely and very clean apartment. The location is super convenient specialty if you have children,1
1672458033764404968,1595561813147837016,2026-04-26,"Price is convenient but the cleanness of the apartment is not good. Linens and pillow was smelling bad, I barely slept. Toilets are in same condition. I would not recommend unless you are looking for budget wise.",0
527969893,27894926,2019-09-12,Nice room with external private bathroom in a well located flat (at walking distance from oerlikon train station). Very nice family.,1
1433968004945288873,921084220429937150,2025-06-01,"Well positioned, especially if you are going to a concert at Letzigrund stadium, supplied with essentials and thought about guests in smallest details (even new toothbrushes in case you forgot yours).",1
1416622755950762755,1352019773390728552,2025-05-08,"The place is well located , but the men where together with the women , not good and people Were loud in the evening , I had to wake up early to catch a flight , and people Were talking",0
1299264492198008869,1028134450181795036,2024-11-27,"Stay away from this host!!! We followed all the house rules for check-in and check-out but the host apparently had some of his asking or requirements that were NOT in the house rules before and after our booking. The host NEVER communicated with us about that and those asks were NOT written in the rules nor communicated to us.  Afterward, the host will find a way to claim from Airbnb that his unwritten or unspoken request caused damage.  Run and stay away from this place!! Host tries to find a way to milk you for existing damages",0
1210797491961748832,888341946665996589,2024-07-28,"The apartment was nice, neat and concise. Checking in and out went smoothly. It's well located in a private area with shops and restaurants. It was nice to be able to conveniently get to an fro on the #11 Tram.",1
1715753245607784542,35831060,2026-06-25,Air conditioning was not good Definitely a very expensive property that should have had better ac for the price,0
1718167974313601988,1499879232818015428,2026-06-28,"The flat is about five minutes away from the tram station and around twenty minutes from the city centre.  It’s a large apartment in an old building. Some parts of the flat have been renovated, but others, such as the blinds, are quite old and don’t close properly, allowing the sun to come inside the flat at 5 am.  The cleaning wasn’t good enough: the two tables in the living room weren’t cleaned at all, and some corners seemed as if they hadn’t been cleaned in a while. Additionally, we found two cockroaches in the bedroom.  The coffee machine was broken, and the flat didn’t have a washing machine, which we missed as we were staying for eight days. We also miss a closet or at least some hangers to be able to hang the clothes. On the day we left, we went for a walk early in the morning. When we returned at 9:30 am (checkout is at 11 am!), two women were cleaning the flat despite the fact that we had not yet checked out, all our suitcases were on the floor, and it was clear that we were",0
1245543060837012411,1089006581666735722,2024-09-14,"Silvia’s house is absolutely gorgeous.  However I booked for three adults with a two year old and she advised that she’d been told four “guests”.  It wasn’t until I asked about a cot she advised that she became aware we had a child. This property should not be listed when booking accommodation for children, let alone a toddler.  The stairs have banisters, however the struts are wire and the bottom floor (there are 3), has nothing at all.  The back yard also has a set of stairs going down to another area that even an adult could fall down into if they didn’t know it was there.  The back yard is also only fenced on two sides, the other with small bushes leading to an open area.  In the end we were unable to stay there because it we felt it unsafe for our toddler - and Silvia’s many displayed personal items.  I did ask for a partial refund but was refused.  We also believe that Silvia would’ve been staying on site for the duration of our stay which was unexpected.",0
1484673962397549936,1258604949751564764,2025-08-10,"Excellent location, basic room with no special amenities. Theres a hot top for heating pans but the drawers for possible clothes have doors falling off, the fridge has mold, the bathroom was good but shower was weirdly dangerous to get into. I wouldn't even care about most of this but the price was Zurich expensive. The redeeming quality is that youre literally in the dead center of town, with a slightly cheaper option than nearby hotels. Overall not a great place to stay but if you just care about location, solid choice.",0
1457209900063399118,667356914073648220,2025-07-03,"Unfortunately we could not stay more than one night during a five night booking. Upon arrival we realized all Sebastian had was a small desk fan in the middle of summer. We understand Switzerland doesn’t have AC but at least try and make your guests comfortable. We went to get ice for a drink and the ice tray clearly had never been cleaned. We cleaned it and had to put it outside due to the smell. Then when we were going to bed we realized there were no pillow cases for the extra pillows. The pillows were all very yellow so we used one of the owners shirts as a pillow case. The towels were incredibly scratchy and generally felt more like a single bachelors pad than any of the descriptions sent. We had to book a new place and Sebastian said the only way to even give me a cleaning fee back was if I left a good review. How unfortunate, wasted $1,500+ on this place and had to pay $1,400 for a new Airbnb. So unless you’re 20 or younger I would suggest finding a more suitable place to stay.",0
644750712904108858,42243057,2022-06-08,"Not worth the price. The loft is not at all like what you see on the photos. It’s basically a large (empty) room with a glass door and no curtains. The kitchenette is a fridge with a coffee machine. Everything is cheap, just modern looking, but it is lacking functionality and attention to detail. There are no hooks to hang towels, shower head is not adjustable, it is plastic and wobbly and it hits the wall, the window blinds are metal, slow and falling apart on the edges. The bed was good. Working area is non existing. There is a tiny awkwardly narrow desk and a not comfortable enough chair that is not a working chair. The view of the balcony is onto a tram station. Breakfast is not included. Parking is payed, even when you manage to get it. Overall, totally not worth it, just get a less modern looking place for the same price and you will have a much more quality for your money.",0
630282059777947586,3483175,2022-05-19,You are very close to a beer garden that is on lake Zurich. It is also right off of a tram stop and a few blocks from a grocery store. It has everything you need and is quite spacious and clean. I found the messages I sent to Marie to be answered quite quickly. I wouldn’t hesitate to recomend my grandmother to stay here!! And I would stay there again too.,1
1140453372645384664,888340299922627619,2024-04-22,"Good place, kind of small but had everything needed for a short teip",1
310121272,23867310,2018-08-19,"In addition to the general conditions which are fine, the host changes our rooms (from Apt. 7 to Apr. 10) up to 5th floor without proper notification.  Make things worse, the lift is broken so we had to carry all the luggage  up to the higher floor.",0
187450226,1962016,2017-08-27,"Very good and friendly host. Always willing to engage with you. All his information were accurate with regard to reaching the apartment, tips regarding moving around and eating out and many other things.  Room is a part of two bedroom apartment. One bedroom is with him and other bedroom is given to the guest. Good size common living room and kitchen. A private sit out and a very large garden which we hardly used. If you are looking for privacy then it is not for you unless unless you want to remain locked in the room.  Rolland cooked some great and lavish breakfast. He also gave us some great fruits when we were going for sightseeing.",1
1452159544243839104,1163673559973909414,2025-06-26,Frank’s place did not feel like anyone is living there…it was not hospitable. It had been very warm in Zurich before we arrived and it was very hot when we arrived…I wish that they would have anticipated that a fan/fans were needed for our stay as there was no air conditioning.   I informed our host of how miserable we were when we checked in.  They informed us that they would send fans by noon the next day. The bedrooms are upstairs and the heat was unbearable the first night and when opening the windows there was the loud traffic noises on the busy street below..we were very tired and were not able to get much sleep. The fans arrived the next afternoon but pretty much useless…the heat continued and that night we still needed to open windows only to receive LOUD street/rail construction wake up at 3:30AM(I have video of this event) HORRIBLE MISERABLE NIGHT … also there was only one bathroom with bath/shower upstairs … the one downstairs only had a toilet and sink…Would not return,0
724546370,36346490,2021-01-16,"If you are in doubt - just book it, because everything about this place is excellent. Grazina is an outstandingly warm person, outgoing, friendly and thoughful. She made me feel at home the instant I arrived and throughout the entire stay made sure to check whether anything could make my experience better and offered her knowledge of local transport, the city, local customs and traditions. Everything was sparkling clean. Communication was excellent: response time is nearly instant. The place is on a private road in a very quiet location, yet very close to the centre and to the local shops and takeaways. Even for someone like me, who is extra-sensitive to any noise, this was perfect. It is on the edge of a large green area with pine trees and the air is crispy clean. Wi-fi was excellent: very strong uninterrupted signal. The kitchenette had absolutely everything I needed for cooking: from utensils and cutlery to plates, bowls, snacks dishes, coffee and tea cups, spare coffee machine capsules, champagne and wine glasses, etc. The chest of drawers had local guide leaflets and even a pair of flip flops and shoe tongues, which I didn't need, but it was very thoughtful. The space is very stylish and well thought out. Worth noting the mattress was very comfortable.",1
1547035426969917408,1050383145419756567,2025-11-04,"the bathroom is smaller than a cupboard the geyser doesn’t work, the beds are shit",0
1647782965986455933,1409530675633456836,2026-03-23,This is a no frills apartment and you’re constantly reminded of this when there.  AI slop art stapled to the wall  No hand/small towels provided.  Posting advertised a wireless charger but there wasn’t one so we had to go buy a converter.  Included travel wifi was nice.  Loud sounds all times of day/night.  Sad looking room but in a convenient location.  I’d say you get what you pay for but it’s not cheap either so 🤷‍♀️,0
655571248098957847,3483175,2022-06-23,Nice place with everything you need. The parking lot that we rented was a big hassle! Already during our 2nd night there was somebody else on it :( We announced it and City Stay gave us another one. The 3rd night all parking lots were full and we had to find a public one! Knowing that the Zurich Police is very keen on parking frauds we were not very happy. Especially because we payed extra for the parking space!!! Unfortunately City Stay didn't refund the money until now :(,0
1717446293866362642,1637936495861622022,2026-06-27,Beautiful apartment very nice host very responsive and very helpful and caring . I would love to book the same place if I visit ZÜRICH again 🙏🏼,1
1663800852272645301,1407461350686112319,2026-04-14,"The apartment itself was fine, but the overall experience was disappointing due to the check-in process and communication. We arrived slightly before the official check-in time and asked if early access was possible, but were told it would require an additional fee. While this is understandable, the situation was not handled very flexibly, even though we were already nearby. At the official check-in time, there was still a delay and we had to wait outside, which was inconvenient after traveling. Communication also felt impersonal and at times came across as distrustful, particularly regarding the key handling. The most frustrating part was after check-out: we accidentally left some belongings inside and informed the host immediately, explaining that we had a train to catch. Despite this, we were asked to wait around 40 minutes and were not allowed quick access to retrieve our items, so we ultimately had to leave them. Host suggested to buy the things from airport ultimately 🤔",0
606271779593996998,45525628,2022-04-16,Great location. Super clean. Good spot to stay.,1
1693415889765855860,1190376088578038095,2026-05-25,"I really liked the apartment!  Very cozy apartment.  Great location, quiet area, great view, transport nearby.  Friendly landlords, quick communication.  I will probably come back. Dainis",1
1565878134156362759,1003440524246525000,2025-11-30,I had a wonderful stay in this beautiful and immaculate apartment.  It’s located in a peaceful neighbourhood and within walking distance of the centre of town.,1
493982007626803867,32523536,2021-11-12,"Everything was more or less fine, but due to a few issues it was not very good. The instructions on arrival were not really clear. I spend 15 minutes looking for the key. And the room was not very clean: It was dusty and I found a used tissue in the closet. There was peculiar smell in the room (fungi?) and the fridge smelled very bad. Also, the microwave and the oven didn't work. This caused a rather disappointing cold meal.",0
1198392068299074733,26703294,2024-07-11,The airbnb wasn’t ready when we arrived and they were still cleaning from the previous group and I had to ask a few times for fresh towels. The host came to serve a light breakfast of coffee and treats stayed to join us. We felt uncomfortable that the host wanted to take photos with us and my friend’s child.,0
1517395292813596877,1466840353576347438,2025-09-24,"The place was absolutely spectacular. Unfortunately, the weather didn’t let us fully enjoy the views, but that doesn’t take away anything from the overall experience.",1
1282499864256852895,1166465730705114826,2024-11-04,"Ornella is a wonderful and generous host. The apartment was very enjoyable and quickly felt like home. I really enjoyed the opulent sofa and the ‘50s/‘60s furnishings. The view is gorgeous and the location combines the best of both worlds…a minute to the tram, a quick walk into the city even without public trans. and great walks through mountainous woods, jogs along the river, all at the doorstep. I will definitely return.",1
1244087487720166941,1194887076923437701,2024-09-12,"Vanessa’s place was a perfect stay , cozy and clean . Communication with vanessa was great she helped reaching the apartment and  sent the exact location wish was perfect !! She took care of everything in details .. staying in Vanessa’s place is highly recommend..Thank you Vanessa!❤️",1
1221583691211698283,980402165513408092,2024-08-12,"at a temperature of 34 degrees outside, we didn't even have air conditioning parking was extra 20/day.  the apartment has too many conditions than facilities.  In my opinion not worth the money ( 500/day)  All  respect for Jordane she did the job properly.",0
456645556,12860185,2019-05-22,"Excellent spot in Zurich's old town. If you're looking to use Zurich as a central location to travel to other parts of Switzerland, this room cannot be beat for the value and location!",1
1715004348390625299,1674512333415420135,2026-06-24,"Worked out well.  Close to River and transportation,",1
1699298961358168397,1274120126432283390,2026-06-02,Great place to stay. It is a bit far from the train station but there’s a tram that takes you right out front. Can be noisy at night,1
1395536039399426475,13071400,2025-04-09,It was an amazing stay..very near to public transport and no complaints..would love to come back again..,1
222605844,20079919,2017-12-30,"If in Zurich with family, must stay. Take advantage of airport pickup service.",1
713421035,1982405,2020-12-05,"Good location and lovely setting, but the apartment is overpriced for its state and amenities, and the unreliable wifi. Many things/furniture in the apt. are/is old and slightly broken. Subas' parents often seemed overwhelmed and annoyed and lacked professionalism, as if they were bothered by my presence. The fridge was broken upon my arrival and they told me they will replace it after my stay (with six weeks still left on my lease). I suspect they didn't want to spend the money on a new fridge. They also asked me to sign their own contract which I later learned was illegal according to Airbnb T+Cs. At the end of my stay, Subas' father asked if everything went OK, and when I raised a few of the points above, he told me to stop talking, pack my bags and leave (one hour before the official check-out time). I did not feel welcome.",0
1475270256541813011,797575777508179682,2025-07-28,"I stayed here for two nights. The room was clean, and the basics were fine, but a few things really took away from the experience. The TV had no sound, which was frustrating. I could change the channels, but the remote’s battery was dead, so I had to do it manually. Also, there was no air conditioning, and the room got really hot, especially at night. We could not open the window because it was raining.  Overall, the stay was okay, but I expected a bit more comfort for the price. A few small improvements would go a long way. :)) Other than that i'd stay here again.",1
17475064,2920543,2014-08-12,"The treatment of Karina and HITrental has been unbeatable, as the accommodation did not meet my expectations and quickly solved the problem.",1
1206479281828640202,1081153469703180828,2024-07-22,"Everything was good, but it is a bit hot during the summertime.",1
1486228052488317898,1184447185162076608,2025-08-12,We had a great stay at Liene's place in Zürich. Communication and check-in/out went smooth and we got great recommendations for nearby places fit for a family with a young child. Definitely recommended!,1
1698535185328510631,1278824184894724459,2026-06-01,"A serious breach of privacy overshadowed our stay. The day before checkout, while we were asleep inside the apartment, a cleaner entered using her own key without knocking or contacting us and told us we needed to pack our belongings and leave because new guests were arriving. When she called management, Christian also insisted we had to leave despite our reservation being valid until the following day. It was only after we showed proof of our booking that they admitted their mistake. To make matters worse, Christian called a staff member “stupid” and referred to me as “ridiculous” for being upset about the situation. Entering an occupied property without permission and attempting to remove paying guests before verifying a reservation is unacceptable. The entire experience was unprofessional, unsettling, and left us feeling unsafe. 1000 characters cannot simply write the insanely rude and unsettling experience be provided.",0
1194124760089626802,52910357,2024-07-05,Really good option for couple nights in Zurich.,1
1698522004484171390,1579837193654099245,2026-06-01,The building across the small street is a hostel filled with people that spilled out onto the outside lawn at night and they played loud music and were arguing while drinking and drunk. We had to open the window to the unit because the temperature in the room was 25 Celsius as the AC was not working.,0
1708639725846878742,1623040438263240297,2026-06-15,"this was an amazing spot, very beautiful view of the surroundings from the apartment, very clean, and was in a very calm and peaceful neighborhood. Although checking in has too many steps, but they do a good job of providing the instructions. They are really responsive and a great host. Very much recommend this place.",1
951244671289926970,631729209385093367,2023-08-05,"Aurel’s place is in a great location with a bus and tram terminal within walking distance. As well, there is also several grocery stores within a walkable distance. The kitchen is large and there is lots of fridge/ freezer space!",1
1557991081782290087,1435136412474822929,2025-11-19,"This is the second time we have stayed in this location and it is clean, clutter free. It is exactly what we needed while in town for business",1
1229642059357977339,29212259,2024-08-23,"The location is nice, directly at the foot of the Uetliberg. The place itself is quite old and rundown. When I arrived it was a rainy day and it had a very musty smell, which made the whole stay not the most comfortable.",0
1237560520093487042,15172572,2024-09-03,"Petra was very responsive to my all my queries. the place is nice and cosy. beds are little on the small side, not so comfortable. there was no light working when we arrived late evening which made it difficult to locate things. other than that it's a decent place to stay.",1
1481863683428393293,11075723,2025-08-06,"The space just felt cold and not maintained. The beds were so uncomfortable, and I literally didn’t sleep the entire time. There were stains all over the floors and  fabric chairs. It felt like a prison in there. It was not worth the cost at all.",0
1660136690159266275,1015811749301784365,2026-04-09,"We made a reservation for 2 people for just one night.  Once we reached the location the access was facilitated by the fact that everything was explained to us before checking in. The apartment is also located in the city centre making it easier to reach any location.  However, once we arrived we noticed that the building was located next to a construction site. Due to this factor we were woken up by the noise at already 7:30 in the morning. The host could have had at least communicated this inconvenience to us before arrival. The apartment despite being functional and well located has also its own leaks: -The lights in the bathroom were not working, we had to take a few lights from the sleeping area and put them into the bathroom.  -The bathtub wasn’t working properly due to the mixer tap that was already broken.  -The bed was hard and uncomfortable to sleep on.  -The smell inside the apartment , which forced us to open the windows for most of our stay.",0
1223040105078761305,1155926321095915409,2024-08-14,"If I cochlear give this place a 0 star I would. The first day there was ants in my room. The maintenance came and vacuum a lil and sprayed. The next day I found bed in my bed! The told me maintenance would come and did handle the bed situation until my very last day. I called for maintenance on Monday again for the beds, the host told me they would send maintenance and keep me updated. Leaving me to sleep with these beds not offering another bed or anything. Maintenance then shows up the next day, almost 24 hours later, while I’m not in my hotel room with all my personal belongs put in the open. Just for them to say they reported no bugs. Despite me sending pictures! And I had already cleaned it cause I wasn’t going to sleep on bugs. The front of the door code didn’t work leaving me and other guests upset and locked out when they never came to fix, just keep giving different codes to try. DO NOT STAY HERE! It’s not worth it !",0
1189035111512070821,19743179,2024-06-28,"Summary:  Humid, small room at ground level, smells bad all the time, from wakening up till falling asleep, caused by constant humidity. If you have breathing problems, don NOT go for this place !  I suppose the landlord is used to this smell. It made me feel uncomfortable. In detail:  - This is an old house with some electric cables hanging loose. The landlord put instructions all over the place so you won't forget what is to be done, what is allowed or not.  - The room is small  (2m30 x 2m80 ?) and very humid. There is a constant, unpleasant typical smell of humidity. You're not allowed to put things against the wall because moisture comes very quickly. 1 old chair, a table (+- 40 cm in diameter), no closed wardrobe, just an open Ikea rack, no hangers. - 'Kitchen' : a dark, humid space, with a very small window ( 40 x 20 cm). When you are in that space, you need to turn on the light. 'Bathroom' : concrete bottom. 'Take only brief showers' ....I cannot recommend this place.",0
1645635533189621546,1595561813147837016,2026-03-20,"Although we had some communication issues during check-in, he was polite and helpful when I met him. Location was good, in beatiful neighbourhood. It is approximately 20 minutes from the main train station. The building is located in a very nice complex.",1
1609390351534432016,14925431,2026-01-29,"location was perfect  but no personal welcome feeling.  In all other places we've stayed, there was always coffee and tea options, and shampoo.  This place had nothing.",0
153189018,6473595,2017-05-20,Highly recommanded. Flexiable with check in and check out.,1
1461571364513128579,681675245808226964,2025-07-09,"We had a great stay. No issues and located near little shopping mall, train station and public buses. Downtown can be reached in 15 minutes. Very quite appartments, updated and modern. Questions were answered fast andf we fell like at home. We will definately consider to stay next time as well. Thanks.",1
80230366,8158459,2016-06-17,I accidentally booked two apartments at the same time. I never ended up staying at this apartment. Tania would not give me a partial refund or even the cleaning fee and was extremely rude about it.,0
1208626239801625302,1138519248574630627,2024-07-25,"very convenient and near Zurich bahnhof and have many tourist attractions, shops and restaurants around. however it might get a little noisy at night due to the nearby restaurants/bars.",1
796909012519395409,8915577,2023-01-04,"Good location on a quiet, walkable street. Close to public transit, the Altstadt and the lake. Unfortunately, the check-in process was rather disorganized. We were unable to check in before 3PM, but when we did arrive at 15 past 3, cleaning staff was still in the apartment. They needed another half hour to complete the apartment.  The apartment itself is fine, but unfortunately a bit unclean. Most of the dishes were dirty when we arrived and the cutlery was sticky. There are some visible stains and damages around the place.",0
1523170999771052446,1487715558268325564,2025-10-02,"Host asked for my number so we could communicate for check in. Few hours before check in, informed me that the apartment had an issue and I could no longer stay there. The host suggested a much larger place - this one, and to cover the difference by direct payment. I contacted Airbnb, which was useless - they asked me to cancel the booking and make another one, which was impossible as we were just about to take off and I would be flying internationally. Airbnb told me that the host had a different number so they couldn't contact the host.  Finally the host created a new booking and although the place was fantastic, it was much bigger (and more expensive) that what I needed. Airbnb finally contacted me two days later to ask how I was.  it was a cumbersome experience and I didn't need the extra stress.",0
1441290289928305472,1253504463902581769,2025-06-11,The apartment had an awful smell and the pictures on line did no justice for what we found. For this price we expected at least two normal sized towels and two duvets. Where i come from we get much more for our money.,0
1555830496752613407,927094881257317705,2025-11-16,The host was extremely patient and always replied quickly whenever we had questions. It made our stay smooth and worry-free. Thank you so much!,1
578339537,28727397,2019-12-17,Modern apartment and quiet location. Close to many transport options and well appointed. Communication was very prompt and Michael is a fantastic host. Can certainly recommend.,1
1417371257661812456,1325336488941784170,2025-05-09,Beautiful place and best location in Zurich next to Zurich HB which is about 15mn walk.,1
1418790936300588046,1168278591033652735,2025-05-11,The location was very peaceful and accessible to bus stations! Enjoyed our stay!,1
156433760,13517210,2017-05-30,"This is a very nice and clean apt in a great location. But there were some issues: When we were there (28 and 29 of May 2017) the weather was hot and the lack of a fan or air conditioning in the apt made it very uncomfortable. We had to open the windows but bugs swarmed in and made it more uncomfortable. Bug bites are all over our bodies. Also on the morning of 30 May construction work started at 7:00 am on the floor above with a very loud noise because evidently they were doing work on the flooring. This loud, unbearable noise woke us up and made it totally impossible for us to sleep.",0
999815917417716040,29990728,2023-10-11,"Mixed review.  I travel to Zurich monthly for work. Overall this flat is not worth the asking price and I wouldn't return. Cleaning fee not justified. Communication was  highly impersonal (though admittedly quick, which I appreciated).  Upon booking there was a generic message requesting my documents, followed by lengthy template directions for all modes of transportation arriving from the airport, followed by a generic message telling me that if I didn't follow the rules I could be ""expelled"" from the property. On the back of front door is a message with a warning that I needed to leave the place clean -- including washing and putting away the dishes -- or else risk an additional 100 CHF fee?  Then after I checked in, nothing. Not one word. I stayed here for 8 days. No note to ask if I was comfortable, needed anything. This felt like Airbnb hosting at its laziest.",0
1602218490810456292,23323768,2026-01-19,"Hello, Had a bad experience with the radiators as they were not working for a day and the temperature outside was -2°C and infant were freezing inside the house, one of the bathroom shower was having cold water until the day i checked out, One of the clothes rack (Heated) was not working until i checked out, On the second 2day of my stay the lift/elevator stopped working which was sorted in about 3-5hrs time frame where in half of my day was wasted. By paying 650/Euro per night i was not rewarded any compensation. Additional heater provided after 24hrs. House is nicely done and right in the city center 1min walking to bahnhofstrasse. Thanks",0
657041672085911162,45432996,2022-06-25,"Do not rent this apartment!  The apartment was a total disaster.  Nothing had been cleaned including the shower, floors, frig, dishes, cooking utensils etc. There was literally rotting food in the frig, cooking utensils with leftover food on them, a microwave with crumbs / spills, a dish rack with red mold / dirt, a washing machine with black residue etc. The shower  was not cleaned at all with the bathroom floor full of other people's hair.  We would guess that the apartment hadn't been cleaned properly in 6 months or more.  This is the message that we sent to EMA House: As mentioned on numerous occasions - on the phone, in person and via the airbnb site and WhatsUp,  we are very disappointed that the apartment was in a horrible state when we arrived and that little was done to correct the situation. After we waited approximately 1.5  hours, two people came and did a bit more surface cleaning. After that we never heard from you. We are very disappointed that you did not respond to our verbal and written messages  regarding the time we spent to clean the apartment ourselves since even after the two people cleaned some, the apartment was unlivable. We sent pictures and messages.  We also asked to have clean, fresh items including soap, towels, bath mat and sheets and the permanently flickering light bulb fixed /replaced.  You confirmed to us in writing that the apartment is in very bad shape and was completely dirty - Adam who let us into the apartment took pictures, we also sent pictures both before and after the people ""cleaned"" . You also confirmed that you did not respond to our requests for help.  Overall a very disappointing experience considering the expensive positioning of the apartment and the expectation that any airbnb apartment should, at a bare minimum, be clean.",0
1399940637183146356,929395123816126361,2025-04-15,Central location  Smaller than imagined from pictures  Located close to strip club and night club Below was an off licence open to 2.30am On Friday and Saturday  When clubs emptied people accumulated outside off licence and we were kept awake until 3am At 6am the street cleaners came to remove bottles and then use a cleaning vehicle to wash street below Sadly not a peaceful weekend stay,0
1510127143077774886,1367514025888517341,2025-09-14,"It's okay, but watch out for the lack of elevators and narrow stairs. Not worth the costly rate, but ok for crashing for a night if you have the money.",0
1188327471611829333,33854276,2024-06-27,"This was hands down one of the best airbnbs I've ever had the pleasure to stay at. And I've stayed at A LOT! Its beautiful, the location is perfect, we felt like a local, and they made us feel at home. Thank you ♥️",1
1596363782060408133,1049048167921823348,2026-01-11,"The apartment has a great location, an easy check-in process, and is quite spacious, which we appreciated. Unfortunately, several aspects affected our stay. The bathroom was not properly cleaned upon arrival, the sink drained poorly, and we experienced a lack of hot water for about 24 hours. The kitchen was poorly equipped and the oven was not working. There were no extra blankets or pillows, and only one trash bag was provided for a 7-night stay. Additionally, although a washer and dryer were advertised, we had to go to the host’s office to collect a card to use them, which was inconvenient. A space heater promised for the second bedroom was never delivered. Overall, the apartment feels worn and not well maintained.",0
1238317168698620006,1159108461044860277,2024-09-04,"Good convenient flat, a bit noisy with the windows open which was necessary with the heat",1
1342661830930061989,5483148,2025-01-26,"The only good part of this Airbnb was the location. The studio was in office building. During the night heater stopped working and room got cold. The kitchen was too small and it didn't have a sink, usable for cooking. Studio was poorly maintained in every aspect. There were many stains on the mattress, they flip it open side down in order to hide the worst side. It was very gross and it looks like it should have been replaced a long time ago. Only discovered it on last night, because sheets keep coming off mattress. Duvet was not proper size and kept on following off Comforter. Pillows, sheets and mattress are all poor quality products. I found hair through out apartment different length and color. The couch didn't have a proper cover for the cushions, they just put a blanket for it. There was visual damage throughout studio the walls, furniture, countertop and TV. Also some of outlets and shower nozzle didn’t properly work. I just had an unpleasant time.",0
1378211155221000982,1306425066459161073,2025-03-16,Really great location with lots of natural light in the living room and kitchen space. Anna was super communicative and we enjoyed our stay!,1
1598556324830522320,1365390780556923493,2026-01-14,"Great place to stay. The host responds very quickly and arranged everything perfectly. Clean, comfortable apartment and a smooth experience overall.",1
1057136822290480935,29990461,2023-12-29,The vent to the main bathroom  Has a weird smell Coming form the vent very unpleasant/ also the ceiling in the main room I has a piece collapsing,0
1499243847743903605,35835296,2025-08-30,"James was excellent.  When the washing machine was out of order James offered me another unit - but too far from where I needed to be.   He did handled it very well. But this unit is not comfortable.   It is a really “pretty” place, but “designed by a man” might be a good description: bench mostly covered with appliances and  wine (for sale) frig space also, block-out blinds that don’t block out light at night, no long hanging space, no clothes drawers - even had to take linen out of the only useable shelf and put it on the floor to have even minimal clothes cupboard space.      And don’t try to use the loo quietly at night; couldn’t be turned off and made a long slow groan as the lid lifted and the seat heated even in summer!     TV remote worked for on and off, but nothing else. The window covers to fit around the portable aircon unit tubes were unusable, ripped off the walls.  In the ritzy part of town, and looks ritzy (except for the aircon) if that floats your boat!",0
1539094543040898366,1394246341800020789,2025-10-24,"An old and a bit shabby, but clean and spacious apartment. The only negative surprise was the 4th floor and no lift. Parking was easy to find on the street, but the city of Zurich hasn't made it easy to get the permit so it is recommended to check the process in advance. There is also a bus stop cross the street.",1
1710755626005299498,52646086,2026-06-18,"The location was pretty nice, the place is big and cozy. I felt great and enjoyed Zürich a lot. close to public transport, close to the lake and Chinese Garden. everything was great. Kay was so generous and kind. Thanks a lot.",1
660617602488599433,47366473,2022-06-30,Rosi has been a very kind and hospitable host. Well maintained and clean spa facilities. We enjoyed our stay.,1
1682650698757291369,1204142780945078598,2026-05-10,"Very convenient, in the center of the best neighborhood, one tram stop away from the opera. Great location for Zurich.",1
773090960386096785,39600156,2022-12-02,"Toilet is not in the room. I had to walk two flights of stairs to use a shared toilet. This was not clear based on description. Room has very little natural lighting. The bed was insanely uncomfortable and I woke up with terrible back pain. While the location was great, I would NOT stay here again and would absolutely not recommend. Felt much more like a hostel than the description eluded to. Disappointing.",0
484048609,16435353,2019-07-08,"The location of this apartment is good as it is right next to a tram stop. However, It is not great value for the price. The beds are small, it is very nosy, additional guests beyond two people need to sleep on a fold out couch in the living room and the price goes up considerably. We were given one towel and no spare bedding for our entire week-long stay. Generally the apartment is run down and shabby (the shower broke on the day we arrived).",0
436512980,13879118,2019-04-13,A tidy and convenience apartment in Zurich. The main railway station is nearby the apartment.,1
1585452980265255281,32346655,2025-12-27,"Well, we stayed for 6 days and needed a wash and dryer and internet and none was available unfortunately. THERE ARE NO WASH AND DRYER IN the apartment nor in the building available for use. It was a hassle to wash our clothes, we had kids too so we needed badly!!They gave us access to another building near by but we had to leave the building. WiFi was not connected. Took us a while to fix WiFi with no success. Stayed without the WiFi for all 6 days!! :( Lights in the apartment were very bad too. Rooms had only little lamps to light the Rooms and All plugs were tuned off when we came in. We had to figure it out all the plugs connection.",0
1001306474863428098,29404842,2023-10-13,"The apartment was as described, location close to the shops, tram stop and walking distance to the lake. Many restaurants and bars around, sometimes too noisy as the apartment is right above the restaurant.",1
1460033809037589473,1059526005569076833,2025-07-07,"We had a very disappointing experience with this property and unfortunately had to leave just a few hours after arriving. The house was extremely hot, poorly ventilated, and uncomfortable. Although the listing mentioned “fans,” there was only one fan for a 4-story house, which is completely inadequate. We tried to speak with the host, but he laughed off our concerns and said it would cool down later — not helpful when you’re traveling with elderly family members and the indoor temperature is unbearable. To make matters worse, the bathroom and shower areas only had curtains instead of doors, which was never mentioned in the listing. This is a serious privacy issue, especially for families. We had no choice but to find a last-minute hotel, which was expensive and stressful. The host was not cooperative and showed no willingness to help resolve the issues. Airbnb support was involved, but unfortunately the resolution did not reflect the seriousness of our experience. Not recommended!",0
1626831214408691664,1250619365942301520,2026-02-22,Great location but the bathroom ceiling had mold and when we arrived there were fruit flies because of rotten flowers and fruits left out,0
1507912204311815863,1367297720996205850,2025-09-11,Great apartment - everything was as described and super easy check-in. Super close to the bus stop so easy to get around everywhere. Overall was neat and tidy - could do with more of a deep clean but nothing that we were too bothered about.,1
1662394285496353625,1505667143832940726,2026-04-12,"My partner arrived alone at 3pm to find the key missing from the lockbox. The host said the previous guest lost it, but failed to mention he hadn’t left and may still have had access. While she was napping, alone and without a secure key, that guest entered intoxicated and demanded she leave. She had barricaded the door due to feeling unsafe, but he forced his way in. Only intervention from someone nearby stopped it from escalating. The host then blamed her for not having the key. Staff even debated whether to help because she was “only here for 2 days.” We had to book another place that night. The host promised a refund but didn’t follow through, and we had to go through Airbnb support. There’s also no car access, requiring a walk downhill at night if issues arise. Nice view, but not worth it. Not safe, especially for solo female travelers.",0
1489810403793870173,1293424915673226058,2025-08-17,"Bunch of drunk people yelling all night. Couldn’t sleep, had to leave windows opened due to lack of AC.",0
1521682210032450320,1408153696591021405,2025-09-30,No elevator. This should be very clear to other guest because if you have large luggage’s as we had it’s painful depending on the floor. Smells from other people’s apartments and it came into our room. Room also had a smell when we first came in. Toilet seat looked dirty. It wasn’t cleaned correctly. Had spots all over it. The price I paid for a 1 bed with 1 bathroom it would be better at a hotel for same price. Basically it was a hotel and The only difference it had the tiniest kitchen which was a tiny sink and tiny stove top. We didn’t cook so we regretted not opting for a hotel and avoid the smell and no elevator. Internet was horrible and it eventually stopped working and they never fixed it.,0
1570954297031191434,1522417654442100154,2025-12-07,"Exactly how it looks in the photos and literally a 30 second walk from the nearest train station. 15-20 walk into Zurich town centre, I would definitely recommend and for the price I think you will struggle to find better.",1
1712286025359617581,1578990097013733111,2026-06-20,The ceiling of two-bedroom is kinda of low. It is difficult to place a single bed because you cannot stand upright there .,0
1520229101579191620,951987963732341575,2025-09-28,"We reserved the apartment for five nights as it was available online. Alice (the owner) rejected and replied that it was only possible for four. This was inconvenient, but we found an option for the fifth day in another place and booked this one for 4. Alice nicely agreed to lower the price slightly due to the inconvenience. Upon arrival, it turned out that it was actually possible for five days. We decided against another place (losing money) to save time moving, and paid extra for the fifth night. However, Alice decided that the initial price reduction was no longer valid and that we weren't making her earning more by adding a fifth night, but only she was providing a service to us. We don't see here a consistency, only a lack of experience in hospitality sphere. The apartment is authentic, but if it's rented out, there's no need for so much symbolism; everyone is different. It would be better to have a kettle in the kitchen so you don't have to boil water in a saucepan.",0
667883498887583764,43200807,2022-07-10,"Received a many pages long guide (which is really a rulebook) from the host.  It specifically said that a cumbersome key retrieval is necessary if the host isn't home. When communicating about the check-in with him, he mentioned he would be home, so we didn't retrieve the key. He didn't respond to our messages when we arrived, so the check in process was very stressful.  The biggest issue we had was after check in with the host's communication. He didn't greet or or show us around the place -- and given the heft rulebook we were very unsure what we could use and couldn't use. At one point, the bathroom key disappeared. We messaged the host asking about it and only got told many hours later that he had accidentally taken it away.  While the apartment is immaculate, and the apartment is decent value for Zurich, the lack of communication from the host and the massive rulebook made us feel like we had to tip-toe around the house. Perhaps we caught Michael at a busy time for him.    Other cons include no lock on the bedroom door, and no fan despite the sweltering heat.",0
742108359,19220952,2021-03-25,"The bathroom is dated, parts of the walls mouldy. The bath is in a bad condition -  parts of the interior of the enamel have peeled off or disintegrated.  There are stains on the floor under the toilet.  The balcony is tiny and can sit only 2 people at the table.  The balcony and bedroom overlook a railway line ( not used for passengers but trains pulls in and out occasionally for repairs.  The above information is not mentioned on the website or evident from the photos.",0
725121601208081504,6293591,2022-09-27,"Host is very rude when we had problem getting into the apt because instructions of check in is very confusing. She told us to refer to pictures but never sent pictures. When we tried to contact her, she refused to pick up calls and her language was aggressive in messages. No instructions on the wifi and only replied the next day for wifi. She also sent tons of messages to warn you of extra charges if you don't put back cups after washing them. Not the most relaxing stay with this host. The apt was ok clean, but beds are really small and not comfortable. The patio is nice. Location is acceptable.",0
1527477601949956146,17261980,2025-10-08,"Very convenient spot to stay in Zurich, right next to the tram going to the centre, and near the lake - recommended",1
1265178835271296641,8971198,2024-10-11,"I don't recommend anyone to book this listing!  I stayed only 10 minutes and left to a hotel it was dirty and smelled bad,  linen was dirty had stain and kitchen was dirty the host is not considerant at all when I spoke to her she was just shouting and not listening  very bad experience.",0
1568829196777467705,1232543743363128782,2025-12-04,We had to book last minute and the host was very accommodating!,1
1658713808223314304,1526669655316049843,2026-04-07,"The apartment is located very close to orelikon station which makes it convenient but it’s very very loud, you can hear trains passing by. So if you need a quiet place, I highly do not recommend. The apartment is relatively small but it’s modern and clean . The bed is extremely uncomfortable unfortunately.",0
898376096552672922,613557962134314623,2023-05-24,"Pros: Very easily accessible as it is only a 5 minute walk from the main railway station and there is also tram stations right outside the hotel which is in front of the river. Lots of restaurants and shopping around. Cons: The room was so small for the price paid but it is Switzerland so can’t really complain much. If you have big luggages, it won’t fit in the room. The area is really loud at night in Fridays and weekends and drunk people screaming outside.  Overall, good stay!",1
1701472002638207612,1474607547686965300,2026-06-05,"The place might be OK for some people, but for our family with two kids (a toddler and a baby) it was not . Messaging with the host at the time of the booking was slow. The checkin went smoothly (a very responsive person met us there). But the place was extremely dirty (the worst Airbnb I’ve stayed in). The floor was awful! Maybe Suisses wear their outer shoes inside, but we don’t, and I would expect a perfectly clean floor for my crawling baby to play. Instead, I had to buy some clothes from the local store and manually clean the floor in the living room. It was very very dirty! Also, there were many stains on the walls and doors in every room. We were staying at the apartment for one week and the host has provided only one garbage bag for our stay. Kitchen dishes were only 6 pieces of each type, so we had to wash them after every meal. The place is right next to the train railways and there was a constant noise from the passing trains (even at night)!",0
1198450741151533425,18456292,2024-07-11,"The location of the airbnb was excellent. It was in the middle of a great area of shops and restaurants. The apartment is small, which was to be expected based on the description and photos. The bathroom light did not function reliably, and there was no soap of any sort in the apartment. No hand soap and no dish soap, despite the house rules asking that dishes be washed after use. I reached out to the host about these items, and he offered to bring a technician for the light, but his only response about the soap was to say when he was there prior to our checkin there was soap. It was a very hot couple of days in Zurich, and this apartment has no air conditioning. I knew that upon booking, but I was surprised there was no fan. We had to leave the windows open our entire stay, which made the apartment buggy and loud from street noise and church chimes. Overall it was not a great experience.",0
1695591194854153720,46334838,2026-05-28,"Great place, but poor host experience. I needed to modify my booking due to visa constraints and reached out within the free cancellation window, but the host’s slow response meant the free window had closed by the time they replied. When I asked to shorten my stay by 1 night due to the visa constraints, they refused, explicitly citing a desire to maximize earnings. They suggested that I cancel the booking but this would mean that I lose 50% of the full Airbnb cost - an amount they would get to keep.  Since they refused to modify, I asked them to cancel the entire booking on their end and issue a full refund because their delayed response caused the window to lapse, but they again refused — claiming the ‘owner’ wouldn’t allow it, which made no sense given they are listed as the host and control the bookings. Even after Airbnb intervened, they remained adamant. I ended up paying for a night I never stayed. I’ve never dealt with a host this inconsiderate, and left feeling cheated.",0
1225233792765756747,1145352754712527630,2024-08-17,"The apartment is super nice and had everything we needed. It's also close to public transport, so you can reach the city center easily. Only the traffic noise was a bit disturbing at night, especially because we couldn't sleep with closed windows because of the heat. Other than that, it was a very good experience and Stylianos was a very friendly host!",1
669857498,2021797,2020-10-01,"Really good host, location and size of room. Kitchen and bathroom a bit dirty.",1
975194156939773178,851877560051711265,2023-09-07,"The house is quite smelly when we checked in, felt like it is left unaccommodated for long time.  The 2 bed rooms on street side are noisy even when we closed the window and even at midnight. Bathroom has nothing even hand washing liquid.  We feel the house is not cozy at all :(  Bright side is that the house is very close to station.  I know Zurich is expensive but I feel this stay is not value for money… sorry.",0
1142618636530776482,33148119,2024-04-25,Vita was very responsive to our needs. Even recommended good restaurants.,1
103527673,11949543,2016-09-23,"It was a late checkin. Host did very little to ensure we were comfortable. We had to ask for everything, pillows, blanket, water, keys, etc. It was not bad but not a great experience either. Would not recommend staying there.",0
1283299505909433904,700516594811549873,2024-11-05,Nice apartment with car park. Very flexible and nice host. Thank you for hosting me.,1
1692768227339113307,1498696258862982865,2026-05-24,"The Airbnb was ok, but we want to let people know of things that weren’t obvious in the listing. We stayed here for just one night. We had a late train in and upon arriving home, the water boiler was not turned on. We had to wait an hour for the water to heat up. Then the host told us that in Switzerland quiet hours also means no showering after 10PM, and told us we could “maybe” take a quick shower if really needed. I know this is standard for Switzerland but for the average tourist we wouldn’t assume showers are too loud for quiet hours. Also, the water boiler has a limited capacity, so if you really had 6+ people in this Airbnb you have to wait for water to heat up again.",0
1704291219104101658,1562988382233870792,2026-06-09,"The location is really great and the apartment is clean and cozy. But I need to share a bad experience we had. There was a problem with our check-in. The host gave us the keys to the wrong apartment. Up until then, we thought it was okay, as mistakes happen. We had to wait 3 hours to get into the accommodation. The problem is that the host said he was on his way to give us the key, but the cleaning lady, who showed up, solved the problem and told us she had only been notified 30 minutes before. This was very stressful. To compensate, I asked the host if we could check out 2 hours later, but he said it wasn't possible because other guests were arriving. I thought that was unfair. To be clear, I have nothing against them and I really recommend the apartment, but I just wanted to share this information to ensure that future guests don't go through the same situation.",1
496284385,4381761,2019-07-27,"This was singularly the worst Airbnb experience I’ve had.  The owner was friendly and communicative.  The apartment was quirky and ultimately adequate.  But the neighborhood wrecked our week in Zurich.  My husband and I arrived with our two children onto this dingy street only to find out it’s directly across the street from Red Lips, a strip club, which we were not aware of and weren’t thrilled about, but, ok, life goes on.  The rear windows of the apartment look down on a restaurant loading dock and are mostly covered with trash.  Around 11pm, a party started on one of the rooftops with really loud music - this continued until around 2am.  We had all the windows wide open, simply because Zurich was suffering from a record heatwave (there are no air conditioners, no fans, so a tiny breeze is the best you’ll get on a 4th floor walk-up apartment).  At 11:30pm, we endured some guy in an apartment downstairs getting into a domestic dispute with his girlfriend or wife, including screams, yelling and things breaking.  That's not mentioning more street noise occurring at 2 or 3 with people yelling not caring anyone else. At 5am, the street noise started again with trucks and noise of bottles being thrown out and we were woken up.  My husband left the apartment by 7am to go to work and stepped in poo that had been left on the front steps of the apartment building.  There were many prostitutes walking around looking for business at that hour of the morning.   This was our first night.   At this point, we realized that if we stayed here, we weren’t going to sleep all week.  And we felt really misled about the noise level.  To give you an idea, we measured the audio level in the apartment’s living room from a nearby bar at 85dB at 10pm at night using an app on my phone when one of the bars was playing music.  There is absolutely no way to sleep with this going on.  The description of this apartment borders on misrepresentation because it does not convey that it is almost impossible to sleep in this apartment during the summer, which is the primary function of the apartment.  We communicated with Stefan who referred us to the description of the apartment and the code words that he used: “lively” is supposed to mean unacceptably noisy at all hours of the night.  “Hipster” means strip clubs, bars and prostitutes, I guess.  I am highly disappointed because it was clear from the beginning too, that I was coming to stay at the apartment with my two young children, and my friend and her young daughter who flew from Paris to meet us.  Speaking of the apartment, it’s passable but not amazing.  It’s quirky all around, but the basics work alright.  The master bedroom can probably accommodate people no taller than 5’ 8” or 1 m 70 cm tall.  If you’re just a little bit taller, you’ll either end up with your ankles hanging off the bed--which was my case--or you’ll just rotate 90°--which is what I eventually had to do--and lay awake at night wondering when the noise will stop.  The refrigerator is in the hallway.  The kitchen is extremely awkward to cook in too. There are handmade decorations made of cardboard and papier mache in the bathroom, kitchen, bedroom, etc.  The headboard for the master bed are made of cardboard painted white.   We left the apartment exhausted from lack of quality sleep for 7 days straight and highly disappointed by the misleading nature of this description.  And I was upset that it was my first introduction to a city that has so much to offer.  The last morning, my friend who was sleeping in a room with her daughter just above a very noisy corner bar, was almost in tears because she had not slept all night because of noise. Upon arrival, on the kitchen counter top, I found three sets of ear plugs. Unusual, I thought. I now understand why they were there. Sadly, they didn't even work.",0
749757017,28792518,2021-04-18,"I stayed for a month. The apartment has all you need for living, gets lots of daylight and is well located.",1
1560833351426788208,1029678068860825601,2025-11-23,This was my first ever Air BnB experience and it was more than a perfect a hotel rather i would say felt like home with all ameneties inside. Just felt it a little away to reach there with heavy luggages but the apartment was pretty good. Its well connected with Tram and Bus and have a lift service so it was easy to carry luggages.,1
1520952956282156482,1261682812447793984,2025-09-29,"There are no windows in one of the rooms and no central air, so its impossible to sleep without opening the doors to the center of the space and the other rooms as one cannot breathe. And then when you open the doors you are met with living next to an extremely loud traffic situation directly outside as the freeway starts and stops right outside the window. We did not enjoy our time here.",0
1510047064757498611,1190938914194932346,2025-09-14,"The location is excellent. The place is spacious, clean, and felt cozy. My only issue was with the key: having just one for everyone is risky (someone might forget to return it or lose it), and leaving it behind trash bins on the street is very inconvenient. It would be better to provide one key per room.",1
995504029308449269,671610830278550400,2023-10-05,"Very easy to navigate to and super close to the train station. Which helps a lot if you are carrying tons of luggage. They were kind enough to allow us to drop off our bags earlier, at a fee, so my family and I were able to travel hand-free. Overall this trip has been amazing!",1
667872236109067755,10382963,2022-07-10,"This apartment was really nicely located and convenient for getting around the city, and generally comfortable, but there were a few drawbacks. To use the AC units you had to have the windows open to street noise and the restaurants across the courtyard started setting up their tables at 6am every day. The unit had a washer/dryer (one of the reasons we booked it for the middle of our 3 week Europe trip) but it wasn’t working for our entire stay and we didn’t receive a follow up about the scheduled technician who never showed up. The apartment is also operated by a rental company so you will have a $500 hold placed on your card, in addition to the Airbnb fees, that I assume they will charge for anything you take from the mini bar + “damages”. If we visited Zürich again I think we would probably opt for a hotel and avoid the hassle.",0
1415901814532161238,9783843,2025-05-07,"Large bedrooms, small kitchen but functional.  A bit tired.  Listing was not quite accurate but host helped sort the errors.  No or very minimal amenities so had to buy soap, tp, etc.  Easy access to tram and pleasant walk to the old town.",1
1517326782847827055,864392225447162717,2025-09-24,A nice place with a clean apartment. Lana prepared a lot of things I need. I will choose again if I have another short term visit to Zurich.,1
1628277548788898317,1540340503162772049,2026-02-24,"The place was dirty, untidy, furnished with low quality objects. Not recommended.  Toilet, shower, kitchen counter, coffee machine, kitchen utensils were dirty and unhygienic. There was Tupperware with old food leftover in the fridge. Towels, bed linen were smelling bad. Floor was dirty and walls and corners had cobwebs.  We were too busy when we arrived at the apartment and did not communicate the above to Caroline. Hopefully she ll be able to fix the issues soon.  We had interaction with host before arriving to the place and she was very helpful and responsive. No trouble on that front. Location of the apartment is close to Binz train station which was convenient.",0
1323909559773108789,43234382,2024-12-31,"We found the accommodation okay but was disappointed with arriving and having no welcome coffee or tea supplies, no lights in the ceiling in the bedroom making it dark, the third bedroom is an internal bedroom with no windows or light and too hot and dark. It felt more like a 2 bed and study so feel we overpaid.  Not enough bin bags. The duvets were all single even for the master bedroom and were thin and the pillows were small and uncomfortable and the bunk beds were uncomfortable too. Communication was slow with our host due to being in Colombia and it having a 6 hour delay. We would not book this place again I’m afraid.",0
997716113558007911,53025594,2023-10-08,"Stayed for 2 days, very near to the tram station. The place was clean and spacious. But I won't stay again at Pablo's place on my next trip to Zurich, he sent me some harsh messages without consulting his internal team and he needs to be polite with guests.",0
1505050644746169780,867114919829948530,2025-09-07,"When we arrived, the place smelled fresh and brand new which impressed us.  However, most of the essentials we needed for cooking were barely available.  In addition, there was a lack of communication as some of our important questions went unanswered by the host which was frustrating for us.",0
426845104,24566855,2019-03-22,Unfortunately the host demonstrated dishonest behaviour: first allowing to leave part of pot with stewed lamb (which I could not fully take due to small container) but then trying to charge for it. People with such attitude should not be hosting!,0
1462960716561090531,1400784362440086757,2025-07-11,"Basic apartment and clean but paper thin walls, noisy neighbours and no fan. We were there during a hot week, and needed a fan.",0
1206410403772148833,14113525,2024-07-22,The key was not in the box when we arrived.,0
1491220946472839632,1373937967992607203,2025-08-19,"Jaybees place looks lovely but seconds after we arrived, at just gone midnight, a guy knocked-on the door and asked for a laundry pass. The massive fold out bed blocks window plug sockets, and the side of the double bed (which is against the wall so getting in is already restricted), meaning you have to swing your legs over the top of the fold out bed to get in the double bed, also leaving you sharing one plug socket above the bed for lamps and phones. The fold out bed is not comfortable to sit on as it’s deep, so either your legs are dangling off the edge or you have no back rest and are sitting on the edge. The apartment would be lovely for long term living minus the fold out bed because theirs loads of storage, however for short term stays there’s no surfaces for unpacking packing cases etc. The bin lid falls off every time you try to open it so we used a bag. We opened and left open a double cupboard behind the bed to create open storage for our cases. Overall a little awkward.",0
941176904911455721,927099274455108509,2023-07-22,"This was a very quaint apartment within walking distance to tons of things. In general the apartment was well stocked and the host was responsive and friendly. Because the apartment was so new it had a lingering construction smell, however, upon opening windows this was alleviated. The apartment was very clean and spacious for a small family. For the price it was a great deal. Would definitely book again!",1
588963708452260991,51140947,2022-03-23,"It’s a very boor hotel with nothing  To connect to Wi-Fi you must have a Swiss no  And The room has the worst mattress , pillows and dirty duvet .",0
1715011005339289062,45433374,2026-06-24,We will go and still choose to stay with them,1
1691339867833558610,1372520565720638839,2026-05-22,"Probably the most thoroughly cleaned Airbnb I’ve ever stayed at. Loved it! I really hate it when you get into an apartment and feel like everything needs a deep clean. This was spotless! Only downside was the stairs to the apartment. We had someone who can walk on stairs but it’s difficult for him, so he had a hard time because there weren’t handrails and the step were very old and misshapen.",1
211755598,15596845,2017-11-14,"Unfortunately I can't write a positive view about this apartment. The obvious positive parts about this apartment I CAN say is that it was very clean and well located to the centre. However, I instantly got turned off when I arrive to the apartment to find a thick manual with a long list of rules, and ridiculous fines of 150-300 CHF for not following them. They threaten a fine of 150CHF if you simply leave a few dirty dishes. I understand it's a responsibility of being clean as a guest, but the whole point of AirBnB is to have a genuine authentic warm experience. I don't need to check into a place with a company posting warnings around.  Additional to that, I contacted Anna many times in regards to best spots to park our car both before we arrived and whilst there. It took her almost 2 days to get back to me, which she just gave me the same information which was given in that ridiculous impersonal manual. The parking she advised was also 90CHF a day. We then found out independently you can park on the street all day by buying parking online. So useless for information. I also never met anyone at all for anything over the entire experience. If you want a totally impersonal, generically clinical and poorly communicated stay then this is your place.",0
1480419923154991123,7741739,2025-08-04,"I arrived a day early. The hosts were very accommodating, letting us in within minutes, which was great. The bed is fine, the linens clean, the Wifi works, the water pressure/temp is good. But I would not choose to stay there again, until it has a serious renovation. It was dank and smelly. Opening the windows didn't help much. Many things are old and falling apart. The dishwasher is broken and can't be used. The fridge is a disaster - the freezer doesn't work and it drips LOTS of water all over the insides, soaking your food in nasty water. The coffeemaker is falling apart, and the microwave is too far from the outlet unless you slide it over the stove. You can't plug them both in simultaneously. (A ten Euro power strip would solve both problems). If you have poor balance, the shower could kill you as the inside floor is so narrow. It's very poorly lit, and there is no vent. At a better price this could be three stars. But at nearly $230/night? That's just nuts.",0
1652121072995115464,1508923566422070914,2026-03-29,"Good place, clean but some dirty dishes left behind",1
1388384485108239048,1374028457070106942,2025-03-30,"Excellent central location to explore Zurich in a very walkable, safe, and central area.  We were traveling with our two children and the apt was a perfect spot to spread out with them and had everything we needed to make the place feel like our home.  Would highly recommend to anyone that wants their own space in Zurich without the fuss of hotels.",1
1206452663688037906,1155926321095915409,2024-07-22,"There were a lot of ants. Due to the vague pre-information, the accommodation was supposed to prepare a crib, but it wasn't prepared. My husband and I ended up sleeping on the floor with our 0-year-old baby on a mattress, but there were so many ants that we got bitten and couldn't sleep. The surrounding street noise was also loud, so it's not a good accommodation to stay with a baby. I chose a place with a microwave because I wanted to make baby food, but it was my wrong choice. My husband and baby suffered, and we ended up staying at another accommodation for one of the two nights. I'm just sad that my trip to Zurich was ruined.",0
1522405155783019316,1308742249104615485,2025-10-01,"Erik’s place in the heart of Zurich felt exactly like home. The space and ambience of the home was clean, spacious and great company to have around the host (Eric).  Will be a regular visitor whenever I’m in Zurich!",1
285572671,21823543,2018-07-04,"DONT GO THERE.. It seems that the reviews are fake. I am planning to have Airbnb verify.  Worst Airbnb that we have ever stayed in.  It has limited parking so we were told that they'll find one for us.. why should it be that way if the listing says parking in amenities.  When we reached there, the lift was not working and our apartment was on second floor. My parents have difficulty climbing steps so they put them in a different apartment. As soon as we were done thanking them  for it, we discovered hundreds of flying insects in the kitchen, and we that we found that out at 9 pm. They put in smelly bug spray and it was terrible.. simply ruined our evening and further plans for night out in city.  When we went to our second floor apartment, there were many ants in bathroom and bathtub,  some flying insects, spider webs.  There were  no comforters, Beds were not made and were dirty.  People are nice but that doesn't compensate for your ruined plans. Absolutely unlivable place. Avoid at all cost.",0
1520229589783092387,1424546046232962141,2025-09-28,"Location was good, convenient check-in. Otherwise, the apartment 230 was smaller than expected. the amenities were quite bad- 1 plate for a family of 4, 2 bowls, 4 glasses of bad quality. 1 pan and 1 pot, kitchen was very poorly managed. When hosting 4 people, would have expected some more basic cutlery. Cleanliness was quite mid, bed sheets were not fully clean and the folding beds and sofas were very uncomfortable to even sit on, let alone sleep in.  Okay if you want good location and close to station, otherwise not value for money.",0
1571020062844301852,1487715558268325564,2025-12-07,"Arrived to find a dirty bathroom,  one used-up roll of toilet paper,  missing basic utensils -- no spoons or cutting knives, one water glass, no water cooker, no salt shaker or dish towels, paper towels, dish soap, tabs.  My requests for these surprised the host, as if they were outlandish.  The freezer was stuffed with old bags of ice, and couldnt close. Three of the four electric window shades were broken.  Worst,  the ""king bed"" sported a blanket for just one person.  My urgent request at 9pm either for a 2-person blanket, as is displayed on the site, or a second small blanket, was  treated with annoyed scepticism -- the Host told me to send photos, and then promised grandly a full night reimbursement  IF the blanket was indeed too small, making it clear he thought i was a deranged complainer.  I slept  under my coat.  The next afternoon, someone at last brought a blanket, and shrugged that a new housekeeper had ""forgotten"" the 2nd one, and to clean well.  No fault management!",0
232964213,18031424,2018-02-07,"Magalie was a wonderful host. The apartment is exactly as described: Very comfortable, clean and cozy. Its perfectly located in a quiet neighborhood and as close as you can get to the ETH Hönggerberg.  Thanks Magalie for hosting me (it wont be the last time I hope...)!",1
1199228596141098953,52360195,2024-07-12,Modern spacious apartment in a walkable neighborhood in Zurich! Washer and dryer were a nice touch but bring your own detergent.,1
1545695768987091540,1219287468098353016,2025-11-02,Excellent hotel clean and tidy But the heating was not efficient and the items for dental cleaning were missing,1
593943524886023558,15673613,2022-03-30,"This place is fantastic! Walking distance to public transport and parking garages. Very secure. It has an elevator too!! Not very many green spaces to walk the dogs, but our pups were very happy in the space. The separate bedroom from the living room/kitchen area was perfect for downtime. There is street noise at night, but it was like a white noise machine and helped us get some of the best sleep we’ve had on this trip! We would definitely rent with Stephanie again!!",1
316892674,620130,2018-09-01,Still my favourite place to stay in Zurich,1
857849381890283462,29990461,2023-03-29,"If you are looking for a place to work temporarily in the area, it would suffice. But if you are trying to see the sites of Zurich and connect to the main train station as we were, it was very inconvenient to have to take a 20 minute street car to the center part of town. It is located in a working class neighborhood with very limited offerings for restaurants, bakeries or coffee shops, let alone pubs or bars. The location is not a tourist appropriate one. It's too far from city center in an uninteresting neighborhood. The flat itself was clean but dreary. It had one electrical outlet in one bathroom hidden behind the mirror. The small bathroom had no power source and neither had a towel bar or hook. The tub/shower had about a 1 meter differential btw rim of tub and and bathroom floor, making it very awkward to get in and out. Possibly dangerous for someone older. The biggest challenges were the location and lack of power outlets.",0
1328153493993813229,34283991,2025-01-06,"My stay was fine. It started off by being told I could check in early only to find an empty key box. I waited around for an hour and he didn’t respond until I called him. The communication was the biggest issue. I would ask a question and receive a message that had nothing to do with my question. It was almost like he just had automated messages at certain times that he pressed send too. But that’s not very helpful, and authentic to me individually.  The location was good, except people were shouting till 5am one of the nights I was there, which made for no sleep for me. And there was tons of broken glass outside the building door the next morning. Coffee machine but no coffee pods.",0
58973127,2579889,2016-01-05,"It does not look as brand new as you see in the pics. The flat is located in an old building. You get shocked when you want to entre the flat as the entrance is not a good looking one and gives you a bad impression. The Fridge did not work. The neighbours talked and shouted absolutely loud and we could not sleep well. The bar down the flat which also makes lots of noises. Finally It was not a good experience at all and not thinking about booking it again and gave me a bad impression about airbnb specially as, it was my first time using it.",0
1427452592595274486,3682024,2025-05-23,"The apartment suited our needs and is in a nice neighbourhood, but it was dirty, needs maintenance, and Joy was not good at communicating.  The apartment was dirty. The cleaner left a dirt cloth in the sink. There was hair on the towel rail. The dishwasher was full of previous guests' crockery. The splashboards were dirty. The ""clean"" cutlery/knives in the drawer were dirty.  The apartment needs maintenance. Many lights were missing bulbs or didn't work. The coffee machine didn't work well (on and off). The kitchen is not well equipped (no bowls, broken knife, french press with no lid). The bath tap was missing a fixture. The beds/mattresses were hollowed out with age/people sleeping on them. The mattresses/pillows were old and stained (but linen was clean). The sofa cover was ripped. The wardrobe in the master bedroom had a fixture hanging off. Joy is not good at responding to messages. ""Typical response time 11 hours"" says it all. And I often had to ask many times to get a reply.",0
1535515217244439458,1219287468098353016,2025-10-19,The main problem is the parking. Bad choice if fou have a car,0
1230306402100032911,13980689,2024-08-24,Great location. Pretty noisy but the noise of the aircon drowns it out.,1
675892318749712602,37426680,2022-07-21,"Nice quiet location, good communication with a very helpful host, clean and spacious apartment.",1
1698595130828544052,7449801,2026-06-01,"All was fine until a deeply unpleasant incident during check out. I was accused of smoking in Sigrid’s flat and leaving burn holes in the curtains. I reiterate again that I’ve never done so, whether in her house or at any other Airbnbs. I hope she checks and concludes that I’ve never smoked in her flat and that those aren’t burn holes in the curtains. There were beetles/ladybirds in the room that could’ve left stains on the curtains, I’ve asked her to bleach them and verify that I’m telling the truth but received no reply about that. Instead she mentioned  she’ll report this to Airbnb, which leaves me no choice but to detail this over a review here. It’s really unfortunate that things have ended as such, this could have been resolved in a better manner. This accusation has soured the holiday mood, I hope you understand that.",0
16629518,2019124,2014-07-30,"We loved our trip to Zurich and Mo's apartment!  4 of us stayed here, it was a little tight, but we're there to see the sights, not hang out in an apartment!  Mo was a gracious host. We met him just as scheduled and he spent some time with us telling us how to best get around town. There is a train and tram station a block away, so it's easy to get anywhere.  One minor detail, there is an apartment complex right across the way, and the noise echoes. That with the brakes of the trains from the train station down the block, It can be a *little* loud if you're a light sleeper. But with everything else so great, I wouldn't let that stop you from booking with Mo.",1
1698496763033009591,1634764675965796212,2026-06-01,Nice small flat with quite central location.  Tram goes close to the apartment so it can be times bit noisy also inside the apartment.,1
862849539236133019,45433216,2023-04-05,"This was a great place for us. EMA House upgraded us near the last moment for unexplained circumstances, but who am I to complain about that?  They were very communicative and we would stay here again.",1
1615907276874709474,23035346,2026-02-07,"This was the worst apartment I have ever stayed in, and honestly, it makes me reconsider booking through Airbnb again. The apartment smelled very bad from the moment we arrived and was not properly cleaned. It was described as a “luxury” apartment, but it was nowhere near that standard, in reality, it was in very poor condition. There was no heating during the night, and we were freezing. This was especially unacceptable as we were traveling with our 9-month-old baby. On top of that, the host was rude and even tried to charge us extra because we had our infant with us. Overall, a very disappointing and stressful experience.",0
734571055114150140,628732495482460342,2022-10-10,"Before I booked, I was hesitated due to the zero review. However, it was one of the best airbnb I ever been. Beautiful furnitures, clean flat, nice neighborhood, a supermarket nearby. Romain was very friendly and kind. Highly recommend!",1
1686910704397220156,1278938770911609006,2026-05-16,Disappointing stay as I was cold and curtains were hanging off and tv didn’t work/ I reported the lack of heating but this was not fixed. I have requested a refund,0
338628081,8160075,2018-10-20,"You will get well maintained appartments, spacious and close to the restaurants, lake etc...",1
1701497619404596496,807687294713917562,2026-06-05,"We are a family of six and chose this apartment mainly for its great location, close to the city center and many attractions. As the final stop of our European trip, we hoped for a smooth and relaxing stay. Unfortunately, our experience was more stressful than expected. After a nine-hour drive from France, we arrived expecting an early check-in that had been arranged in advance. However, there was a problem with the key handover, and we waited about two hours before entering the apartment. The apartment was comfortable, but we were disappointed that no coffee pods or laundry detergent were provided. Checkout was also stressful when I accidentally left my handbag inside. Communication was difficult due to a language barrier but was able to resolve too.  The location is the apartment’s strongest feature. However, the delayed check-in, checkout difficulties, and lack of basic supplies negatively affected our stay. This is the first low rating I have given after 20 trips in airbnb.",0
1363781874790233753,6293591,2025-02-24,"The towels and beds were very good and clean, and the location was pretty good.  However we were disappointed with the general state of the rooms. The shower was absolutely terrible. The general state of repair was not great. The floor was chipped in many places There were no curtains or covers on the windows. Also there was alot of noise from next door and the top hall stank of cannibis. I understand you can't do anything about noise from next door but the walls are paper thin - I was woken up on sunday morning at 5.20 am and could hear my neighbours snoring every night. The roof was in a bad state of repair, some of the boards were smashed, so we could not use it. It is also very difficult to access. Generally the apartment looks neglected, and our feeling is that it is not good value and very disapppointing. Honestly I would recommend total renovation - I have shared my review with the owner who has indicated that she does not share my opinion.",0
1623957989335500723,1352019773390728552,2026-02-18,"Decent place, as long as you're not claustrophobic (as is the case with all capsule hotels). Close to a tram stop that runs to central station",1
999845431007357103,45525628,2023-10-11,Very clean and modern family sized apartment. Kitchen is fully equipped. Nice and big terrace. Quick response from the team on airbnb chat. Washing machine and dryer available in the apartment. No Air conditioning but there is fans. Bedroom doors has no keys for locking them.,1
1390497010822639591,1138519248574630627,2025-04-02,"It was in the center place. Everything is so close. Noisy tho, but you are in the center close to bahnhof. The bathrooms could be cleaner but for this price it was okay.",1
1455738024101620360,1200067717365411660,2025-07-01,We did not stay in the place and went to a hotel due to the location being close to bars and red light district of Zurich. If you are going with family you probably should not go there.  The host was nice enough to refund  one night after our objections to the location and not clear descriptions.,0
1266541889320301771,816647174110717748,2024-10-13,"Thanks Rob for making us feel like at home. Great location, approx 10min to Center by tram which was rather close to the apartment. Rob was very flexible and let us check in and out in our preferred time. I will recommend.",1
1201334499277444349,599609062368738052,2024-07-15,I’m bald I only paid for the breakfast on day 1. It was €20 each & it was well below the standards we had experienced at the previous establishments. I paid the night before & in the morning my daughter didn’t feel well & chose not to eat. They refused to refund me & they were not even prepared to give me breakfast the next day as a swop for her breakfast. The lady behind the counter was aggressive & unfriendly !,0
1681165727696423601,3682024,2026-05-08,"This apartment is a complete disaster albeit the interior design looks funky and weird and from the 80s.  The mattresses are completly degraded, they squeak and they have a concave shape it gave us backpain.  There is sand on the bedsheets, the towels are all stained and unmatched. Buying a set of towels from ikea would set you back 50CHF.  Ants have taken over the kitchen.  Let us not talk about the floors, we had to vacuum the whole house.  Make sure to order your mattresses before coming.",0
1321717318312503682,5483148,2024-12-28,"Advantages: location is truly amazing, the view is great, not noisy, elevator, host was ready to help and kindly allowed us to check in a bit earlier. But from our earlier visit - we have found a strange man in our accommodation, who turned out to be a homeless man who just came in because the doors were open. This is something to do with security - lockers with keys inside would have solve this catastrophe… so this was not such a great experience from the very beginning.  Other than that - we were really disappointed with the quality of bed sheets (felt super nasty and overused), blankets were too thin - so we took one from sofa and uncovered the nastiest sofa we have ever seen - it had no upholstery, was full of someone else’s hairs, dirt.. Many things were broken, were really old, dirty and overused. I don’t think it such a big deal to buy new sheets and blankets at least, replace this little nasty sofa… We are really positive about any “adventures” but it was just toooo much..(",0
1209318257364168948,1072603252203280627,2024-07-26,"Frank’s place is as pictured. I’ve never been to Zurich before but this was definitely not the best part of the city to be in. There is no parking on site and I did not know this until arrival. There was no street parking available and we had a hard time finding a parking garage. The closest we found was a 15 minute walk and cost us extra money. It’s very inconvenient. There is no elevator in the building either so hauling luggage up and down is a workout, especially with a family. We talked with someone who lives in the building and the neighbors are upset about Airbnb guests parking in their spaces. It really should be made clear by the host that there is no parking included and that you cannot park in tenants spots even for loading and unloading. Fortunately for us one of the tenants allowed us to park in her spot to load up. Other than this issue there was a lot of noise the first night we arrived and someone rang our apt. Bell repeatedly.",0
641051850475367691,25995484,2022-06-03,"Such a cozy stay, the studio is very well equipped, very clean and neat, location is quiet and nice as well, highly recommended!",1
958505364601401767,2668952,2023-08-15,"Would not recommend for the price. I contacted the host ahead of time to specifically ask if they had a microwave and they said yes. It was not a microwave, it was a toaster oven and it was broken! I asked the host about it  not working not once but twice and both times they ignored my message. They ignored another message about a cleaning notice on the door getting into the apartment, and rudely responded to my trash questions. The bed was incredibly uncomfortable and the room was always extraordinarily hot. The soap in the bathroom was watered down, which is unacceptable for the price we paid. The bedside lamp on the left side was broken or needed a lightbulb. The only good things were the safety and location. Would recommend something else in old town Zürich.",0
52147051,6752793,2015-10-26,"Anka's place is very well positioned only 5 stops on the tram from the central station.  It is a spacious ground floor flat with a small study, a bedroom and a bathroom reserved for the guest.  It is a quiet, green and pleasant neighbourhood. Anka is a marvellous host and made me feel very at home.  I have stayed at many AirBnB locations, and definitely recommend staying here.",1
659971110466806390,599974705648567963,2022-06-29,"Sonia’s  place was very small but done exactly what we needed- a clean place to crash for the night. All appliances are there and kitchen it perfect for cooking. However we did have issues with the shower as the head could not be adjusted and the water also leaked all over the floors as the water was not draining efficiently, to avoid this we had to put the water pressure on very low. Other than that, it is an convenient place to stay for the night after landing in Zurich.",1
333392166,21381593,2018-10-07,Max was really nice and I could not hope for anything more.,1
1230276902221500898,1114532101632799702,2024-08-24,"We wanted to love this place, as it is moderately affordable and a decent location in Zurich. The wifi didn’t work at all for us, not sure if other guests had this problem. It was a free network that we were able to connect to once, but signal was so bad we couldn’t again. We also asked if we were able to drop luggage early because we had a museum tour at 1. She said no and told us to pay to leave it in lockers at the main station. We tried to do this, but unfortunately every locker for big luggage was taken and I asked again if it is possible to just leave our luggage there a few hours early, again she refused and told me to be more patient. There was also very loud night construction happening during our stay. Overall, it is a nice roomy flat but with the noise, no wifi, no A/C, and without the opportunity to leave bags before check-in, we won’t be staying again.",0
1427514935170271869,1229057349307006351,2025-05-23,This was a nice place a little ways out of the main city center. Not much to do around the area but it is close to the train station.,1
1178911365732894778,27412907,2024-06-14,"The location of the apartment is good however we were not satisfied with the apartment condition. It had a noticeable smell when we entered and the place though clean seemed old and poorly maintained. Definitely needs an upgrade for e.g very poor bathroom lighting, rugs were worn out and kitchen did not have a microwave or dishwasher. Also limited plug outlets do we had a hard time charging phones and devices..",0
1145504366157394852,1011469602867276664,2024-04-29,"The apartment is spacious, well furnished and very clean. Superb location, close to the city centre. Highly recommended if you plan to stay in Zurich for a short stay",1
912899206557723425,23422713,2023-06-13,I've been staying many times in his place. This is very convenient to me.,1
1231791239339875127,19904561,2024-08-26,"Andreas stay had its pros and cons. For pros, it was nice inside the room and the location was not far from the tram. For cons however, Andrea did not message me. Her husband Tony did, but I only heard from him one time and he did not respond when I asked a question or when I told him we had made it. This was disappointing as we shared the apartment with them and couldn’t do laundry unless they were home, which I never saw them. In addition, the WiFi had trouble connecting unless you were near the door/ bed, the lamp over the bed hangs very low and you may hit your head, the 6 flights of stairs are no joke, and on the weekends, it was very noisy outside late at night and sleeping with the windows open was necessary but loud. I probably would find somewhere else to stay based off the little communication.",0
1510044872661245026,42130984,2025-09-14,"The apartment was clean, new and perfectly located near the lake and the city. It had everything we needed! Thank you José-Luis",1
1512228812355917929,53819940,2025-09-17,I booked this as my original booking cancelled so it was last minute...they location is amazing but there were no towels left (not even a hand towel) moldy food left in the fridge which had spread to the shelf ... PowerPoint was hanging off wall on kitchen ..all cabinets were locked so no where to hang clothes. bathroom was full of stuff so no where to put ours....single doona on a small bed...would never come back,0
1702856867950985935,1388276941144685150,2026-06-07,"Apartment itself is decent, nice views from the kitchen and you get major all necessities. You get Tram in just 3-4 minutes walk for all major connectivity. There is Migros supermarket near by, 2-3 mins walk. Rooms are spacious and lighting is good. However, it seems that host is not looking after this apartment much. When Dishwasher and TV were not working, they asked us about brand instead of providing immediate help. We researched on our own and started Dishwasher. TV was not working throughout our stay. Remote batteries were dead, we fixed that. Then also TV was just showing red right of power, never turned on, but host could never understand and fix the problem. Products like shower-gel and shampoo were not provided, which are basic necessities. Host said they do not provide it. We had to go out and buy them. Also when you have luggage you have to go to the back side of the apartment and drag your luggage to the building lift, because front lift on ground floor never worked.",0
1578980285607881372,1982405,2025-12-18,"We had a highly negative experience in this studio. Upon arrival, the bedsheets and bedding were clearly used and had a strong unpleasant odor. When we asked for fresh ones, the host's mother changed them but with a very bad attitude and insisting everything was clean. The worst part was the aggressive and intimidating behavior from the host's mother: she banged loudly on the door, shouted demanding entry, tried to access via the balcony, and repeatedly pressured us about leaving on the exact checkout date. This made us feel unsafe and threatened, especially when one of us was alone. Additionally, despite promises in messages and reviews to help with Zurich residence registration (Anmeldung), we waited 3 full weeks with multiple delays and excuses. The space is very small and overpriced compared to similar options in Zurich. Communication was difficult, and we felt misled. Not recommended for newcomers needing a welcoming and safe stay. We have reported these issues to Airbnb with",0
1310874112019504508,1224076066672010559,2024-12-13,"The appartment was fine, but I was shocked how loud the neighbours and the streets were. There was also a railway close to the appartment. I couldnt sleep for the first few nights.",0
907865812277941943,825397924032575462,2023-06-06,"Easy access from/to airport by train and to public transportation, food markets and restaurants.",1
977412632378056004,878003903876354172,2023-09-10,I had a great stay at this apartment and felt at home right from the beginning. It’s a beautiful place set in a lovely neighborhood in Zurich. The hosts always responded quickly to any questions I had and were helpful. I can only recommend staying here!,1
1490580303639224990,1099251979615122944,2025-08-18,"Dimi’s place was just what we needed. It is in a very central location, very walkable. We walked to and from the train station, to the lake and the promenade by the river. The building is quiet and private with an elevator. It has a small balcony where we were able to have a drink at the end of our days and coffee in the mornings.",1
626956385,15654684,2020-05-31,Excellent location and pleasant stay. Very clean and all the basic amenities are provided. They respond very quickly. It was worth every penny.,1
1709455818103823403,1474628843249727879,2026-06-16,"Overall, I had a good stay; the information in the listing matched the apartment. I thought the responses could have been faster and more accurate, but all my questions were answered. The apartment could have been cleaner; there was hair on the bed and in the bathroom. Also, the apartment had a musty smell; the pillows and sheets didn't smell good, they seemed used.",1
1473090999241633682,669920764669870929,2025-07-25,"Very nice apartment, right next to the zoo. In a quiet neighborhood. The tram stop is close by.",1
1315149840363144970,32649111,2024-12-19,absolutely an incredible experience. deff worth every penny and made a hell of a proposal location!!!,1
1492711648285413541,48143955,2025-08-21,Wi was difficult to communicate with and had many unexplained requirements. She didn't explain her reasoning and caused confusion while trying to find her apartment and sent a friend who spoke little English to try and find us with the key. WI threatened to cancel the reservation because I was unable to understand her directions while we stood in the rain next to her building. After long hours and cancelled flights over 24hrs we were unable to shower after 10pm due to noise. Extremely unkind and not mentioned in the listing!,0
341925860,20246499,2018-10-28,"In all my reviews that I have ever written, I always try to be as objective as possible.  I was also very fortunate to never have to write a negative review because I have always had wonderful host. But, unfortunately I guess there is a first time for everything.  In Vanessa & luis’s Airbnb profile, it states that the host will let us know what the check-in procedure is 48 hours before check-in. That never happened.  The host reached out to me 40 to 45 hours before not to explain the check-in process, but to ask me what time we are planning to check-in and if we don’t give them our time of check-In that will will chose one for us that is best suited for his schedule. Not sure why this happened in the first place, on the host profile it says that check-ins are at 3pm.  I assumed that the host did that for our benefit and I went along with.  I replied approximately 39 hours before the 3pm check-in that was displayed on the host profile. That was at 1211 am. Went I woke up the next morning around 9 am, I was surprised that the host had not replied my text and most surprisingly the host has not revealed the Check-in process.  After that, during the same day I had to send the host 2 more text messages through Airbnb, 1 phone call and a text to his personal cell phone. In the end the host just simply vanished and never replied.  As a consequence, I had to spend several hours talking to Airbnb customers service to find a resolution. We spend several hours of our vacation time dealing with this extremely stressful situation. Our vacation day was completely ruined.  I would’ve highly recommend not to ever stay with Vanessa & Luis, because they are inconsiderate of other people plans and as this horrific situation has showed me, they cannot be trusted to provide any information relevant to the Check-in process.  Thank you Vanessa & Luis for ruining our vacation!!!!!!!!!",0
1236122010413266751,966374660589024718,2024-09-01,It was a cozy place to stay just add on two fans for hot season,1
1656548546398107205,1497667810600237396,2026-04-04,Not worth the price at all. Left me with one towel when it’s a 3 bedroom apartment,0
297118480,11152536,2018-07-27,"Raffaele is the perfect host. I personally highly recommend this place for people that are looking for a clean, nice and quiet place to stay. Grazie Raffaele.",1
511365663984302676,45636577,2021-12-06,"We had an informative chat with Roland on arrival. He pointed out a lot of important  things , including the close shopping possibilities and the parking rules.",1
1515862240356775273,1071940997923120868,2025-09-22,"My stay in Zurich was excellent. The apartment was centrally located with easy access to trams, trains, and all major attractions. The host was very supportive, always available to answer questions and guide me whenever needed. The place was exactly as described, very clean, and comfortable. I truly enjoyed my time here, and it made my Zurich trip even better. Highly recommended!",1
1352085407967760045,1053787233741533365,2025-02-08,"The appartment is in a basement, none of lights were working in neither the bath room nor the kitchen! How do you please clean when the lights dont work! And no we weren't too dumb to find the switch. The light in the bath room flickered a few seconds but never switched on and the one in the kitchen didnt work at all. Hands down the worst place I have staid in ever in over 10 years on airbnb. Place looks a lot worse in real life than pictures! Looks like a Soviet bunker.",0
160697118,18966169,2017-06-15,Had a great stay. Very easy access to city by public transport. Supermarkets/restaurants/bars close by as well as scenic nature walks. Sasha went above and beyond for me. Can't recommend this place enough. Would definitely stay here again.,1
1413023988225285730,1325916371545876360,2025-05-03,"This is nicely close to the train station. But the area is sketchy, bathroom not clean and unmaintained, and the mattress hurt to sleep on. This place is probably just fine if the location and price is all that matters to you. Otherwise, just say no.",0
1606585377993494384,40607935,2026-01-25,"Great place, the only downside is lack of curtains. Only electric blind which either totally shut or totally opened. Privacy issues when it is dark.",1
1575352186770565545,40582771,2025-12-13,"Responsive hosts. Decent walkable location. Needs a bit of cleaning - upon arrival hairs were in the bathroom sink, sheets were wrinkled and had holes in them, one chair had horrible brown stains on them, kitchen counter was dusty, pillows were horrible and so uncomfortable. Felt like it could use a little love and attention. Could use some stuff in the kitchen to actually cook with- salt pepper butter oil etc.",0
1234638847910478260,1145433135014419943,2024-08-30,"The apartment is nice and well situated, but there were a problem with Joanna's organization and it resulted in a bad experience unfortunately. Her roommate (who were nice to me though) was in charge of the check-in and the apartment and room were messy and not very clean.",0
1446361379797056454,797575777508179682,2025-06-18,"Communication was difficult as there was no receptionist. They were managing with AI but wasn't efficient. For example, if you are a tourist and driving, google maps cannot accurately provide the route. It stops in the middle of tracks. Took us 15-20mins after going in circles.  Parking is not available. A near by lot was suggested which charged 85chf for overnight parking. They should have told us about the rates. Tourists are not locals to be able to figure all these out.",0
1448537067151989395,22364826,2025-06-21,"Like other reviews said, the place was old and not in good shape. The mattress was completely worn out, so my back hurt, and the sheets weren’t very clean. The lights were too dark, and there was only a mirror in the bathroom, which was annoying. There was a note asking us to be quiet because the upstairs neighbor doesn’t like noise, but they were much louder. I stayed here two nights because it was cheap, but I won’t come back.",0
1190482508761188908,51764512,2024-06-30,"If you are flying into Zurich and there is a chance your flight can get cancelled, do NOT book. She will not refund, partially refund, or change the dates. She was very nice but not flexible. Good at responding in a timely manner.",0
661037585,42130984,2020-09-06,"Communication was easy and the apartment is not just beautiful, but also very well located. Kommunikation mit Louis war sehr einfach, das Apartment befindet sich in einer traumhaften Lage und ist wunderschön eingerichtet.",1
873052608093335842,44446637,2023-04-19,I can safely say the host is one of the the worst you can ever encounter. Reasons outlined below:   1.,0
1592028495530871220,1483547334790080676,2026-01-05,"Good place for the money, it’s a bit smaller than we expected but nonetheless. It was very central, we walked there with luggage from the train station. Lots to do around the neighborhood. Keep in mind there’s no elevator so that was the only downside since we had a lot of luggage",1
1320991844622886188,1117485613867699064,2024-12-27,good place to stay. about 20 mins from the main station and centre,1
924457967181737229,851895118288393619,2023-06-29,Apartment was clean and big. We had difficulty sleeping as it was hot. No air conditioning nor fans were provided. Our request for fans was declined and were told to keep windows open and we can hear some noises. Pillows were completely flat. Iron was provided upon request after a day. No toiletries were provided. It was very inconvenient on arrival as we have to shop for toiletries.,0
1511568734254051711,977471916472716735,2025-09-16,"Someone lives here permanently, they just vacated for us to stay one night. Felt very uncomfortable the moment we walked in the door. I would not recommend this place.",0
1490559078226747051,1182354298470554239,2025-08-18,"My stay at Marco’s place was nothing short of amazing. He is very kind, welcoming and proactive, and provided local recommendations to enhance my stay. His place is larger than I expected, clean, nicely decorated, and offers a peaceful & safe neighbourhood with easy access to key areas of the city by walking or public transport. Would highly recommend!",1
402656486,20182402,2019-01-19,"Andreas’s place is exactly as described and centrally located (1min from the main station).  I would definitely stay there again if I could and recommend the place to anyone looking for great place to stay in Zurich.  Andreas is a wonderful host, super responsive and accommodating.",1
1531877421330802023,1472619017929763254,2025-10-14,"Nice place with all the basics you need. Close to green areas. Kitchen a bit minimalistic, but functional. I would stay there again.",1
1465911968135599309,1179690220066052639,2025-07-15,When we first arrived we noticed how much trouble we had to go through to go to the place and how dirty the surrounding place felt.when we entered the apartment we noticed a bunch of scratches on the furniture and stains on certain appliances.the bathrooms also looked like they came out of a prison cell and it was inconvenient how only one of them had a bathroom.there was also some construction going on outside our apartment which we could hear clearly and that was an annoyance.however the kitchen was stocked with every appliance you could need and also there were some food supplies as well.overall we didn’t enjoy our time during our two days and were honestly disappointed 😔.,0
667957814578079220,51949710,2022-07-10,"Very cute first floor apartment!  Not a great location. It’s situated in a bunch of restaurants, so the noise is constant. Tables of diners are outside both windows, so we had no privacy, we couldn’t have the curtains open at all. We had to choose to have the windows slightly open to keep us from overheating at night, as there is no cooling and no fan, but doing that meant we could hear people all night long. Lots of people were partying.  We were so tired and unhappy with the location. But yes, very nice apartment.",0
583868386075962922,51162254,2022-03-16,stayed in a flat where someone had smoked inside. I asked to change it due to the smell but the guy from the check-in did not allow me. I found the spoon to clean dishes already used by previous guests and the shampoo open. Unacceptable  The rest is fine,0
1535504467295365601,1531891163509767965,2025-10-19,"Can’t beat this deal! Just as photos, great for short stays.",1
1578271142777112884,1114561957367016928,2025-12-17,"Bernd's home was a nice place to stay. It was clean, comfortable, spacious, and quiet. The access to the train station was a huge bonus. We were off exploring during the daytime and it was nice to have a quiet place to come home to each evening. Unfortunately, I cannot recommend renting from Bernd. After we left, he has falsely accused of us damage that we did not and could not have caused. Upon researching, we discovered that this a common scam for european hosts. This experience will impact if we choose Airbnb for future stays.",0
316489682,23867310,2018-08-31,The room is very tidy and cozy in a convenient location in Zurich. The parking place is next to the building. It's convenient for self-driving travelers.,1
1676758311374856985,1426745534651714512,2026-05-02,"Great place, close to the train station and very spacious apartment.",1
1589875557070467091,1581987706636557480,2026-01-02,A cozy house in a quiet and well connected location.,1
1527437770701357514,1400784837094165832,2025-10-08,"i can't believe Airbnb lets these people put pictures of any ""similar"" apartment and then you get a random one, too expensive to not have available parking, nor do they offer a blue card to park on the street, required for visitors of the residents. We were assigned an apartment on the 3rd floor with no elevator in an old building, it was dirty under the beds so make sure you don't drop anything, seems like they clean around furniture, decorations and curtains, but not behind them or under them, there was no TV, sketchy neighborhood (for Zurich standards), building smelled like food 24/7, someone was moving furniture with no help, so it was noisy because he was dragging and bumping things all the way down the stairs, left 2 nights earlier and they refused to reimburse me, the policy never said anything about this, there's no real host replying, just people who aren't paid enough to care, avoid this, better stay at an Ibis and buy food at Coop instead to save money",0
1259334402293524121,1069667276421808005,2024-10-03,Alessandro is a host that goes above and beyond. I would definitely recommend his place and look forward to booking this apartment again in the future.,1
983862760549347930,13821357,2023-09-19,"Fantastic place overall, great location, nearby grocery stores, super easy access to transportation (just in front), beautiful park across the street.  We are big walkers and generally get to know a city by foot.  This was very easy to do from Rico's place.  Our only regret was that we were not able to meet Rico in person but he was in touch with us constantly to make sure we had everything we needed.  We will meet next time for sure! Thanks!",1
1697105059545819525,931748582758823647,2026-05-30,"Really enjoyed my stay here. A cozy studio in a great location, very close to both the tram and train stations, but still quiet and peaceful. I especially loved the porch facing the green yard. Having my morning coffee there was one of the highlights of the trip. The Strong Italian Roast rules!  The host was friendly, welcoming, easy to communicate with, and helpful whenever needed. Everything was exactly as described, and I’d happily stay here again.",1
1497737369704798759,1400783135577486409,2025-08-28,First of all there very hard to find a parking..infect in kitchen there is no microwave not to much cutlerys ..,0
744273679,10121853,2021-04-01,A beautiful stay with great sunlight. I cannot stress how amazing the sunlight is during that day. It makes all the difference. Filippo is polite and quick to respond to our messages. Also the stay is very spacious.,1
1542746725405632092,1141046081315532660,2025-10-29,"Great deal for the neighborhood and the space! I was a bit hesitant about only one review, but the apartment overdelivers for what is promised. The in-unit washer and dryer were super helpful for a two-week work stay. The instructions were very clear, and the apartment is well-supplied with all the essentials. Easily walkable to many restaurants, bars, and transportation but very quiet at night.",1
1158640828167111058,23445727,2024-05-17,"Ok location, but poor communication with wrong information at all, and you have to rely on guess for checking in and WiFi. A little expensive comparatively in the area.",0
426555266828771114,23322898,2021-08-11,"No other perfect location in Zurich, and no better apartment and hospitality than James’",1
1484692516739810132,4921250,2025-08-10,The place is fine. It’s a little cluttered and small but it does the job.  The biggest issue is that Patricia is trying to scam us out of 500 CHF by claiming that we caused damage to a balcony door even though we did not use the balcony. We saw that a similar review was posted by another Asian Airbnb guest before of Patricia doing the same thing. This is quite honestly the last thing you want to deal with on holiday. Beware if booking.,0
1418751900999307060,581687469734958359,2025-05-11,Julia's place is about 20min from Zurich HB by transport and she really organised it for guests - providing bottles of water and even food!,1
1716639443653058997,1367514025888517341,2026-06-26,A nice appartement next to the tram stop.,1
1236190186908180321,2920698,2024-09-01,The apartment is located in a busy area of town with lots of cafés and restaurants.  Walking distance from from a lot of things to visit. Tram stop is also close by if one wants to venture out a bit. During our stay it was very hot so that we had to keep the windows open at night which meant that it was noisy. Ear plugs recommended.,1
220380467,13740005,2017-12-22,"The location is good and the apartment is nice, but the attitude of host made me feel uncomfortable. One light in the bedroom was broken, I asked her to fix it, but she didn’t... And she even supposed we stole towels from the apartment, that made me feel really angry!",0
39787839,4796892,2015-07-26,"The Good - fantastic location.  The Bad  (1) The claim was made when I booked that check in time is ""flexible"".  This is simply not true.   Despite the host claiming ""someone will be there"" when I arrive at 10am this simply did not happen.  The doors were locked and I tried in vain to ring the doorbell/speak to neighbours/knock on the door. I called the host various times but she did not respond to my call.  This was shocking and unacceptable.  She ended up showing up at 4:30pm.  After a transatlantic flight I was exhausted and needed some rest.  I also needed to put my bags somewhere.  Instead I was exhausted lugging around my heavy luggage all over Zurich for close to 8 hours.  (2) When I was ready to shower in the morning in the room next to mine there was someone sleeping in the same room on the couch.  This was both shocking and unacceptable. I obviously refused to shower at that point.  (3) The host asked me to input my personal info into her laptop.  This was quite odd.  Not sure why she could not do it.  (4) A copy of my passport was left on the desk in the room with the shower.  The door was open, as was the main entrance to both my room and bar downstairs.  This was both shocking and unacceptable.    (5) Emails were not replied to.   I sent 2 emails and never heard back from the  host.   I cannot understand why this would happen.  (6) The host was not friendly at all.  I am not sure whether it was a language barrier or some other reason.    In conclusion, nothing short of a full refund along with many future credits to AIR BNB locations will be acceptable.   This experience was the worst accommodations experience I've had in my 30 years of travelling.    Ironically when I left to Malta the next day my accommodation experience with booking.com was one of the best accommodation experiences I've ever had.   The host was so much friendlier and accommodating than my airbnb host in Zurich.",0
461910742,28426226,2019-06-01,The place is centrally located very very close to central zurich,1
1611616538582466671,1531899915338066410,2026-02-01,"1) There was a relocation in tje apartment in front od ours for 3 days, furnitures being deassembled with noise till midnight every night 2) All the trash and material from relocation was left in front of the building for several days 3) the apartment above ours (still managed by swiss stay) was rented to teenagers that were using to have party with noise and people entering the building till late in the night 4) we asked if the flat had a mircrowave, they confirmed, there was no microvawe in the flat, we culdnt warm food for our baby 5) the tend of the shower fell down and was not possible to open the door of the bathroom 6) the doors were noisy and could not been closed cause the locks were broken, so no way to have quiet room doe let the baby sleep 7) 2 rooms could not be darkened cause the window tends were broken, so u always get light form the outside  We has to short our stay since the situatuon was simply a nightmare. Avoid at all costs.",0
1647817130225833832,1219287663169907804,2026-03-23,"This was the perfect stopover whilst in Zurich. Great value for money, a reasonable sized room with a comfortable bed, and a desk that allowed me to get some work done. The staff was kind and allowed me to stay a couple hours in the lobby as I waited on my ride, really appreciate this stay",1
522573939,37389808,2019-09-02,"Bernadette’s beautiful flat was exactly as described.  We were surprised at how spacious, clean and  well organized it was. Irene, her colleague, was an absolute gem, agreeing to meet us for an early check in! All instructions and useful information were written down and displayed for us to utilize  All in all a wonderful stay!! Thank you Bernadette!!!",1
1707914660224151258,1533347179992736929,2026-06-14,"Good location near the main station, but this micro-apartment has serious flaws. It's essentially a well equipped kitchen with a single bed in it. There is no table to eat or work at. There is no blackout curtain or shutters to provide privacy or darkness when sleeping. When this was flagged after my first visit they assured me there were shutters. There are not, and when I complained on my second stay they stopped responding. The shower room has no extract fan. The shower floor is dangerously slippery. The only place to hang clothes is on the back of a free-standing mirror. There is no fire blanket or extinguisher, and no evacuation instructions. The listing sounds like a superhost called Nicole. It's not. It's a property management company, whose employees don't respond to complaints or seek to address shortcomings. I cannot recommend to others.",0
867238218386184261,29989383,2023-04-11,Greta Location very close to the central and public transportation. Enough space for family of 4.,1
202620639,3681913,2017-10-12,"This is not a 2-bathroom apartment.  It's a 1-bathroom, with additional sink and tub, but no additional toilet. Owner was not generous with supplies.  There was a partial roll of toilet paper, and 1 spare, but there should have been more for 2 people staying 5 nights.  The roll of paper towels was practically empty. Description indicated that Nespresso capsules would be provided but there were only 7 capsules, again not enough for 2 people staying 5 nights. We had problems operating the burners on the stove and notified Joy by email.  She tried to be helpful, and eventually we figured out the problem on our own, but there should have been instructions.  Also there should have been instructions about how to use the microwave.  And the microwave was too high -- it was on top of the refrigerator. There were markets nearby, but not many restaurants.",0
637710628,42709310,2020-07-13,WiFi didn’t work.  Hard time to get in. Nobody was there. I have a foreign phone number. Couldn’t call and waited for a long time outside. Check in was terrible,0
1520960732573244986,1447075954933337891,2025-09-29,"The apartment was nice and spacious, exactly as shown in the pictures, and in a convenient location. That said, it was quite cold inside, and the heating barely raised the temperature above what was outside, which made it uncomfortable at times. Also, while a washing machine and dryer were advertised, we couldn’t use them because access required a card that must be picked up at their office — only open on weekdays. Since we were there over the weekend, no solution was offered and the issue was treated as our problem. Lastly, many of the kitchen items were dirty and had to be cleaned before use. With some improvements, this could be a great place — but I wouldn’t recommend it if you need laundry access or are visiting during colder months.",0
1712334623539316098,44601499,2026-06-20,"Peter and Engin were very friendly, respectful, responsive and even proactive. The apartment was however not very clean, I had to clean the fridge and stove (oven was a helpless case, and I chose not to use it), spiderwebs in many places, some bugs, apartment and equipment is very old. Based on what I was paying, which is on-par (or even more expensive than) serviced apartments in Zurich, I was expecting at least an A if not an A+ experience, but the overall quality/value for money was way less. Overall, my experience was OK, but the value for money was very bad to me.",0
984666170667104375,959412686105659157,2023-09-20,"Thank you so much for allowing us to check in early. Your place is super comfortable, close to Zurich downtown by tram or walking and you got everything right away.",1
1443743542470967312,627897428289987644,2025-06-14,"I was excited to stay at this location having booked it for three nights. After arrival at the location, there was no key, so I wasn’t able to check into the stay. That meant that after an hour of waiting for the host to respond, I checked into a hotel.  It was a very inconvenient start to a stay in Zurich. It forced me to find accommodation at the last minute that was costly.",0
1571003924391591927,1262318003749250570,2025-12-07,"Dimiter's listing was perfect for our stay. We needed a spot for our last two nights in Zurich that was still reasonably close to the city center and this location facilitated that as it had plenty of nearby tram lines. It also helps that the building has a lift so no need to carry all your luggage up a flight of stairs. Finally it's near three different grocery store options, plenty of good restaurants, and is in a quiet part of town. Overall a great location and I would stay again.",1
1518055153751709055,1483350049298230798,2025-09-25,Clean apartment  But it’s far from downtown,1
1157809022076453947,15172572,2024-05-16,The location was great with train access a couple of blocks away. The flat was clean and comfortable.,1
1240522768293312176,856506414058519661,2024-09-07,"Central location, all amenities required for a small stay",1
1059261906849183397,14165529,2024-01-01,"Overcharged after check-out! 😣 The host listed a max of 2 guests, but an additional 25 CHF per night for the second person. Despite its inconvenient location, the pricing is surprisingly high for a 15-min walk to the train station or 8 mins to the tram😫😫 The confusing check-in process involved a hard-to-open lockbox that took over 10 mins to manage. Despite following the description, the clear button didn't work, and the host had mentioned breaking into the house before. The host's absence led to difficulties with the lockbox structure, and if present, they could have assisted in closing it or receiving the keys directly 😑😑 So I decided to put her key inside the lockbox and push all the way back then closed the mailbox.  The balcony door remained closed throughout my stay, yet I was charged extra for high electricity costs 😡😡 which feels unfair since I never opened the door. The post-stay billing seems ridiculous 😮‍💨 It's easy for her to profit without any reception. BILL YOU AFTER!",0
1038279994294302941,939120875582663992,2023-12-03,I Will recommande this place to other’s,1
1167961722978258839,43254900,2024-05-30,"It is unfortunate that we stayed in this place. And that may explain why his rating is less than average. The problems were: unacceptable odor of food (not cleaning solution as what host said), WiFi not working due to exposed wires in cable, dusty coffee maker, floor in kitchen is super dirty, old food stores outside of Ref, bed mattress is hard, uncomfortable and uneven, and lots of minor issues that sum up to a horrible experience in Zürich.",0
1204265577063114104,45920313,2024-07-19,"Location was great but inside dirty bathroom ,Kitchen and crockeries.We can’t use any pots ,it’s very shame.",0
1297773905060833905,1251997622358104340,2024-11-25,"Very nice whole floor apartment on the top of a building in an ideal central location in Zurich. Very comfortable, spacious, clean and well appointed. Christian is a great host.",1
1489757091367053177,829420766709616396,2025-08-17,"Michal is so friendly, helpful, and professional. His house is super clean, so beautiful and well organized. We look forward ve the plantshe has around the house. We feel like at home. The place is convenient for public transportation, restaurants, supermarket, etc. Michal also allows us to use his pantries and cookwares; and he has everything that a cook need :-) This place is highly recommended, and we definitely will come back next time when we visit Zurich.  Thanks for everything, Michal.",1
141500404,3682156,2017-04-03,I have nothing but absolutely pleasant and memorable experience at Joy's place. I would recommend her place to anyone planning a Zurich trip.,1
1483975292379875765,1369404778733540687,2025-08-09,Nice apartment and friendly host.  Overall good stay but we did have some frustrations with check-in time despite prior communication with Manuela. They also have downstairs neighbors that were clearly upset that the apartment is an Airbnb and made multiple rude complaints about our children being kids in the apartment before quiet hours.,1
1687667131838459152,1608891216982480062,2026-05-17,Very small and not enough place for four people. Only can accomodate two people,0
1646430140294447472,1564404215223218288,2026-03-21,"Really great communication, lovely little apartment, we had a great time, thanks for having us!",1
1715116638915585005,1325336488941784170,2026-06-24,"The apartment is located in a quiet area, slightly outside the center of Zurich. The furniture is old; unfortunately, there was a lot of dust under the beds, the bathroom door wouldn't open, and there were no bed sheets—only a duvet and a mattress cover. The host was unhelpful; despite knowing we had a child with us, he didn't provide sheets or assist with printing the pass needed for public street parking, sending us instead to a private lot where we paid 260 euros for two days. The price is exorbitant considering the level of support from the manager and the amenities provided.",0
453391431354930008,13738854,2021-09-17,Lack of communication pre check in. A few things are not working properly in the flat and the bathroom did not have hand wash detergent during the largest pandemic in the history of human civilization!,0
1688333852546156454,740269265468118188,2026-05-18,"We booked this property for a 45-day stay, but upon arrival the apartment looked very different from the listing photos. The ceilings were extremely low and sloped, making it uncomfortable to move around, and the flat had not been cleaned properly before our arrival. The biggest issue was the enormous 5G mast directly outside the living-room window, something completely absent from the listing. My partner and I are electrohypersensitive, and within minutes we felt unwell and had no choice but to leave and book a hotel at our own expense. Since then, we have spent five days calling and emailing support, receiving repeated promises of callbacks that never happened. To make matters worse, Airbnb was apparently told that we had been offered an alternative accommodation, which is simply not true. No alternative was ever provided. Very disappointing experience overall. Misleading photos, poor cleanliness, lack of transparency, and extremely poor customer service.",0
1462272596353099743,926894212969592164,2025-07-10,"The positive reviews unfortunately didn’t reflect my experience. I stayed one night, but from the moment I arrived, I considered finding another place. The host hadn’t properly prepared for my stay. The apartment had a strong, bad smell. While the bedroom was clean, the bathroom and kitchen were not. There was a large hole in the bathroom door, creating a serious lack of privacy. No blanket was provided, only an empty duvet cover, which I realized late at night. I had no reason to check, and by then it was too late to reach out. It made for a very uncomfortable stay. I requested a partial refund, which the host declined without addressing several concerns and claimed it was unfair to complain. He offered no compromise. I believe it’s reasonable to expect cleanliness, privacy, and basic guest readiness. Airbnb reviewed the case, agreed with me, and issued a refund greater than what I had originally requested.",0
1008509235878128185,887355391301981871,2023-10-23,"Luiz’s place is within walking distance from the railway station with lots of restaurants and grocery shops close by therefore he expects his guests to eat outside and only come back to sleep. It’s an expensive city so we did take away once and since we are not allowed  to use the kitchen or the dining room, we ate in our room but Luiz was not pleased. Despite we were told the kitchen was not included in the service, my husband used it once to cut a mango and we were told off very harshly respectively then together for 10 minutes. We still feel bad about it a week after we come back home. There is only one stool in the room so there is no space for two people to sit and the bathroom is dedicated to us but not attached to the room. Everything else is fine. However although the listing price is relatively lower than in Zurich, we would rather pay higher next time for a listing including a kitchen so we can save at least 50fr a day if we could cook something ourselves.",0
1697059405056847563,1476750672119387230,2026-05-30,"Super location and well appointed interior. If not for Temporary construction happening next store, it would have been perfect",1
1254300777363001307,1220271491161170925,2024-09-26,"A nice, very well-kept and clean apartment. The location is near to the train station, and also not too far from the downtown area. The space is definitely on the small side. There was a nespresso coffee machine there, but unfortunately no pods to use.",1
1565250293438885820,1400015173970010034,2025-11-29,"Apartment is in a great location, an easy walk to central station and the old town. Quiet at night and great heating. Down side was, we booked thinking we would have three beds but when we arrived the couch wasn't made up and there was no linen to be found.  It took more than a day and night for them to come back to us to tell us to use the key to access the cupboard next door and make it up ourselves. There was also alot of rubbish left behind in the apartment, a dirty towel in the bathroom and a gross used sponge in the sink.  Overall, we expected more.",0
349847618,28766337,2018-11-18,"Blanca's apartment looks exactly like it does in the photos. There was an unfortunate event that happened when I was there where the housekeeper entered the apartment without any warning or notice accidentally. It turns out that it was a mistake but it did make me feel unsafe especially as I was alone. It did seem like an accident but I would confirm with the hosts that this won't happen if you're planning on staying here. I ended up feeling so unsafe that I left the apartment a day earlier than I was supposed to check out. I didn't know if someone else was going to enter at a different time and I wasn't assured by the hosts that it wouldn't happen again. When I surfaced this problem, I didn't hear back from Blanca for a long time and I was told that this is common and could happen to anyone ... Highly recommend staying somewhere else especially if you'd prefer feeling safe.",0
875933642233755519,26046317,2023-04-23,Location was very good  near of Bellevue Zurich.But have a big problem with rooms security. One room have no lock another room have no door they are close by curtains that means you can’t close your room’s anyway kitchen is upstairs host are living upstairs also you have to go kitchen every time front of him I was take one knife for cut some fruit for my kids host Simon told me badly he don’t like to take kitchen items to room I don’t like his behaviour . I was three nights it was very painful.,0
636054110229270961,32087275,2022-05-27,"We rented a flat in Zurich with Airb&B, we have had lots of problems with the flat, as it was DIRTY, OLD and with no maintenance!  The bathroom's flat has MOLD, dirty curtains, hair everywhere it is just disgusting. The shower is broken, the blinds are also broken and Airb&B has been just useless!  Cleaning tools closet, as same as the conditions of the WHOLE FLAT: DIRTY, MESSY, one cannot find anything in there. Read about some of the thousand issues in this flat: Flat Foyer, entrance full of the host’s cloth’s! One cannot hang things there. Backyard balcón. Dried, dead rests of plants. Rubbish bags with organic and non organic rubbish. Bathroom floor. Full of dirt, hair, dust and all kind of particles.  Bathroom heater. Dirty as the whole house. Has not been cleaned for months. Bath tub drainer. full of bacteria, dirt and old. has not been cleaned either. Brocken head shower. Did not worked. Bathroom Sink base. Old and dirty as well. Toilette. A disgrace, super super dirty and stained. Bathroom cabinet. Full of host’s stuff. We had to empty the shelves, in order to have a little place to set our personal items. The bottom of ONE of the bathroom’s cabinet. Full, unorganised, no space at all for one toilette items, creams, etc. Mouldy table cloths. Fungi and dirt. Bathroom floors, full of dust, hair, dirt, paper rests, etc. Bathroom soap shelf dirty as well, has not been cleaned before arrival or before weeks; bathroom under the sink cabinet. A mess with old products, hair, used soaps, etc. Mouldy bathroom curtains. Old everywhere. Unhealthy 100%. Kitchen coffee machine filter needs to be changed. Horrid, repulsive and foul. Head shower broken, had to be clipped with a hair clip! Kitchen cooking space. NO space, messy, full of used pans and utensils. Head shower was completely broken. Water ran everywhere.  Backyard balcony. Organic (more than month stinky rubbish) Pretending to be compost. Broken window roller blind, the host and her friend tried to repair it. in order not to call the landlord. They made it worst. Window (from the inside) of the broken blinds. One cannot sleep when at 5.30 the sun blinds you. So we have to cover it with a blanket. Impossible! One of the kitchen top shelves. Messy, dirty, dusty, etc. Inside of the coffee machine. Dare you to drink such coffee.  This mess covered by a table cloth it’s in the dinning room! Taking space and looking horrid.  From side balcony. All dirty, dead, dusty. Not even space to walk through. Cabinet from picture cc from afar, close to the dinning table. Notice dirty walls. Bottom of one kitchen cabinet. literally dirty used pans inside with the ‘cleaned’ ones. Kitchen cocking “space”. The whole house is full of things. Everywhere. Balcony cushions and table cloth. never washed before. Rubbish from weeks or months before under the balcony’s table. This could be  great place, if only were CLEAN AND HEALTHY. The location is very good, just a pity to stay in such a messy, dirty flat!",0
1715797325122308500,1592661074345936929,2026-06-25,"2/5 stars The place was disappointing overall. There were no fans provided, which made the stay uncomfortable, especially during warmer parts of the day. Ventilation really should have been considered. Privacy was also an issue. The curtains didn’t fully close and only covered part of the window, so it didn’t feel private at all, especially at night. This made it hard to relax properly in the space. The listing didn’t clearly reflect these issues, and I expected a more comfortable and private stay for the price.",0
1170848398240523608,1121161811639150912,2024-06-03,"Very easy to get there from the central station, very clean and comfortable. Our stay was great thank to Dimi’s help.",1
1546378388720578537,1295447770657587670,2025-11-03,"Very good location! Just on the corner of storchen hotel Bed was comfortable, just sound isolation is not the best, but it is common for old buildings.",1
1463730348587840289,1446371374617936541,2025-07-12,"Great apartment - bright, clean, and just the right size. It has everything you need for a comfortable stay. Highly recommended!",1
696936796198684626,52449648,2022-08-19,"A beautiful place, super well located, small but with everything you may need! the attention they gave us was Super, very detailed",1
1699221657051189858,1660750596384361175,2026-06-02,Host was not there at checkin but explained by phone where to find things after I asked. location is very good,1
1462104498221603162,1111840263266212292,2025-07-10,This was the worst hospitality experience I have ever had! The communication seems to be done by AI and there is no one to help on this site. Our room was dirty and have a very strong guest. Left the apartment at 1am as no one was supporting us and booked a hotel. My suggestion to airbnb is no remove these people from the platform - you are not supposed to run a business and particularly not in the hospitality industry,0
73873141,3941358,2016-05-11,"I'm afraid I will find it difficult to recommend Blanca's place to anyone. For me the main problem was the noise - it's a on a very busy street and the traffic noise is really bad. Of course, apartments in a city centre will always come with some noise, and I should have checked more thoroughly exactly where the apartment was perhaps, but I would have hoped that the room was away from the street, facing a courtyard perhaps, or that somewhere in the description it was stated that the apartment was on a main road. The apartment itself was fine although it wasn't spotless when I got it - crumbs in the fridge, dust on the shelves and the shower needs a new head on it and the rug looks filthy. It is clearly a rental only apartment and this I have a problem with - I thought the main purpose of Airbnb was for hosts to offer their homes to strangers, travellers, so that the guest gets the feeling of living in a home away from home rather than an impersonal hotel room. Blanca's apartment felt very cold and empty and in the end I only stayed 3 out of the 15 or so nights I booked for. I must add that Blanca and Chris were very sympathetic and did give me a small refund when in fact I should have got nothing back due to their strict cancellation policy. I don't normally write such detailed reviews and I hate to be so negative, it's only because my previous Airbnb experiences have been so great and this one was so disappointing. I'm sure it would suit some people but sadly this apartment was not for me.",0
686800026138733767,7589458,2022-08-05,"A clearer instruction is demanded. It is not just about communication, but the host should do everything in her capacity to assist.",0
60396741,2049847,2016-01-23,"Once again, this apartment worked well for my needs in Zürich.",1
1512999569002809472,1175324228592636196,2025-09-18,Sonja’s studio apartment was great for our 2 nights in Zurich. It is well priced compared to hotels in the area. It’s about a 20/25 minute walk to the main train station/town centre but it’s a straightforward walk. The apartment has the basics you need to make breakfast or a basic meal. The bed was very comfy and the shower was great. Thank you Sonja.,1
1230354095139147165,20429590,2024-08-24,"We stood in rain for an hour because there was no self check in.  There were no photos of outside steps to access apartment door and no mention of this in listing that apartment entrance was only accessible by steps. There are 2 small sets of stairs prior to reaching the elevator. Once elevator takes you to top floor, there is another set of steps to reach front door of apartment. I am disabled and use a rollator walker and had to use stairs with much difficulty while my daughter carried my rollator.  The cleanliness of apartment was very lacking. All of the coffee cups were dirty and the pillowcases and sheets smelled strongly of men's cologne.  The bright colored chairs in photos are no longer there. There are plain beige chairs there instead.  The Switzerland power adaptor provided didn't work.  The master bedroom bed sits very low to the floor and was difficult to get out of and uncomfortable.  There was construction noise outside apartment during the day.  I would not recommend.",0
1081050690657545367,27596270,2024-01-31,"Very nice place, good location, excellent cleaning services.",1
1313702946015222743,1289022915577578718,2024-12-17,"The only reason I am not giving this place a 1 star is its closeness to central station and affordability compared to other places.  We understood before booking it was going to be small, but the amenities don’t have to be trash, either. The bed was extremely uncomfortable and provided no support, and the bathroom light was flickering and stuttering so much it could give a non-epileptic person a seizure. The shower curtain also had clips missing, so the curtain would stick to you as you try to shower. Quite disappointed.",0
1603656728008513756,23035346,2026-01-21,"The apartment consists of one bedroom and one bathroom. Unfortunately, the heating system does not work properly. After contacting the host, I was told that the maximum temperature is limited to 24°C, which is not accurate or sufficient. At night, the apartment becomes extremely cold, and I noticed that after 9:00 PM the heating is shut off, including in the bathroom. The duvet provided is very small and inadequate even for one person. The location and nearby services are excellent, which is a big plus. However, the main downside of this apartment is the heating system.",0
596956330,15596933,2020-01-24,Anna dan Karina's place is very strategic location. Close enough for explore allstadt area,1
975920070744209178,578278992170302067,2023-09-08,"If you are looking for a comfortable, hip, conveniently located flat, you can't do better.  If you prefer your airbnb to be a sterile pretend hotel that nobody actually lives in, this is not that.  Thank you Roger, we loved our stay, and were sad to leave!",1
1346509576319319700,1158703683194834888,2025-01-31,"The property was poorly maintained. The stairs were unstable. Upon entering the room, I was hit with the strong smell of marijuana coming from the neighbor’s place. The check-in guy handed me earplugs and said, ""It can get really loud at night.""  The room was different from the one advertised, and it was a smelly with no wardrobe. When I told the host that the room wasn’t what I’d booked, he initially agreed to cancel it for free, but then changed his mind and said I needed to talk to Airbnb. When I contacted support, they tried to reach out to the host, but he deliberately ignored them. So, I sent him a message, and he replied “Don’t tell me what to do.” He then showed up at my door, knocked aggressively, and tried to force me to leave. The guy was literally trying to provoke me, stepping into my personal space and saying, “You have problem with me?  STAY AWAY from this property. The host is aggressive, unprofessional, and dangerous. Cancelled by Airbnb Support. Trip ruined.",0
1642034168576074522,22216757,2026-03-15,"Sorry, Ruxandra, the apartment needs a good cleaning, new linens, new bedding and towels. Dishes in the kitchen are dingy, and we had to wash them before use. Pillows are stained; linens are threadbare and mismatched; the white towels are grey from washing. The shower doesn't have a curtain and the water splashes all over.  Nothing looks clean. The broken elevator made it difficult to bring the luggage to the 5th floor. Good I was not alone and got help with this, otherwise I would be going to a hotel.  The apartment itself is on three levels and may be inaccessible to older guests.  No return renters from this family.",0
1678919576354707552,1115154631828835298,2026-05-05,"It was a bit more noisy than expected, but very clean",1
1573236245608847934,1288313174549766491,2025-12-10,"We stayed there for 3 nights, we liked that Tram line is very close and place was very clean.  Host was helpful when needed for fixing Wifi issues, but Wifi was very slow. We did not like that there was smell of paint from windows which bothered me while my stay.",1
1470193281170893990,19668762,2025-07-21,"Sleepless Nights Due to Undisclosed Nighttime Construction – Avoid This Listing This was the worst Airbnb experiences I’ve ever had. For three out of five nights, there was extremely loud construction happening right outside the apartment, starting around 11 p.m. and continuing until 6–7 a.m. We got almost no sleep. The host admitted they were aware of nearby construction but claimed it only happened during the day—which was completely false. When we asked for help, he dismissed us and offered no solution or support. Nothing about this was disclosed in the listing. If you value your sleep or peace of mind, do not book this place. It’s unacceptable to charge full price while ignoring such a serious issue.",0
1449241603283413228,1224047249595881769,2025-06-22,"Early check-in, which we paid extra for, did not work; host non-responsive to calls and text. It was a studio and not a 1 bedroom apartment as it was described. No place to hang towels for two guests. Moldy shower curtain. No work space and dining table as advertised. No instructions to washer & dryer. In fact, it needed a code, which was only provided after inquiry. There was no chance to wash, since the 2 washers and 2 dryers were in almost constant use by the cleaning staff for linen and towels of the 12 apartments in the building. No additional pillows as advertised. The ""Rolladen"" for the kitchen window was broken and stayed on ""half-mast"" (could not be lowered or raised). Sitting accommodation was 1 wooden chair and 1 metal folding chair as well as some sort of a small wooden bench in the kitchen area. No extra trash bags (for stay of 2 weeks). Building door entry code was replaced. Luckily, we were in the building to get the email about the new code on our computer.",0
191862309,2986553,2017-09-09,"Anna's place is really spacious, well located and great value. The upstairs loft bedroom is amazing :-) It feels very homely, has a lovely atmosphere and has everything you need. I can totally recommend it and will be staying there again on my next visit to Zürich.",1
1509400214304391406,965777574152812653,2025-09-13,"We are so disappointed- since check-in nothing but problems. One- we paid for nice, bride app D, and instead they put us in app C, old, musty place stuck in 1970’s. Swisstay is not available on the phone- only email and text. And every time a different person responds after 1h!!!! Finally after hours of back and fourth- we got a massage that the place we paid for is not available and pictures on website are only a „general” way. Scam!!! Now apartment- dark, painted like a old prison cell, mold in a bathroom, one couch in living area and 3 IKEA chairs by a fold-in table. On balcony- rusted table and two old, broken chairs. Host is nothing but scam! If you have a chance to change your location in Zurich- do it!",0
1665955170826374842,1438413831681548729,2026-04-17,We checked in and immediately saw ants in the kitchen and surrounding rooms. We told Jaybee and it took 24 hours to get a cleaning team to assist. We ended up moving to a different apartment (which was very nice of Jaybee) but this apartment was extremely hot. We had the heat turned down as low as it would go and even having the windows open and a fan did not help enough. We would not recommend staying here.,0
1667361731307051144,1497119324378007071,2026-04-19,"disappointed with the stay. the home was super hot and we requested for a fan to cope up with the heat. only suggestion we got from the host was to open the window. host said they will arrange a fan, but never did for entire 3 days of our stay. this became very tough to sleep during night",0
786826928475842667,45433489,2022-12-21,Very nice place. Checkin was easy. The third bedroom is a loft which we didn’t realize- open to the living area. Pillows were not great. Nice place and location,1
957155618580455205,793901633555600823,2023-08-13,"We had such a pleasant stay - the host was so sweet and welcoming and gave us great recommendations for the city. The place was beautiful, we felt super at home",1
200004022,13720909,2017-10-03,"The appartement is modern as shown in the photos, and provided everything needed. Only the problem is too close to the street and the noise from the car passing by outside was really annoying from day to night, so I had to cancel the rest of the nights and find another place quiet.",0
1528251693528417219,1381697723340644458,2025-10-09,"Frank's team was very communicative and responsive. The kitchen was usable, but nothing fancy. The apartment was furnished cheaply and the balconies are not usable, with lots of weeds. There were many maintenance issues, which they worked hard to repair. Only one toilet was a big surprise, and ""laundromat nearby"" seemed misleading, since it takes 13 minutes to walk plus a 6 minute bus ride to get there.  The two twin mattresses had blood stains around the edges, although we didn't see the black dots that positively indicate the presence of bed bugs.  The location was medium. Pros: a busy tram station was right outside, Migros grocery plus a pharmacist next door, and a mall one block away. Cons: very few restaurants in the vicinity though, and the area felt stark and unfriendly.",0
1110838559743175726,670594051190709597,2024-03-12,"Cannot in good conscience give this a high rating, no clue how it has such a high rating. To start, oodles of unnecessary rules for such a mediocre property. Bed was extremely uncomfortable. You can literally feel the springs in the mattress. The pillows were worse than ones you would find on a sofa. The location is pretty low rent.  I know this isnt a reflection of the property itself, but after I was upcharged for a parking spot, was accosted by a neighbor. This doesnt reflect on the owners, but this was just one of many small experiences that made our stay uncomfortable. They dont disclose noise issues until after booking reservation. Heater has an incessant noise that just adds to street yelling and traffic that will undoubtedly annoy some people. There is pretty annoying light in the kitchen.  We checked out an hour late, slept in after not getting quality sleep based on terrible bed. The owners upcharged for cleaning, owner was cleaner, was waiting by door for us to leave.",0
1173769081115441297,949908407493176827,2024-06-07,"Perfect spot, near to public transportation. Cozy and suitable for a family of 4-5. The downside is the lack of parking spots. Had to park 7 mins (walk) away each time in a public parking garage.",1
1488373247576566348,1475879212421253052,2025-08-15,"They provided beddings for 4 people, although we reserved for 5. They told the fifth person to use the dirty couch with chocolate and other marks everywhere, and the pillows on the couch. They did not provide bed linens, and clean sheets for the 5th although we asked them to do so in the moment we checked in. We checked in at the earliest moment they let us. They said sleep on the dirty couch tonight, and the clean sheets will be provided the following day. As it is a company, they stop working after 4-5 pm, which cuts any type of support if you need something. Yes, you can chat with them online, but they will just tell you to wait until the next day.",0
1585522941691095516,1481733214020807220,2025-12-27,"It was a good apartment to stay on for two nights the only issue was the whole building was a Little bit smelly , also we didn’t have A/C but we opened the windows to get a cool air from outside.",1
1320939147145423580,860823521329212488,2024-12-27,"Positive: Great location, easy to walk anywhere. Negatives: Hosts were inconsiderate and dishonest. We had asked if we could drop our bags early, as our plane arrived in the AM. One person told us they would try to accommodate us. Upon landing, another one informed us the unit was still occupied (1.5 hours after checkout) and said to store our bags at the train station (which cost $50). Worse, before they said that they would provide check in code 24 hours in advance. When we were at the airport (after which we would have no internet), they said it would be 2 hours before check in. Upon questioning, their response was ""Our team has changed the procedure this week."" WOW! Only when I said I would escalate to Airbnb were codes provided. Also, the space is poorly maintained. Coffee table wobbles badly, there's a broken paper towel rack on the wall, shower curtain is 2 feet too long and clogs the drain. Also, we could find no way to convert the sofa, so our 6 year old had to sleep with us.",0
469202874,14861181,2019-06-14,"DO NOT BOOK I deeply regret booking this accomodation. I have stayed in many Airbnb apartments and while they can differ I've never given less than 5 stars until now. Jacqueline promised us more than a month in advance that we could check in at 2pm, and we booked our train and other travel commitments around this. She messaged us the afternoon before we were due to arrive in Zurich to say we could not check in until 6pm because the cleaner was sick. We asked if we could drop our bags in the apartment and come back later when it was clean, but she flat out refused. We still don't understand why this was an issue as she originally said 2pm would be fine and it's just the cleaning part that was an issue. The host became very rude after we questioned this. She did offer to pay for our bags to be locked in at the train station and I explained this was a hassle and I didn't like the idea but appeared we have no choice - only to find on the day that the train station lockers were closed down by police and not able to be used. So we spent FOUR HOURS lugging 4 suitcases around Zurich, waiting to be let into the apartment, with Jacqueline being unresponsive to our messages. When we turned up, we doubted that the bed sheets had even been changed and the bare minimum was clean. When people say it is a clubbing street ... keep in mind it is a loud strip club street. The police arrested a man in our doorway for theft, and we saw a couple of drug deals and strippers in our building. There was also construction work. I understand this has to happen but a heads up  would have been nice as it was hard to sleep at night with the noise, and hot as we also couldn't open a window for this reason. And during the day the construction noise was so loud we couldn't bare to stay in the building. This is the only Airbnb I have ever had a problem with and the whole experience was just seedy, unsafe and regretful.",0
904903902504788878,51415534,2023-06-02,"cons - no elevator (as listed apparently). we had 2 kids and tons of luggage so it was a nightmare, especially after a long trip on multiple trains. to get there is already hilly. when asked, we were told that we didn't ask about it, kinda rudely. could be the language barrier but we didn't appreciate it. definitely not 'superhost' material. if you came to Switzerland to hike, this is the unit for you. apartment was kinda dated. sofa bed not so comfy. older style kitchen and toilet. pros - not so value but as value as you get in zurich. near trams, just 2 or 3 stops from town centre. somewhat of a view out the balcony. not recommended.",0
733849018365529051,4246456,2022-10-09,"I’m genuinely concerned about the people who left a positive review on this place. For starters, we weren’t able to check in at 5 (which is already a pretty late check in time) because the room wasn’t ready. They offered to let us leave our bags in the room while they cleaned it, so we did. When we came back, our bags were thrown into the hallway which was attached to a bar. They could’ve easily been stolen. The meal I spent $50 on at a restaurant down the street had been thrown away. I planned to eat it for dinner, but had to go to the convenient store instead because of this. The “cleaner” didn’t even change the sheets that were slept on the night before. He also had zero cleaning supplies with him to sanitize anything. In the middle of a pandemic, nonetheless. Katie is a rude and inconsiderate host who does not care about the people paying money to stay in her Airbnb. Also, we had a flight at 5 am and we got NO SLEEP because the bar was playing music (the same song over and over again) and drunk, obnoxious people were yelling and stumbling around all hours of the night. I addressed these concerns and Katie responded saying our room wasn’t ready because our bags were in the way (one carry on item each, that weren’t even in the room until 30 minutes after the check in time) How does that even make sense!? The bathrooms are also the ones the bar customers use so have fun with that. I was refunded $10 when the total was over $100 not including the $50 meal thrown away. This is a joke. I hate this place and 0/10 recommend staying here. YOU’VE BEEN WARNED!!!!",0
1246305385173521332,1093344293204030859,2024-09-15,This place is not worth for money we paid. blanket was very short.bed is too soft. no proper window covering.  no Ac..no wardrobes to store cloths. host is very responsible to respond your messages.,0
736020159417422001,26006157,2022-10-12,"The room itself was beautiful and very clean, but the overall stay was not great because of the enormous amount of construction work being done on the whole building, which was NOT disclosed in the public listing. I wouldn't have stayed here had I known that there would be so much noise and lack of privacy. They said to me in my first message AFTER booking that ""the studios should not be affected directly"" by the construction work, but obviously that wasn't accurate.  Duri actually refunded me the entire amount of my two-night stay (which I really appreciated) because there were no blinds on the bathroom windows and construction men were walking around on scaffolds directly outside. I was standing there in my bathrobe and was obviously unable to use the toilet or shower because of the people standing right outside looking into the bathroom. Duri realized the problem after the fact and offered to put blinds up, but I couldn't believe they didn't know about the issue beforehand.  Aside from the privacy issue in the bathroom, the entire building was covered in scaffolding and the construction began at 8 am every morning. The noise was deafening. It seems dishonest not to mention the extent of this construction work in the listing description prior to booking. I was working remote and absolutely could not stay in the building to work because of the noise. I also couldn't open any blinds in the room because of men right outside.  The other things that were strange/annoying:  -- I wasn't able to adjust the room temperature. If I wanted it hotter or colder I had to email Duri and ask.  -- Check-in instructions were vague. Once I got to the third floor, it was just a white hallway with a few different doors and keypads. Nothing was labeled and I had no idea which door led to my room. I had to try my code on a few different doors before I successfully found and entered my room. Same issue for the bathroom.  This place has the potential to be a really nice stay but they shouldn't rent out the rooms while construction is going on.",0
94158328,5350881,2016-08-15,Flat is a bit noisy due to the tram but fine.,1
669419476329836227,566305751073543970,2022-07-12,"Great location, the apartment itself is large, bright and airy with everything you could need. A place to relax in. Communication with Deborah was great, easy and quick too! Wouldn’t hesitate to come back here again! Highly recommend.",1
876662180029678292,13432999,2023-04-24,Sofa was not comfortable. Not worth sitting on. Could not get the TV to work but did not try hard. Noise on Saturday night from the street until late. This kind of jars with all the warnings of not making noise ourselves after 22:00,0
1215092753492061582,33993690,2024-08-03,"Good view from balcony and location. Old broken furniture. Needs paint job. Wooden floor overused needs replacement. Bad Smell of sewage in master bathroom. Espresso machine not working. Disgusting  water kettle. Kitchen ceiling partly falling down. Old bed sheets and pillow covers  Very old unusable bathroom towels. Stone age TV set and cable channels were disconnected. In general hygiene level is low. When commented to the host upon checkout, he said i should have told him the above he said he has many new items in storage which is strange as why it is not in the apartment. We were daily occupied with our touristic plans and no time to entertain technicians and change of damaged furniture. Not suitable for family that require  hygiene and comfortable place.",0
1551395996136817848,641706387948283914,2025-11-10,"I find that leaving at 10, but arriving at 3 p.m. without any flexibility is not very nice.  We missed suggestions for plans around",0
1582596159248175890,1377698168315160152,2025-12-23,Cozy and clean. Folks in the building were a bit noisy. Stairs are really tough going up and down.,1
1413700303352793006,29990728,2025-05-04,"According to the Airbnb app we paid 100€ for cleaning beforehand. As we arrived the bathroom floor was quit wet, dishes and silverware were kind of greasy and furniture such as the kitchen table wer not really polished. Generally ok, but if the cleaning fee makes up such a big amount if the asking price - and you’re told to clean your dishes and the flat before departure or otherwise you’re be charged another 100€ - the condition we found the flat in was not acceptable. Additionally the common places of the estate were packed with vacuums and cleaning mobs, suggesting a constant state of “progressional cleaning”.",0
1450626697313065487,33360498,2025-06-24,"It was a pity I could only stay for one night. Judy was very responsive and consistently attentive, even during my brief visit",1
1522466844656079609,653297247567470950,2025-10-01,"Absolutely dreadful. I only have 1000 words so I’ll keep it brief - disgusting beds with hairs all over  the under sheet protectors, pubes in the washing baskets, black marks all over the floor, a stained sofa, cob webs and a dirty floor - there’s no way this place had been cleaned prior to arrival. It was extremely disappointing even more so because of the cost. Then on day 2 the coffee machine started leaking everywhere (it was finally replaced), the oven broke later in our stay (again a temporary replacement was provided after 4-5 days of having no oven !!) and the kitchen was equipped sufficient for an over night stay, not a property marketing 1+ month stays, it was awful. Finally they don’t tell you about the noise. The floors are paper thin and we were woken up throughout our stay at 2300-0300 by people coming back to the flat above and walking around & closing doors etc. I would for all these reasons avoid this property like the plague!! Now they’re making up damage on check out",0
964339783739640683,8658898,2023-08-23,What put a damper on our stay was Zurich was experiencing a heat wave and the apartment had no AC.  We died of heat and had two sleepless nights. It’s not the hosts fault with the weather with the unexpected weather….. but it unfortunately made it miserable for us,0
470601167,24515415,2019-06-16,"Great location. Only major downside is that it’s a lot of stairs to get to the flat. As other reviewers mentioned the bathroom is small, but that didn’t bother us at all.",1
1665977082246151408,45433374,2026-04-17,We had a wonderful stay at the EMA house! We had everything we needed and more. Beautiful bright apartment which was very clean. We even had housekeeping come in one day which was nice! the rooms are spacious and beds are so comfy. The bathrooms were clean and spacious. We had all the amenities we needed. EMA house was very responsive and friendly throughout our stay! We were even able to check in early which was so great. Will definitely come back if we are ever in Zurich again.,1
923030569839864133,602777194891984917,2023-06-27,"The floor was dirty and the cabin had trash and other things.  In the hall way and the room before entering the bedroom, there are many construction materials sitting on the floor, which makes it looks like a basement. There is a a building site just  opposite to the room's window, so it is noisy in the early morning and the the working time. There are many people living in this house, I would say the room I had is the most noisy one. There is no water in the room and one has to go to the third floor to use the toilet or the tap. The trash bin in the kitchen has many flies around. The room has no curtains, so it is very bright in the morning.  The mattress is broken and one can only lie 3/4 of the bed. There is no light in the room but just lamps which makes it impossible to read at night.   The good point of the room is that it is quiet at night and people living there are friendly (although I didn't meet Pearl). The washing machine is very convenient to use.",0
1649296607209082061,1408153696591021405,2026-03-25,"Black mold in bathroom. Room did not match pictures. WiFi was missing at first, then unusable once provided. Noisy apartment. Shower fittings were broken and dirty.  Would not recommend staying here. The location is fine, we had low expectations due to the price but were still disappointed. Most issues we had would not have been resolvable by the host during our stay, they need long term TLC and refurb to fix.",0
1457171222918126238,1223151303674888078,2025-07-03,"Our stay at this property turned into a distressing and unsafe experience that no family should ever have to endure. The area surrounding the accommodation was completely unsuitable for a peaceful or secure stay—especially for families. It was surrounded by pubs, frequent road fights, and intoxicated individuals loitering in the vicinity. The atmosphere was chaotic and intimidating, and we felt genuinely unsafe from the moment we arrived. We were forced to leave the area immediately due to the threatening environment. In a state of fear and urgency, we had no choice but to arrange a high-cost emergency taxi and book a last-minute hotel at a significantly higher rate. These were not optional decisions—they were made purely out of concern for our safety. What made matters worse was the host’s response. Rather than showing any empathy or concern, the host was dismissive and completely unwilling to acknowledge the seriousness of the situation. Their communication was never guest friendly",0
1376777096900385424,17739331,2025-03-14,"Unfortunately, no one had made us aware that there would be road construction all around us and also in the old town area, which made it difficult to get around. It was also not mentioned that construction would start every morning at 7 AM and the noise was too much.",0
120414526,12819700,2016-12-10,Angelika and her husband were tremendous hosts! Stayed here for a week long conference and couldn't have been happier with the accomindations. Would book with them again in a heartbeat.,1
1498448978392731124,1475873485848650030,2025-08-29,"I would not recommend this apartment unless you are desperate and trying to save money. It was noisy until late at night and also early in the morning. The floor heating could not be turned off even though it was the height of summer and we were bitten by mosquitoes at night when we left the windows open. It is literally impossible to park anywhere nearby due to parking restrictions and no parking space provided with the apartment. I would say that the host did their best to try to help and fixed the blocked sink as soon as we reported it. The apartment itself is not in the best of shape, but is clean and tidy.",0
815842256630811689,37479435,2023-01-30,"Overall stay was fantastic, convenient to transportation, restaurants etc. apartment is perfect for what I needed as an extended stay business traveler BUT the bar downstairs is noisy at the worst times (like Wednesday or Sunday) until the early hours of the morning.",1
184535502,16263857,2017-08-20,"Location is great,  but the lack of poor response from host and the dirty apartment was very dissappointing.",0
1586998541728380011,4246456,2025-12-29,"This is my first negative review ever and also my first stay in Switzerland with Katie was really bad. When I checked in, the room was extremely dirty and clearly had not been cleaned. There were no towels provided and no blankets available. As a result, I had to sleep on a bare bed and use my coat to keep warm. I contacted the host immediately to report the situation, but I have not received any response since last night. The accommodation was not as described in the listing and was not suitable for staying. I would not recommend this place since Katie didn’t take any responsibilities at all, no responses and left me behind with all those dirty stuffs last night. I need my money back!",0
414209721222218939,2962635,2021-07-25,"Gets the job done, I paid ~$130 per night and thought it was good. Only issue was bumping my head on the ceiling of the stairways and apartment but I am 6ft 2in.",1
1041216387382679816,808369565226483782,2023-12-07,"Great place, with excellent service. Neighbours were so loud sometimes that I could not sleep. But the place was great. Very central",1
1475254899914383013,1367182982702528450,2025-07-28,We stayed for 3 1/2 weeks with two young children and this was the perfect space for them. Petra provided a cot and a highchair for the baby and lots of interesting toys suitable for my 9 month old and 4 year old. The location is very walkable to lots of great parks and supermarkets and to public transport.  Petra was extremely helpful and communicative despite being away herself with her family.,1
306802797,9785013,2018-08-13,Very good location. But it's on higher floor. Not good for people with heavy lugggages.,1
391017353619457094,10382963,2021-06-23,Very convenient location stepping out of the apartment,1
1439801500735074061,1065861157507256276,2025-06-09,A neat concept/apartment but self check in process was not straight forward for us. We found the portable air conditioning unit not v effective and very loud.  Windows could not be fully opened so sleep was difficult for us. May suit others more.,0
219010157,21086485,2017-12-16,Very cozy apartment. Near the center and the lake. The room overlooking the courtyard is very quiet.,1
1218777387947532161,5209282,2024-08-08,"Very centric and it’s private, I would stay there again.",1
1630492254534848837,1012344283253130814,2026-02-27,"Only issue was the floor was a little dirty, other than that everything was great!",1
1005644291258174477,835565712641029153,2023-10-19,"The host was very responsive. The location is very central and couldn't be better, in my opinion. The apartment was a spacious studio that had everything you would need (sink, dishware, Netflix, etc.). My only negative is that the place did not feel 100% clean to me. There was a smell of cigarettes when I got there, which I had to air out by opening the windows.",1
1713772317872385014,1707213107238744360,2026-06-22,Great little apartment with big windows that look out onto the river. The location is truly unbeatable. And the host was very friendly and responsive! Highly recommend,1
1170192650138785015,52646086,2024-06-02,"Kay's place provided everything I needed for my business stay. Location stands out, so close to lake Zurich.",1
1670282320786422438,1613110741012651561,2026-04-23,Second time staying. Very central and handy locations. Apartment has everything you would need for a short stay and even has laundry for the longer stays. Very accommodating host.,1
1682631766654207375,1429555041599383165,2026-05-10,"Every thing is excellent to stay here. There is only one concern about its mattress. It’s very uncomfortable to me because it’s too soft. However, my husband feels okay.",1
1715917597265829849,1224606722538028919,2026-06-25,"They threaten us because out of 4 people only 2 checked in and gave the passport, the other 2 arrived late at night, the day after they said they would have kicked us out and called the police if the documents where not shared… it seemed a bit too much for a slow ID sharing. The apartment was hot as a sauna and they were telling us there was aircon, in reality there was only 2 small ventilators not working properly. After we checked out, there were 2 plastic plug/socket broken - they were already broken and they tried to charge us 330 chf for it. We refused to pay and escalated to Airbnb which charged us 22 eur and we decided to pay. Afterwards, they privately reach out telling that they would have escalated criminal charged. Worst experience in Airbnb in my life, despite I’m a pro user and always got great reviews.",0
1133971773023152651,4797373,2024-04-13,"For the physical apartment itself, I would probably give it 3 stars. The bed in the primary bedroom is extremely uncomfortable (and I am by no means a snob when it comes to bedding). It just felt old and lumpy. As stated in other reviews, the bed in the second room is a pull out couch. The two rooms are separated by a barn door so there is no noise privacy. With that said, it is a very clean and spacious apartment. A pack-n-play was provided for our baby. Of note, you do have to go up 3-4 flights of stairs to get there. I gave an extra star because the host was very responsive and allowed us to check in early.   I almost gave 1 start because we had a TERRIBLE experience at the bar downstairs. First, it's cash only, The bartender was drunk the enttire time and very rude. She kept changing her exchange rate for USD. She also would not give us change (assuming she kept the rest as tip to herself).",0
1182443861645612978,590568458431108696,2024-06-19,"The apartment is quite clean, charming, but has serious security issues. The lock that opens both the building entrance door and the apartment door is the same. This means anyone with the key to the building can also access the apartment! Unfortunately, we lost our key and asked the host, Saschja, for a replacement. He said he could give us a spare key but insisted that the entire lock needed to be changed at our expense. This was inappropriate. On the day of our departure, when Saschja wanted to discuss the lock issue again, we told him it was not appropriate. We argued that the security problem existed as long as the same key opened both the entrance and apartment doors. We offered to pay for duplicating the key instead. Later, he accused us of potentially entering his apartment in the future, a baseless accusation, especially since we had already landed back in our country. We had to contact Airbnb support for further assistance. This was an unpleasant experience.",0
1433270056515742389,9892141,2025-05-31,"Expect to be HOMELESS if you lose your keycard at night! The room itself was fine, but unfortunately, the service and communication were severely lacking. I lost my key card one evening, which I acknowledge was my fault, but what followed was unacceptable. When I returned around 9:20 PM, I was unable to reach anyone through the number on the Airbnb listing or the hotel’s direct line. Had it not been for the restaurant manager who happened to believe me and let me in, I would have had nowhere to sleep that night! Even after getting into the room, I couldn’t leave, not even to use the toilet! The hotel requires a key card for access throughout the building. For a hotel charging £180 a night, I would expect some kind of out-of-hours support or emergency protocol. Sadly, that was completely missing. Not recommended!",0
1700741008200605270,1395644124425314020,2026-06-04,"Appartment is located close to center and location is great. WiFi doesn’t work most of the time and when it does its super slow. Its bad if you need to send email or anything. The room is cold during the night even in summer. Its in basement with no light. Owner lives there as well and speak no English and its very difficult to talk to him. Good maybe for one night, but not suitable for one week stay.",0
936755648959922691,842783808030546755,2023-07-16,"Alright location but no AC means you need to open the windows at night and there is a very noisy bar underneath the apartment with outdoor seating which is crazy loud and a brothel across the street where a woman was yelling all night at prospective johns. And I mean ALL night. From approximately 6-8pm until 7:30am there was lots of noise. Fireworks, yelling, live music, smashing bottles, etc. location is ok in general but the exact location kind of sucks for the previous reasons. I would not stay there again unless there was AC so I didn’t have to open the windows.",0
764679654,42243057,2021-05-31,Miserable experience!! There is no curtains on the windows and shared rooftop with other rooms.  Someone was looking in at me at 1:30 am on the rooftop trying to open the locked sliding glass door. I didn't feel safe in the safest country in the world and left to stay at the Marriott at 2:00 am. When I left this place the security was at the bottom of the floor with the women guard walking around and I left in a uber. Very frustrating stay and not very clean.,0
1612295487011645892,45701656,2026-02-02,"It was 3am before the bar across the road started to quiet down. The description said if you’re looking for a quiet break might not be the area for you but the noise was awful and we, after a couple of drinks ourselves, couldn’t get to sleep. I’m sorry but I would not recommend",0
1607932637394721169,1483547334790080676,2026-01-27,"Works for stays up to a week if you have a tight budget but rather dirty place. It had a chemical smell. The floor in my apartment was dusty. One can hear everything through the apartment door, I heard full conversations of neighbours and, one night, I could hear one neighbour having sex. When I was checking out, I also saw a cockroach in the staircase.",0
1706550036392874859,1552067909365964576,2026-06-12,"The apartment was nice and clean. It was close to the train station and the neighborhood has everything you need, like grocery stores, bakeries, etc.",1
1705818078674222448,1540340503162772049,2026-06-11,"Good location in peaceful neighbourhood. Walk down a slope for 5 min to a train station. Shampoo and shower gel are not available although they are listed in the amenities list. The hair dryer's power cable is damaged, with exposed wiring near the plug, and the plug itself is held together with tape. There was burnt smell when I turned it on. It doesn't appear safe to use. Contacted host, host asked to get our own shampoo and shower gel. Would have been better if this is accurately explained in the listing. Host said hair dryer may be damaged by previous guest and she won’t check the hair dryer condition after every guest checks out. But the tape on the cable looks very old. Spacious and cooling unit during summer.",0
792582804750158687,610476869049419611,2022-12-29,"Host was helpful and responsive, but unfortunately this did not outweigh several very negative factors.  To her credit, the host tries to have a simple, high tech experience for checkin.  That easy was complicated by the numerous codes necessary to get into the building and that had to be inputted into a phone app, which was further complicated by the fact that every person in the group (which included 3 minor children) received codes too.  It was very complicated to understand and process what was being sent.  After we understood the different codes, the interface was much easier. There was no disclosure that the apartment was on the 4th floor with no elevator/lift access.  We have 3 young kids and had several heavy bags.  Had this simply been my wife and me, not an issue at all.  But, with kids and heavy bags, it really made for an unpleasant arrival and departure. At night, the train station next to the apartment never sleeps.  There was noise all.night.long.  Very hard to sleep.",0
1158626544157003676,6862908,2024-05-17,Good place and location. But minimal amenities. Not very friendly for elderly as it was quite dangerous to get in and out of showers. Otherwise would recommend,1
890415549851330709,40582267,2023-05-13,"It’s a nice location. I was expecting more comfort. The double bed had a one-person duvet, instead of a double one and I slept for two days with my feet outside the sheets, until In realised I should twist it. The coffee machine was not working. The host told me that the capsules were not the right ones, but I couldn’t find capsules for that brand in the nearby supermarket. There are some utensils missing on the kitchen",0
1476049933690624400,1289022969585936712,2025-07-29,"The elevator, it’s only for luggage and even that didn’t work when we left. It was terrible having to carry all our suitcases up and down so many stairs. Be careful if you’re not young or have health issues, because the stairs are a serious challenge.",0
1545690454611168304,1483348354903184417,2025-11-02,"We are family of 4 ( our kids are 5 years old and 3 months old) in search bar we put our number of family and after we got the conformation we received email at the arrival, that normally is for 3 person and that they made us a favour. We slept only to nights and the neighbor from down she came up to complain about noise imaging we arrived at 1:30 at night and she came 10 in the morning to complain ( we didn’t even had energy to be wake fully) after 8 hours driving  The key box was in the number 21 but the apartment was in 23 and we needed to search and figure it out without telling us specifically instructions because in some countries the email ( key )  box is inside at the entrance  So very very poor instructions  Locations was ok but NOT  recommended from us at all",0
1568065184453767609,1483347562035652357,2025-12-03,"I was hesitant to write this review because I don’t like being negative, but I also can’t be dishonest. The booking process was smooth and the original apartment location was very convenient. However, upon arrival, the access code provided did not work. I had to contact support and went through a long, frustrating process before being relocated to another apartment. The alternative place was acceptable, though the location was less convenient. The next morning, the checkout experience was unnecessarily stressful. Overall, while the apartments themselves were fine, the check-in process, communication, and handling of the situation were very poor, especially for travelers arriving late or tired.",0
841936474621834888,835625025024303651,2023-03-07,"I've stayed with Haoran twice now in two different rooms. The building is great no matter the floor, and I'll be staying with him anytime I'm in Zurich.",1
1525351146066335222,53103297,2025-10-05,"The flat is functional, and 20 mins away by tram from the main station, in a quiet area. Communication-wise, the flat was missing a control wheel for the oven, and the entrance lights were not working, so I contacted the host on the 2nd day. The third day after that I contacted them again asking about the oven missing piece and then I got a very fast reply from Céleste, who came and gave me the missing oven control piece, so I think the first message was somewhat lost during communication. The entrance light was not fixed, however. The host also contacted me right after booking to inform me about the building being old, but that had no impact on my stay whatsoever.",1
1693494816474788700,1502071174117758361,2026-05-25,"Spacious apartment with all you need. Two balconys is a huge plus! John was a friendly and helpful host, and is highly recommended",1
997624648087334668,872343712931267300,2023-10-08,"Unfortunately, the whole flat was totally dirty when I arrived. Dust, crumbs, long black hair everywhere, even in the bed.  The bathroom was under water, long black hairs everywhere, I'll spare you the description of the toilet.  The kitchen was also dirty, with food leftovers on the worktop and the floor, the inside of the fridge smeared, the rubbish overflowing.  After a lot of texting back and forth, Shelly finally came at 10pm to clean up.  But even after cleaning, there were still long black hairs in the bathroom. I got a so-called ""upgrade"" because I had complained that, contrary to the picture, there was no desk in the room, which I needed for work.  However, apart from the desk and a wobbly plastic stool, there was nothing in the room. No chair or shelf, nothing. I was then ""allowed"" to take a chair from the kitchen into the room after it had been cleaned. The only good aspect was the area, which is very pleasant. Otherwise, this Airbnb felt like a total rip-off.",0
1626776961660639958,1233851288239180561,2026-02-22,"nice studio, warm underfloor heating everywhere, quiet, 1 flight of stairs, only negative for me was the very soft mattress",1
294721269,17261980,2018-07-22,"Very professional! Quiet location but very centrally located, tram stop is just around the corner. Recommended.",1
76488778,2470664,2016-05-27,"By far ... The most disturbing experience on Airbnb .  First let me begin by saying that the photos are as photoshopped as one can get . The reality is totally different . That is a very old, dirty , grissy ,noting looks like in the pictures .  The area is nice as you walk straight into lots of cafes and bars but very noisy if you want to rest. I have never met Alberto but upon arrival he has organized a lady to come hand me the keys, she has spent 3 minutes showing me what is where and left. I have spent very little of the month in that flat for it wasn't a pleasant experience being there . Other Swiss people that heard of the price I paid for a month there said that this is hilarious. The sheets and towels were old but most important were NOT ENOUGH for the period of one month - he never provided cleaning whatsoever for one entire month and complained the towels were dirty after I left ?!how does he expect will a towel look after a month use?! , I was doing my laundery in the city for big money (1piece-8chf), also for those that don't know in Zurich you need special bags to throw the garbage , since he did not provide them , I have bought some black garbage bags and put everything there . That turned out into a scandal after I left . He never being there , just by the words of the lady I met in the begging is asking me 600 chf on top on what I paid for that flat ! This is the crazy insane thing - I Have to Ask him for refund , not the other way around . there's no furniture , a tiny very old couch that needs to be washed and so does everything there . I didn't touch the tv because it wasn't working and was from another century and it gets crazier - he accuses me I stole his plates or whatever from kitchen .. Not only I didn't steal them .. I used them very few times , everything was dirty and old. All in all a terrible experience, he took the liberty to accuse me of things I didn't do while he wasn't ever even here . For that amount of money I could have stayed in a hotel . Once in a while sadly this type of experiences happen and although I dislike being in this situation it's my responsibility to lighten this up for other people looking to rent this flat . All the best to each of you and I hope this helps make a wiser decision .",0
1181017185833373740,7613086,2024-06-17,"I am reviewing this, but I had rented it for my son. He said it was easy check-in and it was a convenient place. He didn't realize the apartment was so easy to hear everything from others and they could easily hear everything from him. He said it was an okay place to stay even though there was no privacy.  Jun was a responsive host and had answered my questions for getting my son to the right place. I feel bad that she has to worry about the sensitivity of her neighbors over the comfort of her customers. I paid extra money because she requested my son ruined some of her decorations, plus she wanted me to pay for her disgruntled neighbors. However, that is not something that is an Airbnb's customer should have to worry about. I always try to leave my Airbnb homes better than I left it. My son said he tried to do the same but it ended up being a negative experience because of the few previously mentioned items. I do feel bad this didn't end better.",0
1610197993901784054,835481714246032290,2026-01-30,"Had high hopes but was sadly disappointed. Probably the worst nights sleep I’ve ever had due to noise outside (party / talking / music) till 5 am. Building is not a nice feel, checking in is difficult and a faff The neighbours keep their door open and seem to watch what your doing The bathrooom is across the hallway and needs the key to unlock and lock each time The whole apartment and building smells and there is rubbish bags left lying around.  Terrible",0
296522078,19359438,2018-07-26,Very nice apartment. Parking can be a bit difficult.,1
83308035,13432999,2016-07-02,"great. i am fine with no elevator, but some guests may have trouble with the stairs. the elevator goes to the second floor, and then you will walk up to the third floor, many stairs, with your suitcases, and back down, when you check out.  i'm fine with this as i am athletic, but some guests might not be fine with it.",1
1512970651775158565,15381261,2025-09-18,There was no smoking yet the apartment smelled like smoke and there was an ashtray on the terrace full of cigarette butts.  Read the house rules before you go they do not supply any soap or anything but toilet paper.  There were only a few drinking glasses and just a few dishes.  The sofa bed in living room is very uncomfortable so don’t plan on using it.,0
147670550,3890636,2017-04-28,"I've stayed in Rosanna's place for almost 2 weeks to work in Zürich, and even if some small attention was here at my arrival, I wouldn't recommend the apartment for more then 2 days... First of all the bed I really soft (my back hurts every morning).  Second the WIFI doesn't work, when you are here to work, it's a bit too bad, i had to spend 40.- to upgrade my phone GB in order to have Internet. Third there's no possibilitie to cook, for a AirBnb it's really too bad, when you know what you pay in Zürich to eat, it's 50.- very day at least...! Not to mention the drunk neiberhood just right next door...",0
1220192106193519781,17854285,2024-08-10,"The place does not have air conditioning but the fans are very weak. During summer, it can feel very stuffy. Bathroom needs work",0
1210769137544057649,23047265,2024-07-28,"The apartment seems to be a former hotel room, which has been transformed to an apartment. Downside is that there is no kitchen/cooking opportunity and no extra sink to wash dishes. Apart from that, the apartment is very homely and completely fulfilled my needs.",1
882480694867066349,35512110,2023-05-02,"Pros: This apt was beautiful. I would live here. It was perfect for me and my two female friends. The neighborhood is great with excellent restaurants to walk to. Tram stop right at the corner of the street.  Cons: Host was difficult to communicate with prior to arrival, I would send multiple messages and get a response days later. But once I got there he was very responsive. My only real complaint is the check in process. It was a nightmare. There were a million instructions and an app that needed to be downloaded, and despite following all the instructions we still could not get into the building. We also had no cell service as we are foreigners to that country so had to turn on roaming and accrue extra charges just to call the host. He was able to let us in remotely but we stood outside for one hour with our luggage after an overnight international flight so it was exhausting and stressful. If they could figure out a more straightforward checkin system this place would be a 10/10.",1
1503595570108597986,927099274455108509,2025-09-05,"Pros:  - Cher was responsive to queries/requests.  - Check-in process was also straightforward and easy to understand. - apartment was spacious  Cons: - apartment is on the first floor, so we had to keep the blinds down all the time for privacy;   - no bowls and few cutlery provided in the kitchen;  - no trash bags provided. We were told that we could leave the trash for housekeeping to clear but it also meant we had to keep our trash in the apartment for 3 days. - shower experience was poor (main reason for the 3 stars). The input/ water pressure for the shower head was poor, and the water kept pooling. For the price we paid, I expected more.",0
468553560843486169,38540843,2021-10-08,You get what you pay for. Location is great.  No shower was presented to us.  Loud noises in the sanitary system throughout the night.  Unfortunately hammering noises started very early.,0
1646402247932629240,888340807316306636,2026-03-21,"Amazing place, very close to shops, close to Balgrist and for walking enthusiasts like me , the city Center is not to far 😊",1
1523906700807064445,1110180030458360460,2025-10-03,"Only location is good, but it is not like a  B&B , host didn't contact with us. there were very little amenities.",0
1715812043974277988,873117844498595674,2026-06-25,"I made a mistake booking his property, I canceled exactly one minute after seeing my error.  The host REFUSED to cancel. I talked to Airbnb many times and they spoke to the host many times and still the host refused to cancel.  Airbnb HIGHLY recommended I keep the booking so I could share this with you.  After the everything was done Nico tried to make it look good by saying he tried to resolve it but it’s a lie.  He was HORRIBLE!!!! Do not rent from this host.  I have every call documented and recorded with Airbnb as well as every text.  I tried hard, I even offered to pay for one night as a result of my booking error.  I paid over $1500 usd to make a point and share this review.  This host is AWFUL!!! I begged, I pleaded and so did the Airbnb customer service representatives with Airbnb and the host REFUSED to be flexible in anyway.  Additionally the area they are in after my stay in Zurich is not a nice area.  Do not trust the reviews you see on this property I believe they are fake",0
447337023,13927064,2019-05-03,"I recommend this apartment. It's so fantastic. Very close to metro.  It has a little bit problem, the speed of wifi is slower than I hope. But it is so tiny problem if compare with the convenience that you will get.",1
1015089063390373078,19743179,2023-11-01,"Not really a Airbnb room. It is a basement of a nearly 100 years old house. There is boiler, washing machine, dehumidifier and a very noisy fridge in the surrounding. The room has extreme mould smell and can trigger asthma (I have a history). The bathroom has no door. The room door lock doesnt work. The room was cold as hell due to poor insulation. The bed was making noises. The toilet is upstairs on the hands are to be washed downstairs. There is so much clutter in the house, like mess everywhere. Kitchen was so messy, couldnt see anything.  To the point I ended up calling Airbnb to seek AirProtect and move to a hotel as I couldnt stay there. Unfortunately couldnt find a hotel at late night and had to spend 4 hours and left at 8am and requested a refund.  Not recommended at all. Not worth even for low price for this property.",0
1512259378359145637,1497616529639443747,2025-09-17,"Julia & her roommates went out of their way to make us feel welcome in their home - even allowing us to drop off our luggage early.  We could use their kitchen, however  no towels were provided so we could not shower. It worked out okay as we only stayed one night and were flying home the next morning. She told us which public transport to take to get to the airport and 43 minutes later we were there. I wouldn’t hesitate to recommend staying at her place.",1
1692692710830465800,1431329835052032776,2026-05-24,"We enjoyed our stay here for the most part!  The location was great and place is spacious and clean.  The only drawback was that the pullout couch was broken, but we were still able to accommodate our group of 8.  Also, the showerhead was broken so water pressure is relatively low.  But those were minor issues we were able to deal with, and the place itself was pleasant to stay in.  Would recommend overall!",1
1323131048422611590,1311676054417470678,2024-12-30,"Wanted to leave my review, as the only lace was really good. Dmitrii’s place was really good and he was really helpful, and friendly. Highly recommended.",1
867776596293119508,780917244283391530,2023-04-12,"I cancelled this stay - which was planned for 8 days - after just one night because it was impossible to get any sleep in this place. Someone seems to have emptied several bottles of odor eliminator / room scent in the apartment, presumably to cover up unpleasant smells. However, the smell of the spray was so stingent that I had to leave all the windows open at all times, which made the place even noisier than it would have been any way (it's right next to a tram stop and busy road, windows don't hold back any noises).  Also, the bathroom floor was filthy with dust and particles as if it hadn't been cleaned at all. There is no trashcan and/or garbage bag to be found anywhere. The coffee maker had patina that looked like it hadn't been cleaned in ages, and also came with a full load of wet, smelly and presumably old coffee grounds in the filter.  All in all disgusting, uncomfortable and certainly not worth any of your money.",0
1676130914084565047,787515150552579820,2026-05-01,"An excellent stay from start to finish. The apartment is in a fantastic location, very clean, and exceptionally well equipped with everything needed for a comfortable stay. It’s clear that a lot of care and attention to detail has gone into making this place welcoming and functional. I would highly recommend it to anyone visiting Zurich and would gladly return in the future.",1
1697765219135817835,1117336268997295623,2026-05-31,"My husband and I had a wonderful stay at Dylan’s place! The apartment was clean, comfortable, bright, spacious, and nicely decorated as well.  Having two full bathrooms was a luxury, and we appreciated the use of the washing machine/dryer. The kitchen seemed to have everything, but we didn’t cook during our stay. (The kitchen doesn’t have a microwave, which is unusual to an American, but apparently they are not so common in Switzerland.) There are also TWO big, beautiful patios to enjoy! Dylan kindly set up the air conditioner for us in the bedroom, which was very helpful during the hot spell we had. The main living area does not have A/C, but we learned to manage the heat as the Swiss do - by opening the windows in the morning and then closing them and the blinds against the midday heat. We chose to walk to & from Zurich station (easy 15 mins), but we took the tram for longer distances, and it was just a 5 min walk to the tram stop. Lovely and welcoming - we want to return!",1
838999946357543076,45701656,2023-03-03,"Unfortunately, we experienced a number of issues with our stay here. The outside door buzzer did not automatically open the door as it should have. The area felt unsafe, particularly at night being located next to a cannabis shop, strip club and sex shop (erotic megastore). I would therefore, not recommend the location to families, nor solo female travellers. On our last night, we were approached aggressively by two men leaving the cannabis store and quickly entered the apartment to avoid them.  Apartment itself is small, but well equipped. The iron has a UK plug but the adapter provided does not fit the Swiss sockets. Noise is a real issue at night, with road noise seeping through and church bells which go off every 15 minutes, 24/7 - we found sleeping very difficult. Host provides code for keyless entry, this added to our anxiety as anyone with the code can enter the apartment. We found the host's communication very slow and in some cases, did not respond to our messages.",0
412048579100485101,23422713,2021-07-22,"Can highly recommend for a short stay in Zurich, located in a quiet area with excellent public transportation connections.",1
1180282515419710975,1165412006366231768,2024-06-16,We had a great stay at Franks appartment. Only 15/20 minutes from the centre on the tram with plenty of space for the 7 dancers of the Co. One bed had a problem but was delt with within the day. Would recommend this place to all and will be glad to use it again when we come back to Zurich. Thanks Frank & team.,1
1589226922437404642,1507900508011407318,2026-01-01,"I couldn’t get the key to the flat even on the next day. There was a problem with the lockbox, and I was messaging back and forth with support, but they said they couldn’t do anything, even the next morning (I spent the night elsewhere). I had to look for another place. The host refunded my reservation",0
1125986528715574921,21890929,2024-04-02,"Overall the place is great, very central and upscale neighborhood. The elevator was unfortunately broken during our stay",1
1458091086993561331,1457307459785662501,2025-07-04,"This ruined our 10yr anniversary. No review on property, since i never got access. 25min before my arrival I asked to inquire about the arrival and check-in instructions and thats when we were informed that the unit not available. No Reason given. We were offered a new upgraded property instead but when we arrived at the new property, There was no key in the lockbox to access the new property. We spent over 4 hrs with airB&B support and host (That was also a very nasty experience), at the end we had to pay high cost of stay at a nearby hotel. AirB&B gave full refund (As they should) and offered 20% of the total cost of stay toward next stay. Which by the way did not cover the total cost and we had to pay over 1K out of pocket. When you combine the cost of transport, the food and other costs. We were planning on cooking and saving cost, so that added significant cost. Overall very bad experience. I will not book this property or Host, and will reconsider other options instead Airb&B",0
1208624673998555278,898803298900946366,2024-07-25,"There is a construction going on in the building next time this place, so the noise starts at 7am and you need to open windows because there is no AC, so the noise wakes you up and the floor gets dirty so fast because of the dust. The tram station is in front of this building so you can hear it at night and feel the vibration of the tramway. The bathroom’s curtain is falling on one side and it is dirty on the bottom, I recommend changing it.  The place is big enough and the towels smell so good!",0
1165080001769233631,999100351248035456,2024-05-26,Fair option for a stay in Zurich; flexible check in and timely communication with the host. Not super central but a 25 min walk from the city centre.  Would book again.,1
1044883198268194075,740268827990260895,2023-12-12,"The apartment was good, but after checking out, the company has been creating false accusations about us checking out at 3pm and requested for money when we did not check out late at all, after closing that accusation, they had then brought up several things like missing mop and buckets and spatulas and had wanted to charge us even more money when in fact we had never even touch them! I think this company is scamming and i’ll be reporting them",0
669797302,27833401,2020-10-01,"The bed is not a bed, it‘s a couch with a bed function so it is not very confortable. The apartament is very small so I found it too expensive for it‘s size. The pictures arent all from the apartament but from places in Zürich that aren‘t even near there. I wanted this room just for transition to my new apartament. I could move in to my apartament 1 1/2 weeks earlier, when I talked to Marie about checking out early and working out an arragement so that neither of us looses money, she wan‘t flexible at all. I wanted to move early and offered to pay the full week if she could‘t find a new tenant, but if she was able to find someone new I would get my money back for the one week I wasn‘t there. Instead she wanted for me to pay the full amount but still cancel so that she could rent it to someone else and make double money.",0
1525292481655961028,1459530479751645739,2025-10-05,The room is super spacious. There is a tram station right outside the apartment that takes you to downtown. The only problem is the lack of microwave and insufficient heat coming from radiator,1
427249818235056733,2920780,2021-08-12,Always available in case of any questions. Very good contact - couldn't be better. Great host.,1
1588371351512554621,1513639870144722794,2025-12-31,"Great space, super clean in a super convenient location",1
1507908707401361417,1466227069943518369,2025-09-11,"The flat itself was very good - the room was as described, the contact person was always reachable and helpful. The cleanliness and state of the place really depends on your roommates.  Certain things - if you want done you'll have to ask but the hosts will help.",1
1165883412904160976,1028134450181795036,2024-05-27,"Washroom had empty bodywash/shampoo bottles pr had very less quantity of toiletries considering we four people with one infant were guest Washroom had toilet paper inside the seat not sure if that was properly cleaned No kitchen cloth was available Garbage disposal point information was not shared When we tried to dispose in trash cans near the property exit, some resident started fighting us So overall it was not a pleasant experience  Informed host over msg but he choose not to respond or react",0
1645930686327183637,568707206326908466,2026-03-20,"After a 12 hour road trip to Zurich with my pregnant wife, we unfortunately arrived to the apartment and the key was missing in an already opened lock box. After several messages at 9:30 pm in the app with no response we proceeded to call the host three times with the phone number the host listed. Still with no response, we texted that same number with yet again no response. After escalating this issue with Air BnB, the company was also unable to receive a response from the host after they tried for 30 more minutes. Air BnB apologized on the host's behalf and helped cover our last minute hotel reservation at midnight that was required due to the circumstances. We neither received a call back from the host nor a text back, but quickly after Air BnB cancelled the reservation at 12:30 am the host messaged us on the Air BnB app apologizing 🤔",0
801977690226815907,21109761,2023-01-11,"Absolutely filthy. The bedsheet had a stain. The blankets and pillows feel like it has never been washed or changed because it caused allergic reactions to our faces and skin. There was a huge spider on the window beside the bed, which made us have a fear of it crawling on our faces at night during our sleep, so we slept on the sofa. The apartment is also too cold and has insufficient heating. We left after our second night and didn’t complete the entire stay. And the host is inconsiderate and refuses to even give a partial refund even with the knowledge that we have checked out and did not complete our stay. An absolute regret. It made our experience in Zurich a total nightmare.",0
328386128,13738980,2018-09-26,Close to the lake and to public transportation-it will only take 5 Minutes via public transport to the old town,1
1575414718551780611,1429793058439660720,2025-12-13,Thank you. Can recommend staying in this appartement.,1
855648704691040563,834935368984865069,2023-03-26,"My staying at the apartment was perfect. Big and spacious apartment, you can find so far everything you need to feel as home. The location is great since it’s in a very calm area and easy to reach by public transport. Thank you so much for everything I will definitely come back soon.",1
1205715128907734459,33150798,2024-07-21,"The AC unit did not work for our entirety of our stay. Our room was boiling! We requested the AC unit be fixed but they failed to do so. We then requested to be transferred to another room but they said they couldn’t do that either as all the rooms were occupied. The staff told us they would bring fans up to our room, but that never happened. Keep in mind, this is the middle of summer and temperatures are quite hot! Besides this, check-in was total chaos with extensive waiting. The front desk staff seemed totally overwhelmed. We were extremely disappointed with the entire experience. I would recommend you look elsewhere in Zurich even if the price is slightly higher!",0
1315206504198986419,627439802355893050,2024-12-19,"Lina’s place was an exceptionally cozy stay while in Zurich. In a relatively busy area for night life her place is just far enough off the strip that you don’t hear or feel consumed by the evening’s revelry’s. She left loads of suggestions in regard to things to experience in the area, and was quick to respond to any inquiries that came up throughout the stay. 10 out of 10!",1
1324628000162126954,897011883925294207,2025-01-01,"To say the entire ordeal with this host was atrocious would be an understatement! Please be WARNED NOT to stay at any location managed by this host! Not only did they receive a violation, but also lost their superhost status & rightfully so! They even failed to provide a trash bin in the bathroom so one could dispose off sanitary napkins! Not to mention that they expect trash to be thrown out before one leaves, which is a bit ridiculous considering the amount being charged for ""cleaning""! The bed was NOT made! The pillows weren't even put properly! There was still laundry in both, the washer and the dryer! There was no soap or shampoo or anything except for some half used men's shower gel in the bathroom cabinet. There were no kitchen towels and there was a refilled bottle of water, eaten tub of ice cream & a mustard sachet in the dirty fridge/freezer that the host kept lying about and saying belonged to me when reported to Airbnb Support! Threatened, lied & harassed! Worst experience!",0
657760156344790770,54403948,2022-06-26,"This place is clean and very central. You can walk to the city Center in 10 minutes and there is a market nearby to buy food. The communication with Antonio was easy and he is a nice person. Our experience was unfortunately not very good. The place smells like marijuana, there are no dark shade curtains and we had to wake up at 2:30am at night because the host came back little drunk and he had forgotten his keys. Also, the Wi-Fi connection is very bad; the rooter is too far away and the connection kept breaking up. The host said it is a temporary problem. Lastly, the mattress is very soft, it is like a sponge. In summary, the place is fine if you are staying a short time and it really didn’t give us a safe and comfy feeling.",0
1606469357619162336,1202756036366229659,2026-01-25,"This house needs a makeover. Kitchen, bathroom, doors are very outdated. Bathroom door didn’t close all the way. Kitchen cabinets slide all the way out and could fall out. Made manager aware at checkin that tea kettle was broken and they didn’t bother to bring a new one. Large bag of trash sat outside front door of the apartment for 3 days (our entire stay). Every time I pulled out “clean” dishes I had to check them because half the time they were actually very dirty. Just felt like we were staying in grandma’s empty apartment. Didn’t feel homey at all. Quiet location, clean and comfortable beds. But keep expectations low for this apartment",0
1629744981323755154,1578893915139431131,2026-02-26,"Only positive point: The property is very close to the tram station, which made getting around the city easy. The Issues Room Condition: The room was significantly smaller than expected and the floor felt sticky upon arrival. Maintenance: There were several functional issues- the bathroom light wasn’t working, and the toilet flush button was unreliable and often failed to work. Value & Policy: The checkout time felt unnecessarily early, adding to the inconvenience. Final Verdict: Between the lack of cleanliness and the maintenance problems, this stay was not worth the price. I would not recommend this property.",0
1159348884078539338,641706387948283914,2024-05-18,"I would confirm if the construction is still going on before you book if possible. We stayed on a weekday and they were working next door starting at 8am, which made spending time in the space pretty difficult and was a bummer to wake up loud, constant drilling and hammering on our first morning in Zurich. I'm giving the stay 5 stars because I know they can't control it but I would hate for someone who wanted to sleep in or had kids who needed to nap, etc. to have to discover this after they booked.",1
1478950563778647699,888309544518575693,2025-08-02,Everything went well with our visit. The bed is maybe little smallish for two person. The tram takes you fast to the center if needed.,1
853517393245185662,39196674,2023-03-23,"Clean place, convenient location, small and practical. One downside: Only source of fresh air is opening the window but there are constantly people smoking outside, so I would not recommend leaving the window open for longer periods, i.E. at night.",1
1514456354238539010,1483346748932989734,2025-09-20,"The host gave me the wrong address, which caused a lot of inconvenience. They promised compensation, but I never received anything. Additionally, I was charged a 250 CHF deposit that was never returned.",0
957807816596468051,48022066,2023-08-14,"I will start with the pros I do think this is great for female solo travelers that want the option of not dealing with men and the terrace and breakfast were nice.  For the bad- I was not able to check in as the QR code I was sent kept having errors, the number on file did not work and I never heard back from the host when messaging. I was able to get into the place because two girls happened to be coming out and gave me the right number to call as there is no staff after 3pm I believe. When I did get a hold of someone it was a male which I found odd for a female only hotel. I will say the next day the receptionist was nice but I was not able to get into the hotel for a while and the host really did not seem to care as I STILL have not heard back from her.",0
1197765900556911130,4298896,2024-07-10,"Beautiful, beautiful place. And huge! Perfect spot for a Zurich visit with multiple friends or a big family",1
560699067562960728,33067330,2022-02-12,"simple studio, good location in Zürich. its Close to everything . i did checking in myself with the host directions and easy communication with Alex. there are little insatisfactions but I'm easy-going = I accepted the fact that a rent place is always different to my home. = i am careful with the critics only when its exaggerated.... it wasn't the case. thank you Alex.",1
1665883244313584801,1165412006366231768,2026-04-17,"The water temp is messed up. It changed from normal to scalding hot to ice cold automatically while bathing causing me to fall down and having an accident one day before the checkout. The cleaning is useless. Dishes were all dirty. Kettle was soapy and unusable. Toaster had previously used bread piece and crumbs and was broken partially.  Quality of furniture is bad. Coffee table was rickety. Bed was creaking a lot making it difficult. Amenities were inconsiderate. Seating space was only for 4 people in living room. Kitchen was full of old and bad smelling nearly finished random oils. No basic amenities provided like bathing soaps/wash, machine detergent, kitchen towel, etc. Flooring is in bad condition. Balcony door was broken which got fixed after 2 days of back and forth. Toaster broken and kitchen unclean. Half the time spent on chatting with the team on these issues. No peace of mind. Did not enjoy at all. Could have called and discussed. Needs lot of work. Ruined 4 days vacation.",0
1673916620466268514,1508923566422070914,2026-04-28,"While the Airbnb itself wasn’t bad it is advertised as having a parking space  Construction next door completely blocked the driveway prohibiting us from parking in the advertised spot  There is no street parking and nowhere to put a car here while construction is going on  I picked this Airbnb out of the city center because it had a parking spot readily available as I was with my small baby and elderly mother  who can’t walk far  When we were allowed to park briefly, Construction also told us if we weren’t out permanently at 6 in the morning they would block us in the parking lot all day  When I told the host they offered no solutions and just said there was nothing they could do so we had to check out extremely early  Construction was going on at all hours and was extremely disruptive",0
1670236763800754725,1509382980273219118,2026-04-23,Cosy place with all the things you need. Good base for walking down to the lake.  Floors are very squeaky which is only a  problem if you need to move around at night.,1
1444193183316416347,1278951075743491555,2025-06-15,"The apartment was 100% but the host was 10%. Very inconsiderate and not polite. She promised to send entry password by 3pm but sent it by 3:30pm after much reminder. Made me stand at the entry for almost 30mins. Went in summer the apartment was very hot, sent Nicole a message if she could  help with a fan as there was no cooling system, she read my message and ignored me. It was hard to sleep at night. In summary a perfect and beautiful apartment but a terrible host.",0
1464451296550321598,644871127740121764,2025-07-13,"We had a wonderful stay! The place was exactly as described- clean and cozy. The host was kind, responsive and made sure we had everything we needed throughout our visit. Highly recommend for a stress-free stay.",1
538776990,22023471,2019-09-30,"A clean and convenient place.  From the airport, get off at the Tiefenbrunnen stop, which is 2 stops on the S16 train AFTER  the Zurich main hub.",1
880239491008713957,23532672,2023-04-29,"Great stay. Not super close to the city center, but close to both trams and a train stop.",1
1643502039096567706,1287630604692839530,2026-03-17,"I didn’t end up staying and booked myself a hotel instead. Being a solo traveller I felt taken aback when the apartment was on the ground floor despite the photos not showing that, and there was only see through net curtains which left me feeling vulnerable as people could see in. There was also an overwhelming smell of cigarette smoke that gave me a headache and I had to remove the bin from the apartment for the short time I was in there. There were hairs left in the bathtub, in the sink and on the bed pillows.  Air BnB kindly stepped in to sort out a partial refund for me as the host refused to refund and only offered alternative accommodation for one night of my two night stay which was on the complete wrong side of Zurich to where I had to be for a very important meeting the next day. If you’re travelling solo or tend to get anxious/stressed, I would stay away from here in case you also get something less than what you paid for",0
1348494100622727723,1256419572499818704,2025-02-03,"The room is very clean.Most rooms in Europe have queen beds, but we are mother and son, so two beds were more convenient for us. There is a supermarket 2 minutes walk away and the food prices are very reasonable.",1
1140431605844113734,926894212969592164,2024-04-22,"Turan helped me with all the details to reach the location, was very helpful during checkin. But host was not very friendly and didn't provide lot of details regarding the sight seeing. Also the room was not great, all the rooms in the house was well maintained and good looking but the provided room was like a dumping place, it has lot of unused items in the berth and cupboard. It can be a good place for bachelor, but was not a great choice for family.",0
1605125137104569734,1391291890970980263,2026-01-23,* hard to get in * lots of noise from 6am right underneath and on the street * no washing machine * broken dishwasher (was not announced),0
1545669991724508182,1474034727792503178,2025-11-02,"The room itself was modern and spacious but the area was incredibly noisy. There is a bar/club opposite the road that blasted music until 6am, cars honking non stop and patrons loitering around outside yelling and carrying on. Also no soundproofing on the walls/windows so we were able to hear everything making it impossible to sleep.",0
1687002920111911645,1663631201025521468,2026-05-16,"centrally located studio and at ground floor in a quiet,residential.Good choice for the senior citizen tourists.",1
1027386597990094071,34674097,2023-11-18,I was not aware of the painting work in the building. It was a chemical smell during working hours. It was not comfortable due to painting work in the building and elevator.,0
495495929,24366384,2019-07-26,"Bandula’s place is absolutely perfect for a solo traveler. Not only was the location just a 10 minute walk from the station but it was very close to the main shopping street. The location was so great I didn’t even use any of the public transport, I walked everywhere. The surrounding area was lively and felt safe. There’s an Aldi and a Coop to Go nearby which helps if you’d like to cook or buy some snacks or a quick bite for breakfast. His kitchen had everything I needed. Zurich was having a few hot days and so Bandula provided me with a fan. He met me right on time and answered any messages as quickly as I sent them. Thank you for the great stay!",1
1523954574480051307,1343361655767188273,2025-10-03,"Stay away from this place! And anything that is hosted by these people. After being on a flight 11 hours to get to Switzerland and then waiting another 5 hours for their check in time. I was told that if I wanted to expedite the check in process was gonna be extra charges. I refused and checked in at their regular time with my mother and girlfriend. When I walked into the apartment no one cleaned it and the last guest was still roaming around claiming to have forgotten things inside the apartment. Trash everywhere. Cigarette butts and smell. The whole place was trashed. I tried contacting to know what was going to happen and I was contacted to an automated system that said “We are connecting you to an agent please wait” after waiting for another hour, I contacted the Airbnb staff for a refund and relocation. Disgusting behavior, horrible service. Super bad experience for someone who was visiting Switzerland for the first time. Thankfully I rented a car so I could shelter while I waited",0
1418022701121554113,1087141985466942659,2025-05-10,"This is the one of the worst airbnb I have been to since my registration on the platform. At the start I read ""studio"" and I assumed its gonna be 20-25m2 which is ok, but its way smaller than a prison cell-14m2. I also checked the price for hotel near by- it was the same price and way bigger+breakfast+cleaning included, I think the price for it isnt normal- above CHF 228 per m² per month what is 5.8 times higher than average market rate for long term and 2–3× more per square meter than a typical short term rentals. There was also some kind of insects living there too, there was no washing machine, ironer didnt go inside the power outlet, no vaccum cleaner, bed was so tough it felt like sleeping on floor-there was nothing. Its definetly not recommended for long-term stays for sure. Ussually I have 99.9% positive experiences on this platform-but this definetly not it.",0
733167506,29770166,2021-02-21,Very nice place but only room and the bathroom are available,1
1381082838312117034,1246302673133424386,2025-03-20,"I’ve never left a bad review on Airbnb until now. When I arrived and tried to sleep, I quickly realized the mattress was incredibly thin like a price of foam , and the pillows weren’t proper sleeping pillows — they felt more like couch cushions that where years old and had nothing inside of them. After just one night, I was in so much pain that I had to see a physio because the mattress had caused serious strain on my back. I explained this to the host and asked to check out early so I could find a place with a proper mattress (as I’ve always had in other Airbnbs), but he dismissed it as a personal issue and refused to let me leave without penalty. He also said the pillows were all they had and showed no concern at all. I would never recommend staying here. The lack of basic comfort and the host’s careless attitude made this a terrible experience",0
176940885,2920505,2017-08-01,"The apartment is located in the centre of Zurich and it is very near to restaurants, shops and historical centre. The apartment is clean and contains moderately equipped kitchen, bathroom and living room. However, in the night it is little noisy at night from the busy street and the parking house is nearby, but expensive.",1
632375919441629084,44657382,2022-05-22,"Very professionally run place, all was in order",1
636336776,43254900,2020-07-10,"After my host was late two hours I received keys for a different flat from the one I booked, with the excuse it was overbooked. So I can’t really give any details about this property. I was not happy with the one I stayed in.",0
1652898361667669041,1114527581245147398,2026-03-30,"It was a mistake staying here. The apartment is completely barren—there are virtually no amenities provided. You’re lucky if there’s even toilet paper. There’s a coffee machine with no coffee, a laundry unit with no detergent, and barely any functional furniture. The kitchen, bedroom, and bathroom all feel empty and poorly equipped, with no sense of hospitality or care for the guest experience. The bathroom setup is especially impractical: there are no hooks, shelves, or surfaces to place toiletries. I had to put everything on top of the toilet while showering, which is both inconvenient and unhygienic. Small but essential details like this make a huge difference, and they are entirely overlooked here. The pillows are extremely uncomfortable—honestly some of the worst I’ve experienced—and the blinds do not block out sunlight, making it difficult to sleep. On top of that, the building itself is chaotic and far from quiet. The walls are paper thin, so you hear everything: people in th",0
1011473246495612550,969342544925065173,2023-10-27,"Our stay was disappointing. We booked two nights but decided to leave after just one night with no refund. The accommodation was way smaller than expected, and it had no TV. The kitchen was poorly equipped, with only basic dishes, a small pot, and a pan provided. One major issue revolved around the host's misleading representation of parking. The listing featured a photo of a parking garage, giving us the impression of available parking space. However, upon arrival, we discovered there was no parking space available. When we raised this concern with the host, they promptly removed the parking photo from the listing and argued that they had never made any claims about parking. When we inquired about the possibility of staying for just one night and receiving a refund for the second night, the host consistently evaded the question and never provided a clear response. After multiple attempts, we eventually gave up on this issue. They later claimed they would have refunded us, what a joke.",0
1662269272432163697,1612219280148635324,2026-04-12,"Great place, clean and big and well located, great value!",1
1457903335387641197,1176878538805266347,2025-07-04,"The apartment was in good shape. Both bedrooms were comfortable, and we appreciated that the second bedroom had three beds.  The apartment is also decorated nicely and the kitchen has a dishwasher and washing machine. The apartment provides soap/shampoo (no hooks for towels). The location was convenient, close to trams and trains.   The apartment was unfortunately not ready at 3pm for check-in, so we waited until 3:20pm (they were unexpectedly short-staffed).  We would have appreciated a heads-up that they were running late. Unfortunately, the apartment is across from an extremely loud construction site and drilling began each morning at 7am. This was out of the owner's control but had we been warned we would have found a different location (we asked to move apartments but were told there were none). The noise/dust made the stay very unpleasant.  The apartment is above a cafe. There is noise and second-hand shisha smoke that enters the apartment, but this we knew about in advance.",0
1410104567648141216,21294062,2025-04-29,"it was written that appartment have laundry bat every time when you wanna use you need to pay extra 2,5 chf . bad very uncomfortable",0
489583749,4460481,2019-07-17,"As a paying guest, it felt awkward when the host was home all day; we felt uncomfortable to make any noise whatsoever in case we interrupted the host. Also, the room provided was well below what we expected for the price we paid for the two night stay. A bar fridge would also be beneficial in the guest room.  The hosts were very friendly though.",0
1435394030534408774,1293605807959316379,2025-06-03,"Wonderful stay in Zurich My family had a fantastic stay at Alex cozy and well appointed place in Zurich. The location is incredible convenient, just 14 min from Zurich ZB (main station) with excellent access to public transportation, making it easy to explore the city and beyond. The neighborhood is charming and well-served, with coffee shops and grocery stores just a short walk away. Whether you are grabbing a morning coffee or picking up essentials, everything you need is close at hand. The apartment itself was clean, comfortable, and had everything I needed for relaxing stay. What truly made the experience exceptional was Alex, responsiveness and always ready to help with any questions or recommendations. Highly recommend place for a 5 night vacation  in Zurich!!!!",1
1249870765553086447,1115929213559318912,2024-09-20,"The apartment was very pretty and well equipped but the walls were too thin, Daniel and the neighbours seemed to have an issue with the noise even though we were speaking at very low volumes. Moreover, Daniel’s tone on text was rude and intrusive, we did not appreciate that.",0
362859960,13895923,2018-12-27,It was great and I would book it again :),1
572900440,13514089,2019-12-04,"This place is a gem, and so is James!  He made us feel so comfortable and we had everything we need!  The apartment is spacious, bright and close to everything!  Can’t wait to go back to visit!",1
873803421704877367,30239388,2023-04-20,"The location is in a boring place, far from the interesting parts of Zurich. Building is old, so you can hear the neighbors loud music and smelly cooking. The place is big though. Also kitchen appliances were faulty: kettle didn't work and would make the whole apartment electricity fail. I wasted 1 hour realizing how to fix it. Marc or his property mangers were totally inconsiderate with the early check-in and late check-out, despite the fact that the property was vacant after my stay. He claimed the cleaner could only come at 11am, but I stayed nearby and the cleaner came at 2pm. Just because he/they didn't want to coordinate the late check-out Overall, quite a bad experience. I wouldn't come to Marc's apartment again.",0
1169493717637250810,51760867,2024-06-01,"The host is nice, responded to everything patiently and also gave us early check in at 1 p.m. but the place itself is not worth the effort of booking it or the money. It’d be better to book a hotel even if it is a little more expensive. The place is too shockingly small. Impractical for 3 adults or even 2. It was an unpleasant experience for the lack of space and amenities. The location is good as it is close to the main station. Unfortunately it was a non refundable booking, I’d have liked to cancel the booking after seeing how small the place is.",0
1468785343888576268,22137695,2025-07-19,"Had it not been for the cleanliness issues this place would have been good - There was a big brown stain on the bedroom sheets and when we lifted the cover to try and cover it to sleep over the stain there were multiple flying ants roaming around on the bed. My boyfriend and I ended up staying up half the night trying to kill them all, there were probably over 25 or 30 total.",0
673672785255061309,640569911466338377,2022-07-18,Our stay at Cibzia's place was comfortable and pleasant. There's a nice backyard and the location is central. The communication with her was always easy and we had great time in Zürich.,1
1051469339439963543,714980616850803304,2023-12-21,"had issues with the wifi and asked the host kindly for advice. tried to reset the modem but still didn‘t work. next day the host just shows up in front of the apartment door of the airbnb and just starts to spam the door bell and expects me to let him in. i let him in to try and fix the wifi and he was insanely rude. definitely didn‘t feel secure around him - i had a feeling that he could have snapped any minute. he checked the wifi next to the router instead of the office and claims it works. i ask him to check the wifi in the office himself and he actually figured it was terrible. left the airbnb 2 days prior to checkout to get into a different airbnb. terrible host, can‘t recommend. you should be ashamed of yourself",0
1581216735972693693,1298298894833540642,2025-12-21,"The apartment is well-located in the historical centre with easy access to public transport and supermarkets. The space: clean and very quiet, the bed comfortable. No products to clean.  Our experience was marred by operational issues. Check-in was problematic: the PIN code didn't work, and when we called to ask how to get in, we were instructed to reach through the hole in the lockbox to retrieve an envelope with the key. This felt unprofessional and concerning. We reported two issues upon arrival: the sofa's electric controls only worked on one side (missing adaptor on right side), and the TV box was malfunctioning. While the host, co-host, or property management (?) (never sure who I was speaking with) responded, our accurate technical descriptions were questioned. A technician was supposedly arranged, but neither issue was resolved during our stay. We were told repairs would happen ""after departure,"" which doesn't help current guests paying for full functionality.",0
281575981,19794268,2018-06-25,"Irene's place was convenient to the Oerlikon station which is one stop from the airport an done stop to the main Zurich station.  Irene didn't seem prepared for our stay though.  Our room was ready, but her laundry was blocking the front door making it hard to get in and out of her apartment.  Also after traveling for 18+hours, we were hoping to use the bathroom to freshen up, but Irene was in there for the first 20 minutes after we arrived.",0
1032545154553626672,973822654428808574,2023-11-25,"When i arrived in the appartement, it wasn't ready even though it was about 8pm on a sunday. It was dirty and messy and first i thought it got broken into.  They helped me to change the appartement but even the other one wasn't properly clean. For extra cleaning with changing the bedsheet it was around 400CHF. what we didn't do at the end cause of the insane price.  we stayed there for over 2 weeks and the heating wouldn't work. Someone came to ""fix"" it but it didn't help. i contacted them over and over again and only got a reply on the last night.  The appartement itself is beautiful, so it was a shame that we didn't like to stay there because it was freezing.",0
438930409830921007,49685342,2021-08-28,"Location is amazing direct train from the airport, stones throw from the lake. Lovely neighborhood. Apartment is clean and bright. Karolina is very communicative and thoughtful.",1
1042827821708993706,33152255,2023-12-09,Did not have simple internet access. Need to cancel and only got 1 day back. Not worth it.,0
1455721285316795794,1167847256638577971,2025-07-01,"Overall a terrible experience  1. When we moved into the house Wifi was not working, after reaching to host it was fixed after 2 hours 2. Pedestal Fans in the house were not working and making loud clanking sounds when turned on. 3. TV not working (no sound) and wires were hanging from TV , creating a lot of electrical risk 4. Only Bathroom had drainage clogged with water spilling out and leaking into apartment below. They come upstairs to complain. 5. After repeated requests and reaching out to Airbnb support they sent a handyman at midnight who poured some liquid into drain with created lot of fumes. We could not use the bathroom and requested Airbnb to step in. 6. Airbnb informed us early next morning that host has agreed to allow us to leave, could not find a alternative quickly and stayed out of the house most of the next day before moving out to a hotel.  Requesting refund due to horrible experience",0
1257161930831389531,1025881991724832677,2024-09-30,"The location is nice, a bit noisy for the train, but convenient to move arround",1
69892893,10006040,2016-04-14,"The apartment was exactly like the pictures, and clean, with all utilities that i needed. It took me some time to get the key, as i arrived much later than i had planned, but this was sorted out without any problem. My experience was not 100%, as my apartment was very noisy: my apartment was on the ground floor right on the busy street, and in addition the walls to the neighboring apartment were very thin, which meant i could hear almost everything that happened at the neighbours: dishwashing, tv.",1
9537817,310964,2014-01-02,"Kim and his wife were such lovely, helpful hosts. I immediately felt like I had been welcomed into their home The apartment was absolutely perfect. It was comfortable, spotless, warm and had everything you needed. The position was ideal. Close to the city center without being right in it. Supermarket was next door, transport was next door, shops, restaurants and the river were next door! After freezing watching the fireworks outside on New Year's Eve we returned to the apartment to find we could see them from the living room window. What a bonus. The family absolutely loved Zurich and I put that down to such perfect accomodation. Thank you so much.",1
491601664,7673299,2019-07-20,"I stayed at rosanna's place for three months and would really really recommend it. Great house, great atmosphere, you have anything you need!",1
1117350564205230861,45764126,2024-03-21,When I told them there was a man urinating in front of front door all over the entrance their response was so what it’s the city!  I explained i know it’s the city but you should know what’s happening at the entrance of your place. I was expecting him to say I’ll send maintenance to disinfect but nothing of the kind happened.  Although I called a couple of times to ask specific questions no one would answer just a text 1 hour later.  This is the first time I have left a 3 star review in more than 50 airbnb over the last 8 years.,0
1459320523176892945,1431329835052032776,2025-07-06,"I am left with no option but a bad review. Things started poorly when after a day of travel we arrived and my wife needing the bathroom, found the toilet seat was both broken and dislodged. What’s more it had been used and not flushed!  As there were 5 of us in a place for 9, I communicated the problem with the hosts.  As we acquainted ourselves with the space, we discovered that not all the bedding and towels were provided. I communicated this. We were staying 4 days in July so I asked about extra towels too.  Eventually, 1 of the partners replied, however the reply was very disappointing. No apology, or acknowledgment of the issues, just a promise of a new seat the next day and minimum items to be brought that night. It’s a Corporate arrangement, the WiFi only works downstairs, not in bedrooms, we felt unwelcome. The minimum is offer and those items the very basic. We felt unwelcome and exploited. For the price it’s neither worth it or supportive of an Airbnb standard.",0
1588348060433395521,1160972060237844024,2025-12-31,"As the listing states, this location is right by the train station. During the day, there is a lot of traffic in the area and trains that you can see from the windows. At night, there is significantly less noise. There are a few lounges at the street level open until 2 or 5 am (depending on the day), however, we did not hear them on the Monday or Tuesday night we were there. The unit is quite spacious and looks the same as the pictures. Floor heating can be turned on and works quite well. There is a grocery store with a few minutes, walking. The listing does state there is no elevator. The unit is on the 2nd floor, so you do need to go up from ground level to 1, then to 2 on a wide, winding staircase.",1
1686969286720426717,1550922635604719241,2026-05-16,"Unfortunately, my experience staying in this apartment was extremely negative. During my stay, a large amount of cash disappeared from my bag, which was inside the apartment. When I later checked the bag, the inner pocket was open and the money was gone. Only the cash from the bag inside the apartment disappeared. After that, I contacted the police. A criminal case was opened and an investigation was started. What concerned me the most was that I never received a clear answer about who had access to the apartment while I was away. In a situation where money disappears from inside an apartment, security becomes the main concern. I no longer felt safe staying in this apartment. I cannot recommend this accommodation. For me, it was a very stressful and unpleasant experience involving missing money inside the apartment and having to contact the police afterwards.",0
1534041806167632373,1029650793095032337,2025-10-17,This was a great place to stay in Zurich. About a 10-20 min tram ride to downtown. And a 1-2 min walk to the tram station. Would stay again.,1
1584752632908095957,1483351672757106365,2025-12-26,"We absolutely loved the place. It was clean and very welcoming.  The instructions were clear on how to get to the apartment, key location. Once into the flat, it had everything we needed for our stay. We just loved the place. A heartfelt thanks to Alexandros and his fantastic team. One thing to mention, I had an issue with the wifi, it was quite early when I messaged, I least expected an immediate response, but i was wrong,  I got an immediate response and remedy for my problem. I was mighty impressed.",1
1590624909132131107,704113507187087111,2026-01-03,"Ann's place is Ok. But smells deeply of cigarettes, has 9/11 wall sized terrorist imagery on the dining room walls that she'll admonish you for trying to avoid during your stay, located far from everything interesting. She then tried to charge for a lamp that was never used a week after check-out, an amplification of the negative experience. When you bring some of the more sensitive aspects to her attention, her communication is ""it's my house, deal with it."" I've loved almost all of my 100s of Airbnb experiences, but if you're looking for an aware ""host"" with sensibilities toward her guests' experience, beware. Honestly. Not good.",0
491605239,14921512,2019-07-20,"Just as expected, very clean. Sofa bed was a bit uncomfortable and no air conditioning but the fans helped.",1
1031756245739963250,4748384,2023-11-24,"Honestly, I wanted to give 1/5 for this place but it was really a pleasant stay with them until i checked out. Basically, we arrived on day 1 at 845pm as we were coming from France. Someone checked us in, requested to take a photo of my credit card for “accidental” damages. I found it suspicious but just proceeded as we were tired from the train ride. Before sleeping realised kettle was spoilt and informed and they replaced it. Fast forward to checking out, while I was on the flight. The host requested damage reimbursement from me for their dining table having a huge crack. Which it wasnt caused by us as we used it normally and barely tbh.  They insisted that the huge crack was by us which we totally didnt noticed upon checking in.  Am I suppose to do a house audit before I sleep? Ridiculous. If I knew this would have happened, I will check every spot of the house right?  For anyone that is going to book a stay with them beware if they use this table for accidental damage charges.",0
1207145406317367222,871569367098563199,2024-07-23,"Jules' place is located in a nice neighborhood and Jules is a good communicator. The apartment building is nice, but our biggest complaint is that the apartment looked messy and like it hadn't been cleaned before we arrived. The linens looked questionable and the general appearance made us wonder if anyone had just slept there without it being cleaned afterwards.",0
1711539869111820797,1426745534651714512,2026-06-19,"The place is clean. Very close to the airport. But there was no tissues for use, we had to buy it in the supermarket.",1
1320220058689787504,954829028338762829,2024-12-26,"The stay was okay for a family of five but there were quite a few problems that we are not satisfied about. First of all, the air dryer is basically broken as it is super loud and it smells like burnt when u are using it. Second, the WiFi connection was really poor in the flat, especially in the living room and kitchen as it was only one signal sign. Thirdly, there were no coffee capsules besides the coffee machine and tissues in the flat at all.",0
1523167663347100809,1114527581245147398,2025-10-02,"Great location. Large studio. Adequately equipped kitchen but no microwave. Dimi acknowledged our queries but service was lacking. Booked Art 9 but was given Art 7, bizarre. Shower cubicle was inconveniently small (no photo posted on Air BnB) with ineffective shower curtain. Hence very wet floor. Needed extra bath mats to absorb the water. Host did not mop the floor despite requesting. No towel rack to dry bath towel. Inadequate clothes hangers. Just 4 plus 1 broken, insufficient for 2 pax. Whilst more were subsequently delivered, they were dusty. Requested extra pillow for my leg injury (only 1 per pax provided) but unable to provide. Confusing communication as in one of his replies, host was glad to hear the cutting board & coat hanger in good order. Message obviously meant for another tenant/apt. Whilst the aforementioned issues not too serious in isolation, in totality it was an inconvenient experience. Sincerely hope host will improve upon these shortcomings for future tenants.",0
1505709167626073947,6311102,2025-09-08,"We stayed 5 nights. The bear minimum but practical flat in a good location. The flat is facing street (host said facing courtyard) across from a playground. It was quite except weekend. The flat was generally clean but the floor was sticky stains and dusty. A small elevator & free laundry were plus.  We gave 3 stars because it was the most frustrating air bnb experience.  The host was responsive but  didn’t not know the unit. Missing dishwasher and microwave. 1st day wifi didn’t work. No cable TV connection. Back and forth with host we tried what he asked but no cable tv during our stay. 3rd day, the shower curtain fell off. It was not properly installed- no brackets on the wall to hold it. It was kept falling off. Host asked to buy the rod from Coop because he is out of town. We don’t know German, it was impossible. We didn’t want to spend our vacation on it. The cleaning lady put it up but we were scared to touch it. It was stressful stay. Too much time back and forth with the host.",0
1529633284527102047,1220271491161170925,2025-10-11,Place was immaculate. Stylish. Finding apartment building is a little tricky. The door is not on the street. It behind the furniture store. Go down the driveway where the World Wildlife Fund panda sign is and then it’s to the right.,1
551290796629540232,14497537,2022-01-30,"Dominique has made traveling to Zürich a breeze! Pros: near town, spacious, and fairly priced. The Airbnb is very spacious, clean and near downtown. Best part is the tram stop is about a 3 minute walk and will take you to most places with a transfer or two! Hot water is great and water pressure in shower is solid. Cons: lack of blankets/comforters, slow wifi, stomp happy neighbors upstairs, no locks, uncomfortable beds. The lack of comforters and blankets was disappointing. I like to be layered in blankets and most airbnbs/hotels ive been to have an extra in the closet just in case. Not an absolute deal break but did want to note that for those that have similar thoughts on this. The wifi is rather slow even while watching netflix in the living room. Lags, cuts out and isnt reliable overall. Neighbors up above stomp their feet occasionally. Not sure if its a child but its happened a few times but thankfully not all the time. There arent any locks on the doors. No locks on bedroom, bathroom or even the toilet. Not a deal break again but keep this in mind if you have more than 2 people staying! The smaller room with twin beds have extremely firm beds which were uncomfortable for me. I experienced soreness and back aches because of it. Please keep this in mind if you do not enjoy firm beds. Overall, I really this airbnb is a hidden gem that hit my overall check list. I would stay here again if i ever come back to Zürich!",1
1561615202251461821,1295447770657587670,2025-11-24,Had a great stay at the property. Great location and easy to commute.,1
1686985691340983299,1674489674780409128,2026-05-16,"Well maintained Apartment except for the Status, it was difficult to claim five floors with Kids and Bagagen",1
669311405,39828123,2020-09-29,The shower was with a bad smell - specifically the curtains. The kitchen sponge wasn’t good enough. I really recommend to have I new one for each guest. At some point I was disgusted to washing the platters specially in the bathroom sink.  The mattress was very soft. I think it was two single mattress together pretending to be a double. After two days my back was painful.  The view it’s really nice and very good location- it’s so convenient.,0
1717441554011680762,1694144958147343224,2026-06-27,"A wonderful stay just a few minutes from the center of Zurich. The apartment is beautifully designed, very comfortable, and furnished to a high standard throughout. It’s an excellent choice for anyone visiting Zurich, and I would gladly stay here again for a few days.",1
576357637,23047265,2019-12-13,"I had a problem with the room as it was too smelly, I stayed there for just 2 days and then I had to book something else, the smell was very bad. The host used some product for the floor. The host was very nice, she came by to see what was about unfortunately she could not do anything so I had to leave. A part that the room was almost ok, please be aware that the bathroom has no sink so you have to use the one in the kitchen and the bathroom door doesn't closes.",0
1224499390838453257,614486919328611109,2024-08-16,"Overall the apartment was ok. But description is not much on Yann’s place . No electric fan,can’t use the washing machine. Pillows are uncomfortable and old. Bedsheets,Duvet covers , towels needs upgraded .",0
1642090732062750020,1231739264490582849,2026-03-15,A gorgeous flat in a lovely location! So many restaurants and bars and cafes to choose from.  Delia was kind and responsive.  The flat was spacious and clean and overall lovely.  Would absolutely stay again!  Thank you!,1
1491203158273116153,34300920,2025-08-19,"Josefine was such an amazing host with such a perfect place for my solo trip! She provided me with everything I needed, and was always kind and helpful. Would definitely recommend staying here!",1
977429384760228018,672204327674232576,2023-09-10,I had Room #1 and it was indeed a big room. Towels and bed linens were as described. The area called Seefeld was very quiet at night which I found incredibly awesome since the location is in the city.  The apartment is just blocks from the lake. There is a Migros grocery store a block away in addition to tram and bus stops. The stop is called Kreuzplatz,1
1582603899776035611,1144964235398138975,2025-12-23,WiFi was not working and this makes it hard because the cell towers don't transmit inside.  Had to stand outside to make phone calls,0
1457927409421709772,1207175015954866243,2025-07-04,I’ve stayed at Giancarlo’s places previously and they’ve all lived up to expectations.  I would not hesitate to recommend any of the locations that he manages.,1
1244819506911437182,671610830278550400,2024-09-13,"When we arrived, the fridge was broken. We could not buy food in the supermarket during our stay. She tried to send someone to fix it, but we didn't know in advance and didn't have time to see her message allowing the person to enter the apartment. In the end, the fridge was broken all week.  She also sends too many messages every day, asking unnecessary questions and it is a bit annoying.  And in the end she even threatened us with a fine of 20Fr if we didn't take a picture showing that we were leaving a power adapter in the apartment, which I found a bit disrespectful, given that we've been without a fridge for a week. I needed to search for the adapter that I didn’t even use, in order to make a picture, proving that I was leaving it there. Because according to her message, if she didn’t find it and I didn’t have a picture to prove that I left it there I could face the fine.  Never again!",0
963563549035234329,49201447,2023-08-22,all immaculate and everytime I come again there is always something new of variety of goods in fridge and table,1
1649289361546279373,1289024964833416671,2026-03-25,"The location is convenient and check-in was easy, but the room is very poorly equipped, there’s essentially just a bed, and even a small table is missing. The bathroom is extremely small and uncomfortable. Overall, the space feels incomplete and not well thought out. While the price is lower than other options, the lack of basic amenities significantly affects the stay.",0
1701415594973405681,1289024965006075182,2026-06-05,"This place smells, is dirty, has no air conditioning, is in the worst location, overall would not stay here if I was getting paid to. would not accommodate late checkout when desperate. we were 5 minutes late for checkout the worker told us she wasn’t sure if we could still get out belongings out of the room and we have to check if the room key still work. DONT STAY HERE",0
1391291401827668887,29182814,2025-04-03,"It’s a big room with not much in it. 2 low beds, 2 chairs, a table,  couch  & 2 hangers, on a weird contraption, to hang stuff. Which means your stuff is lying on the dusty floor. If the door is open, the cats simply walk in & climb on your clothes. You don’t even get a bin. All you get is a long list of what kind of garbage goes in which colour plastic bag in the balcony. Which means even to throw a piece of paper, you have to go out in the balcony.  No proper lighting in the room.  Kitchen is much smaller than the pictures. I didn’t bother going in the living room, so don’t know if the TV was available to watch. Room is about 7-10 minutes walk to the nearest Tram station & 15-20 minutes to restaurants. You have to take the tram everywhere. You’re asked not to switch on the bathroom light after 11, you can easily trip while going to the toilet in the night. Overall I didn’t feel very comfortable there. Having said that, whatever little interaction I had with the host was pleasant.",0
1384763298887294281,44044463,2025-03-25,"The place was fine, but a bit smaller than expected",1
1479024424426748274,1090001258790414437,2025-08-02,"This is not a review of the property but a review of the airbnb  experience. we could not enter the appartement at our arrival because the keys were stolen apparently from the locker box. of course this is not the hosts fault but I think some things could have been done in order to prevent this.  the biggest problem was actually the airbnb management of the problem.  we had to call 3 different assistants , 2 hours waiting for a solution. what s the meaning of paying taxes to airbnb as a client /host if they can not cover this kind of situation?  in this kind of situation airbnb should be able to find you immediately a similar appartement no matter the price and the platform. it was not the case. after 2 hours argue, we got a refund a coupon and we had to look an appartement by ourselves.  overall very bad experience, airbnb will definitely be the last resort for booking from now on",0
1648525216956291052,1578881029191236214,2026-03-24,"Fantastically convenient location, and Giancarlo was very responsive to some initial problems and sorted them rapidly.",1
1566634656524951797,1343574955617458869,2025-12-01,"This is a lovely place with plenty of room to spread out in a fabulous location! Highly recommend for a visit to Zurich. Located in a walkable area with restaurants, shops and right near transportation making it easy to get around the city!!",1
1323081726449990195,965873553938384244,2024-12-30,We really enjoyed our stay in this apartment. Great location near the lake and trams also...silence during the night and calm during the whole day. The apartment was very cosy and we feel comfortable there. It has everything what we need during our 5day stay in Zurich.  Thanks goes to kind hosts 🫶 see u next time 🖤,1
1305727338602128387,1173187086718811596,2024-12-06,Overall the stay was good but there were no toiletries in washroom.  Washing machine is in the common area. Mattress was very uncomfortable.,1
1012924856904878334,816647174110717748,2023-10-29,Rob was a very responsive host and his place felt quite cosy!,1
521801887,15578517,2019-09-01,"Their place is amazing! Super accommodating and kind, warm, easy going. Couldn’t ask for a better host. Thank you! Big recommend",1
1657921605260953735,19133540,2026-04-06,"Not worth the money. I'd like to emphasize the following: - The flat stinks with tabacco smell, from the moment I entered it. And even though I always ventilated the space during the day, it never disappeared - Space not well cleaned: your socks get dirty the moment you put your shoes in the floor and take few steps - There was no shampoo, even though it was described in the comodities - The oven didn't work at all - Very little cuttlery (for examplo, you only have 2 spoons) - Far away from the city centre (35min walk) - There are no containers for food storage - There's no washing machine The only good thing I can say about the flat is that it is located in a quiet neighbourhood.",0
1520210810797827987,1401292288032995907,2025-09-28,"Location was good.  Check in was good.  No house manual for instructions, or check out requirements, no hair dryer (one was brought to the unit) coffee maker plug not compatible with wall receptacles, dirty glasses in dirty cupboards, really stained pillow, sheets and headboard.  No black out shades, work area, fire extinguisher, first aid kit as described in listing, there is only one plug in the bathroom that is 4” from the ceiling.  You have to stand on the toilet to plug anything in, broken toilet tank lid, dirty shades, dirty furniture. I have photos to back up all of these deficiencies.  No mention the unit is on the second floor with steep stairs or that the unit is above a noisy bar.   It’s a good thing that sheets and towels were left in the washer and dryer as we used them to cover up the pillows, sheets and headboard. The unit was left cleaner than when we arrived.   Unfortunately this unit did not meet Airbnb’s standards nor ours.",0
274870015,6203434,2018-06-10,"This place is a step above a hostel. It lacks the coziness that I am used to, but it is probably because this place is only used for Airbnb. By coziness, I’m referring to the basic amenities that one expects when staying in someone’s home as a guest.  There was no hand soap in the restroom-something that I consider a basic amenity. We were left having to use dish washing soap in the interim. The bed was also extremely uncomfortable.  The only reason I didn’t rate it any lower is because it is centrally located and within walking distance to everything. I’m just not sure if sacrificing my comfort was worth staying here.",0
176177108,13738854,2017-07-30,"I have used Airbnb eight times, this apartment was rated #2 by my family! Also, for the location the price was reasonable, considering Zurich is one of the most expensive places I have stayed in Europe.",1
928153957337955470,33740170,2023-07-04,"5 rooms for one bathroom, too much; moreover, the fact that the bathroom was not cleaned regularly (never) made the situation worse, full of plants and insects. Too many rules, the kitchen cannot be used, no shoes in the house. Good location and below average price,",0
356811539,28620125,2018-12-09,"Very nice apartment, really recommend it, easy and very clean apartment, very modern and has everything I needed",1
1602120894754371587,1533347179992736929,2026-01-19,"Check-in was difficult. The host (place is owned by a corporation) did not proactively communicate that the apartment was not ready or cleaned, which was stressful and initially made me worry the booking might not be legitimate. I was eventually moved into a different unit. The building smelled strongly of cigarette smoke. Noise was also an issue—there was frequent loud music from an upstairs neighbor, and the street and surrounding area were loud as well. At times, the neighborhood vibe felt uncomfortable.",0
1589163605235266688,581687469734958359,2026-01-01,"I appreciated the early check-in, which was helpful. Unfortunately, my experience was very uncomfortable due to the host’s behavior. The apartment is in a multi-unit building on an upper floor, but the exact floor was unclear. When I asked which floor to go to, the host urged me to come quickly but later reprimanded me for not “acting like I already knew her,” which was confusing. She repeatedly instructed me not to mention Airbnb and to pretend I already knew her, making me uneasy. I was not happy about being asked to lie that I already know her and maintain secrecy about Airbnb. Basic questions about keys were met with condescension, profanity by the host, and raised voices. Communication felt confrontational, and she even asked me to leave shortly after check-in, but she did not cancel the reservation. I stayed quietly and checked out after two nights. Due to the aggressive, confrontational, and uncomfortable behavior, I would not stay here again or recommend this listing to others.",0
346910737,13138331,2018-11-10,"The location of this place is great, close to public transport and close to the city. However, there are too many house rules and the house is not very clean (it did not get cleaned a single time in the 6 weeks I was staying there, except for the room which got cleaned once at the start of my stay). Most importantly though, the bed is not good. It is a double bedframe but only has a single and very thin mattress and the duvet doesn't fit the cover. If you open the window it is quite noisy because of the traffic, but with the window closed it is quiet. I would not recommend this for a long stay, as I found it hard to get proper sleep with the bed.",0
1059284660436105929,52910357,2024-01-01,"5 stars for each the supporting and the cleaning teams.  5 stars for Zurich.  Below 0 for the premises – subprime* premises for or a prime price. Cheap and already in a slightly trashy state. Cheaply 'equipped', or not at all – mostly you'll find nothing where ever you look for even most basis things. An old water damage in the kitchen, slightly stinking already (you'll get wet feet..). Apparently, the proprietors cannot care less.  Very disappointing. And no, we do not like to write negative reviews. _________ *'subprime' is a Wall Street euphemism for 'junk' (Allan Sloan, editor at large, Fortune/CNN)",0
1589807960433188927,1485286040028546877,2026-01-02,"The home was the one advertised, overall still good, but a bit dirty. No issues with the neighbours and the location os pretty chill",1
1694144446257169260,1569451687113487961,2026-05-26,It was a nice stay. Very clean and fast answering :),1
735298747752254996,48022066,2022-10-11,Check in during after office hours means you must be prepared for the worst as the helpline was not being answered,0
555963075,36624110,2019-10-28,Nice location. Close to the center of Zürich. But it is a little noisy at night because there is a bar at first floor,1
921567150950905710,795455372759094505,2023-06-25,"Itamar was great! Super communicative and helpful. Let us check in a little early since the room was ready which was super helpful. Very nice location, right next to restaurants and grocery stores. Very close to the tram/bus station. Super quiet area. Was a Little warm in the room due to it being summer, but we were able to open the windows to get a nice breeze. Would stay again.",1
950528461354121439,878281922203565883,2023-08-04,"Mario’s place is located very close to the central part of Zurich, we walked everything by foot. Mario was fast to communicate although we found we had to message him frequently due to issues. We felt like we needed to do the legwork as guests. The keys were collected from a different location, you have to instal your own blinds otherwise you’re totally exposed, we had to ask where the guess towels were and I touched wet used towels under the bed and check out instructions included us having to empty the bin and find a specific one on the street which I couldn’t find. I ended up walking up and down the streets with a bag of rubbish before I was told I could just leave it for the cleaners.",0
1010705211850333527,14477404,2023-10-26,"I had a comfortable, large room. The bathroom was clean. Finding the place was a bit challenging, but not hard if you follow the instructions exactly.   Parking is very difficult in the area. There's a parking garage 500 m away that costs 40 Swiss francs per night.",1
1699874342703034088,1696566352356227215,2026-06-03,"Lovely host, but…place looks like it had been lived in or used for 20 or 30 years with no attention to standards and quality.",0
1197073151660560926,971044998969142150,2024-07-09,"Alan’s listing does not exist. He would not respond to any questions, did not provide check-in instructions. The listing did not exist. We found out the day of arrival and a new country.",0
1134488569965375546,1111840263266212292,2024-04-14,"terrible place, unlivable, the door has a gap a few centimeters high so you hear everything in each apartment. really bad, can’t get out onto the terrace because the door is blocked by the bed. also the bed is a couch with cushions.",0
700585864167963994,43292018,2022-08-24,"Hey, I stayed for 6 weeks at Christa's place. The place is okay at best, its pretty old and especially my room has weird furniture-structure. One cannot use the couch properly because the desk stands right in front of it. All furniture is pretty old and looks a little bit scrubby.  Location wise, its not optimal. Its already in Oerlikon, which is pretty far away from the city center, but then its also pretty far from the oerlikon train station, so you cannot just jump on a train and go to Zurich main station in 5 min but you have to take a very slow tram to get to Zurich main station.  But the worst thing is the host: I lost the keys to the airbnb, which is honestly my fault. I was willing to pay the cost for replacing the keys, what I always communicated openly. I talked with the Co-Host and she confirmed to me, that the total cost will not be more that 50-60 CHF. I was very fine with that. I just discovered the she requested 880€ for exchanging all the locks. A total overkill, because I lost the keys in a different part of the city without any hint to the address or to my name. She did not explain the sum or why she decided to exchange the locks, she just send me the bill.  There was also another thing: when I lost the keys, I needed a way to enter my room. so I asked if they had an additional key. they said no so we ordered a key-service to open the door. I had to pay for the key-service (which is totally okay). after we ordered the key service, the Co-Host discovered a bunch of keys including a key for my room.  I still had to pay for the key-service, which was a waste of money, because now we had a key now and the Co-Host did not even say sorry or was willing to cover a part of the bill.",0
1479653261146213975,828179479306496732,2025-08-03,"I had a wonderful two-night stay at this apartment. Blanca wasn’t present during my visit, so I ended up having the entire place to myself—which was a pleasant and unexpected bonus. Despite not being on-site, Blanca was incredibly responsive and helpful whenever I had questions. She also generously allowed me to check in early and check out late by several hours, which I really appreciated. The apartment was very well stocked and thoughtfully prepared. It was exactly as described in the listing, making for a comfortable and easy stay. The washer and dryer in the basement were a great bonus as well. In terms of location, it’s not very walkable from the main train station or the old town, but it’s just a few minutes on foot to the nearest tram stop, which takes you straight to both in 15–20 minutes. There are also supermarkets and restaurants nearby.  I would absolutely stay here again and highly recommend this place to anyone visiting the area.",1
1454988174527223890,1349212527545732629,2025-06-30,"First, as a prior commenter said, I found Fernando's explanations of how to get into and out of the apartment to be very unclear and had to repeatedly ask for clarification. Additionally, I found this AirBnB experience to be lacking--when I arrived, I found multiple holes in the sheets that were clearly visible, which Fernando said was due to the cleaner overlooking them. The note that there is a TV present in the room should be taken down. Once I got to the apartment, I asked Fernando why the TV remote had no batteries in it and Fernando explained to me that the TV didn't work; however, I plugged the TV in and it appeared to turn on, so I found this explanation to be a bit strange. Finally, as I was leaving, Fernando essentially asked me if I as going to leave a good review, which I felt was overstepping.",0
1198388459079008135,733788052423392656,2024-07-11,"Amin was incredibly helpful/friendly with a great food recommendation as well! Was this the nicest place we’ve stayed at? No. Did it serve exactly what we needed? Yes. It is the epitome of what an Airbnb should be - someone’s home who had the local expertise and care that we loved. Amin had great food recommendations and was one of the most helpful hosts we’ve ever had, even offering to ship a charger that we left at his apartment.  The place was small and the shower wasn’t ideal, but for the 2 nights we stayed, it was exactly what we wanted in the right location for the right price. Very easy to get to from the main Zurich train via a cheap Uber/taxi, and then conveniently located by the stadium and restaurants. We would definitely recommend Amin’s place for anyone looking for a great value in Zurich!",1
1580395115543679293,42240657,2025-12-20,"many things are old, for 200 a night, its  not worth it, i will compare this to a cheap Ibis stay at 120 a night...",0
1647092856518481068,1289022915577578718,2026-03-22,The bed is terrible the spring really is in bad condition,0
897699688420372415,50297677,2023-05-23,It is wonderful apartment. With Good location. The hosts fast reply and good communication. It will be my first choice in Zurich,1
960685341719050679,590568458431108696,2023-08-18,"I am sorry to say I was very uncomfortable in this place and we have stayed in many Airbnb's, and I am not picky. The place was not very clean, there were many items in disrepair, the back of the couch would not stay up, the table next to the bed was hanging off the wall, some of the kitchen appliances didn't work properly etc. In addition, it wasn't very well equipped; only 4 bath towels for a family of four for four days. No extra anything, no soap, (other than the half-melted piece of soap in the shower), only 1/2 roll of toilet paper, no extra towels, linens, blankets, or pillows.  The two serious problems are the black mold on the ceiling in the bathroom and the fact that there are no privacy window coverings, only sheers. It is on the main floor, and anyone can see in every window. The host was very responsive the first night when the wifi didn't work and it was easy to get in and easy off the subway, but I don't feel good about recommending this place to others.",0
1314382542979680667,50203904,2024-12-18,A Superhost that more than deserves the title.,1
1448446420398961422,876111617817116087,2025-06-21,Cool little apartment in a central area of Zurich with good links to public transport.,1
283612156,13514089,2018-06-30,This Airbnb location is not what the renter represents.  We have a disabled child and the elivator does not reach the room location.  They say they have air conditioning but they are simple air units that do not cool the rooms in the summer.  Three units for 7 rooms.  We found the host James to be very dishonest.,0
1458655304691281797,612810100807159979,2025-07-05,"This is an attic room in a very quiet neighborhood. Ernst sent very detailed instructions. The weather was hot, but there's an air conditioner in the room. Considering how crazy expensive Zürich is it was a good deal.",1
970921192027492562,950814691117092104,2023-09-01,"Best Airbnb I stayed in :)  Great host. Amazing place. Clean. The host is loving, caring, and supportive. Helped me book my train tickets. Helped me find deals. Helped me with my checkout. They are a joy to talk to. I love the place. I love the people. coming back soon. Merci Simon.",1
775262797036736919,650600857656979192,2022-12-05,The apartment is next to a tram station which is 10mins from the city center.  Very convenient. But the wooden floor is a bit noisy.,1
1261445606346633427,45525843,2024-10-06,The apartment is only 5 minutes of walk from the central train station. It has the access to the roof with the incredible view. My top-pick for the next Zurich stays.,1
1478179202176837023,44724580,2025-08-01,My son stayed for another month at Jurg’s. Great location and a caring host,1
1571004303913037992,810280833409217393,2025-12-07,Manuel's is an excellent host and his apartment is not only worth what you pay for but is very convenient for any visit to Zurich. Everything was excellent. Highly recommended,1
617855494123513826,49728271,2022-05-02,"The place was good, but few things would have certainly made our stay better. First, the communication was horrible; it took the host over a day to reply, and even when we got a reply, it wasn't helpful at all. There were no what we would consider staples like soap, shampoo, and/or body wash. We had to buy it, which is the first time that has happened with a host. Also, some of the amenities were broken or didn't work, like the dryer, and coffee machine.  If the host had made us aware, we wouldn't have washed our clothes or had to dry them on the balcony where the furniture was dirty and which defeated the point of washing.  When I messaged the host about these things, all I got was I don't use the place often, I don't know.  Best,",0
1605854281525315755,1531899915338066410,2026-01-24,"Be mindful that this is a business which has multiple apartments under it, so the apartment you pay for may not be the one you ACTUALLY receive. The heat did not turn off in our apartment the entire 3 days. There were multiple stains on the flooring & marks on the walls & floor. Also, no parking available except public roadside (blue zone). This is apart of low income apartment housing, so would not recommend for children or privacy.",0
649054774108841630,29655342,2022-06-14,"The apartment is spacious, clean, and light filled. The location is very convenient to the tram stop at the end of the block.",1
1194834234128429096,19064424,2024-07-06,"Giancarlo is fast, reliable and you get what you pay for. Always again!",1
262562103,15253929,2018-05-09,Good location but little bit noisy as house is old and in the Main Street.,1
978805406012866177,898803298900946366,2023-09-12,"I recently had the pleasure of staying at Cher's apartment, and I couldn't have been more impressed. I was greeted by a pristine and exceptionally clean environment. The attention to detail in maintaining the apartment's cleanliness was very noticeable. It made my stay not only comfortable but also very enjoyable. The apartment is also well located right near Wiedikon bahnhof/train station for quick access to Zurich HB and the airport. There is a Migros grocery store a very short walk away from the apartment. The host was very communicative and helpful during my stay. I highly recommend this place to anyone looking for a spotless and aesthetically inviting apartment with modern furnishings in Zurich.",1
726619895018057979,33150798,2022-09-29,"Beginning to end,, horrible stay don’t bother emailing them as they’ll never get back to you,,ever! Even if you’re staying in the hotel, bad business. . If you’re allergic to down pillows & bedding you’re outta luck.. I slept on the floor the first night. If you desire a shower forget it, I’m 5’1”, 107 lbs & I had a hard time in that tomb of a shower,, oh!! And there was no hot water the morning we were leaving,,found that out the hard way by freezing myself senseless!!! And don’t let ‘em tell ya, they’re gona ‘upgrade’ you… bahahaaaaaaa… What saves this miserable place is the nice staff who apparently have their hands tied & are unable to help out the guests. Cool chocolate fountain,, bad stay. I highly recommend ya don’t stay here, total waste of money. There are many other hotels in the area to check out.. do that, not this.",0
1459403830200090950,873117844498595674,2025-07-06,"The kitchen is not a proper kitchen and there is no dryer although it has the washing machine. We were in the apartment in the hot summer, we could not open the windows as the street noice was so bad even at night time, the neighbor even talked outside around 10:30pm. That was not nice",0
1476786371400355525,51588163,2025-07-30,"In my 15+ years of using Airbnb, this place was the worst experience we've had. Here are 2 things that went wrong that I recommend future users to keep in mind: 1. Place is a STUDIO, not 1 bedroom. It is advertised as 1BR and pictures are taken at right angles not to make it look like studio. Although host describes in listing that place has no walls, yet it is advertised as 1 bedroom and not everyone pays attention to detailed write up. You can find other reviews with same complaints (and hosts's defensive response).   We had an infant with us, so we were stuck in very suboptimal conditions.. 2. On the floor where entrance is, there is a medical clinic next door - hallway smells like ER room and bunch of patients go in and out all day. If you are looking for charming European place to stay, this isn't it - you'll be staying next door to medical office which takes away a lot of vibe. Host was very quick to communicate. Although I could see they got defensive in other reviews",0
740018203,9243499,2021-03-18,"Central location, quite noisy because of the tram. The furniture are quite old and uncomfortable.",0
1339792897019690106,32053770,2025-01-22,"Convenient spot, spacious, and has a bakery, pharmacy, grocer, and transit stop all within a block.",1
1710168249326586298,22216757,2026-06-17,"While the location was beautiful and initially made the apartment feel exciting, it became clear quickly that we had wildly overpaid for a miserable stay. For this price, go to a 4 star hotel. The whole apartment smelled of wet dog/mildew. It was extremely hot but we couldn’t open the windows because of the mosquitos from the river. There was supposed to be a fan but it had a large vent out the back that would produce hot air. The patio cushions were not on the chairs, instead in a broken box that had water mold/ damage. The kitchen was dirty and no paper towels or napkins, only old rags under the sink, the trash bag was too small for the trash can. The bathroom with the washer and dryer was the worst part of the whole experience: she had left wet towels in the dryer and it seemed the dryer was not very useful. We had to run HER laundry for her twice before taking it out. There were no towels left for us, Roxanda told us to use some from the closet. They smelled heavily of mildew.",0
167024383,19205207,2017-07-05,"Lovely apartment with ideal location  nice view on the lake. There are two independent zones in the apartment, it is ideal for persons who wants to keep privacy. There is a nice room for work, where we had brainstorming with our colleagues. The apartment includes all necessary items that may be needed during residence. Jan  is very responsible, kind and hospitable. We strictly recommend this apartment for everyone who arrives for leisure and for business.",1
69580004,6203434,2016-04-11,House was perfect but service not really satisfying. My family is not pleasant with the attitude when the host replying the message. Tv not working and don't bother to come to the house to fix it.,0
524572642,10044960,2019-09-06,"Having use Airbnb platform several times for professional reasons and still continuing to do so, I believe I never had such issues encounter with the property owner of this flat.  It has been a real surprise when after having been informed of the presence of technicians for reparation in the flat during my stay (programmed with the presence of the property owner and when not having had the choice to say no to it) I discovered two technicians when coming back to the flat in the middle of the afternoon, with the door of the flat largely opened without any property owner with them... ! In addition to such disrespect of the common sens of safety rules and respect of the tenants rights, the last day of my stay I had to check out for 10 am, the housekeeper enter also in the flat at 9:30am like a ghost ... Surprised, I have left the flat 30 mins after the normal time of check out as I took slightly longer time to pack and finish some emails. So at 10:30 after having receive the call of the property owner by the intermediary of the housekeeper, saying that I should leave “IMMEDIATELY” the flat as I was passing the check out time (I was taken some how and listen to him, as a kind of robber !) I took the time to redact a message for all users of Airbnb and, would NOT recommend to pass throughout the flats own by this property owner to anybody, as the risk of facing such disrespectful behavior no respect of tenants rights and bad treatment is high.  All simples rules of intimacy aren’t respected from the property owner a side of clear irrespective behavior with his tenants. In this matter please note that an email has also been sent to Airbnb staff.",0
1470940917106546888,1449886868380469552,2025-07-22,"Excellent host and stay, in a nice and quiet area. The communication was superb and me and my partner had a very pleasant stay. The local recommendations also came to good use!",1
1060813646492853979,970914111501499095,2024-01-03,"Nice apartment, great location with car. But we had problems checking in, tried contacting airbnb host, she didnt answer. When calling Blueground we spoke to Dexter, he was very disrespectful and no help at all left us waiting 2 hours in the cold. We after spoke to Eleyna and helped us check in.",0
1165076069719561562,1134039414566735416,2024-05-26,"It's located very close to Zurich HB. Surrounded by restaurants and bars. That's a big plus. The big negative i had was that it was smelling very bad.  There is a smoke shop in the ground floor of this building. So, our room was smelling very very bad. We can't even open the windows to get fresh air. Had the host has mentioned about the smoke shop, I would have never booked this place.",0
1405063340634765716,1343587767190733181,2025-04-22,"No lift, stairway is narrow and dark at night, not recommended for family with large luggages, have to climb 2 flights of stairs.  Very noisy with the bar at the ground floor. Bathroom floor don't have proper irrigation, which make it flooded after using the shower. Portable fans are listed, but host denied it, saying that I should be glad to have it, and they are not working properly, one can't rotate, another fan stand is not stable.  Dryer is not provided but listed, only washing machine is provided.",0
1436859600900992286,1175334274635725255,2025-06-05,I had a good stay at Sonja's. No issues what so ever.,1
1615961254277280761,1356390242184908530,2026-02-07,"In 50+ stays I've never left a rating below 4 stars. This space has high ratings in general, so it is confusing why my experience was so negative. Perhaps it is being managed or maintained by new people. Below is the summary I left for Max and Vika of issues. I gave them the opportunity to correct this by issuing a partial refund, but they ignored this. In the end AirBnb agreed with my issue and gave me a $200 refund. Judge for yourself if this is the type of place you'd like to stay. I would not stay here again. BEDROOM: Hair (human and or animal) in bed upon arrival (photos provided).  KITCHEN: Lack of large cutting knife or spatula, damaged non-stick cookware (dangerous so unable to cook), non functioning and foul smelling dishwasher, forced to wash the last tenant’s dishes. GENERAL: Noise from upstairs construction from 8pm to 12AM on an evening (unable to ask them to stop as it is an illegal AirBnb and I was requested not to reveal this), broken light bulbs in 5 of the lights.",0
523739909579461035,9229424,2021-12-23,"Nice location close to a tram stop and with a great view over the city. The room was small but equipped with all necessities and even a small coffee machine. There are common bathrooms and a kitchen, which is unfortunately a little small and you have to eat in your room, which can be a bit of a nuisance for longer stays.",1
1481063108012776097,1200067717365411660,2025-08-05,Place was clean and specious.  We were disappointed due to noise at night from surrounding parties.  There were constant loud noises at night until 2-3 AM.  We were not able to sleep due to noise.  You can’t keep the windows closed since there is no A/C and only one portable fan.  I would not recommend the place for family.,0
797712224222925035,43322730,2023-01-05,"After we checked out, they said we need to pay $250 for stains on pillows which was there before we checked in, after many discussions also they asked us to pay $250 otherwise they said we have to pay $450. Finally we’ve paid $250 for the damages which we have not done any wrong. Request everyone to take photos of everything after chek in otherwise you have to pay big amounts after check out.",0
653691413,26703120,2020-08-20,"Everything is as written and what you see on the pics. Great location, quiet yet central. Smooth check in, clean place, well equipped.",1
1291194030651386333,1207962133217825823,2024-11-16,"Nice and cozy apartment! Great location and super calm neighborhood. Also, amazing views to part of the city and Uetliberg mountain.",1
63673309,10095770,2016-02-25,"It was interesting. I walked in and saw what it seemed was a friend leaving a friend a note. It was the previous guest saying goodbye. Michael is like that , a very friendly accommodating guy who wants his guests to have a good time. Totally recommended especially nice pillows. Thanks Michal. Enjoy your holiday.",1
626545245955511778,43480808,2022-05-14,"Many issues with this booking, please read carefully before booking your stay. This is the first time I’m leaving a negative review.  1. The oven was very dirty and the host even asked us to put the tray in the dishwasher to clean for him. We simply put our handbags on the sofa but the host accused us of using the sofa in the living room.   2. The host accused us of damaging his table and wanted us to pay more than £2000 as compensation. We did not cause any damage to the table.   3. The host contacted me privately on my private number, amounting to an intrusion of privacy. This made me feel very unsafe and Airbnb has yet to specifically address this.   4. The host also accused us of hosting additional guests based on the number of chairs at the dining table. I am very disappointed that the host decided to report me over “damages” that we did not cause. Proceed with caution.",0
1702938792571015579,1634764675965796212,2026-06-07,"I recommend the accommodation. Great transport accessibility. Accommodation clean, equipped. Corresponds to the photos. A little noisier traffic outside, but we didn't mind. The accommodation is really small, about 10cm from the bed is the entrance door, but it's enough for a night's sleep.",1
401594757,19776405,2019-01-15,PLAce of TANIA is recommended for  big family.  Too big fo us since we are just 3 pax. But the TOWELS provided is not enough for us since i got only 1 big and 2 small which is not enough for our 4 days  3 nights stay.  Heater is not enough to WARM the whole place.  It is  winter time and we have to use jacket inside the house i was expecting to feel comfortable inside to WARM us but was so dissapointed with the heater.    HAd also problem with the TV. It takes time for us to find out how to open a simple TV. KItchen and Tablewares incomplete too.   Location is far from CENTRo but there is grocery nearby a few blocks away from the unit.  Some stores beside the buildings too.   TRAM is just across the bldg.    Washer/Driver - at the basement.  Not inside the Unit.  Elevator was included in the amenities but not allowed if your not a unit owner. had a problem carrying our 3 big luggages since Tania's unit is at the 2nd floor.,0
1666642777810159477,34283991,2026-04-18,"My experience was significantly impacted by very poor communication from Tobi. Despite requesting check-in instructions in advance, they were never sent and I received no response to my messages. I spent nearly three hours trying to get in touch and ultimately had to contact Airbnb support to access the apartment. Upon arrival, I found dirty underwear left in the closet, which raised serious concerns about the cleaning standards. I also reported that the hair dryer was not working, but again received no response or assistance. For check-out, I followed all instructions, including taking out the trash as requested. However, it was disappointing that basic cleanliness had not been ensured prior to my arrival. Check-out instructions were sent with repeated reminders about the 9:00 a.m. time, despite my delayed check-in due to lack of communication. Overall, I would not stay here again and recommend confirming responsiveness before booking.",0
457442213,34411854,2019-05-24,"Very clean, excellent location, friendly host, will come again.",1
1428310771678663939,1400783844446761057,2025-05-24,This place is a scam. They took our money and never gave us check in instructions. We never got in and had to find a new place to stay. Stay away from any swissstay airbnbs. They are a scam!,0
1084010770042581565,53839287,2024-02-04,"The place was as described. It was spacious, bright and functional. However it is run by an Airbnb company not a person. The whole building is run by a company. This isn't clear in the listing as they call themselves Cher. This made it lack of character, didn't have a ""home feel"" and had standard cheap furniture. There was a lot of echo throughout the appartement and the TV sound was terrible. We couldn't have it on loud enough to hear it if someone was trying to sleep in on of the bedrooms. There were many emails being sent with complicated instructions on how to self check-in, whether we got there, if everything was ok from multiple different people in the company. The apartment was clean except for the floors that had residual shoe prints as if it had been vacuumed but not mopped. Or like someone stepped on wet floor with shoes. All round ok for a couple of nights but a very expensive couple of nights for what you get. Definitely not the best value in town.",0
1693457318914867136,1627782220394304557,2026-05-25,"Place is great for transportation, restaurants, shopping and easy to get around.   Spacious and well maintained.  Highly recommend.",1
1157117617585276133,898803294461571982,2024-05-15,"The stay was a nightmare. We were 2 females with kids. We reached a little early for which they asked to pay extra amount to keep our luggage in the basement. The payment to their link was not going through and without any consideration they declined our request. We had to wait outside, the building for 2 hours with kids sitting on pavement. There was no mop for cleaning the house.  When we asked for cleaning person to clean the bathroom and kitchen  for our 3 day stay they blatantly refused and asked for extra money if we need cleaning. Morever, they have asked for exhorbitant amount after we left with false claim of burning their sheets, for house cleaning which they specifically told us would be done only when we leave.  They expected us to clean their bathroom, kitchen and tidy up the entire house before leaving which was impossible (we had to catch an early morning flight) and also not informed while booking. Exteremly Bad Host & Horrendous Experience. Airbnb should take action.",0
757819343146177139,8094116,2022-11-11,"A lovely room, cosy and warm. Comfortable bed and a great location (1 tram of 10 mins away from Zurich HB) The hosts are super with communication and really kind! Thank you, I would recommend.",1
173020489,10973187,2017-07-22,"There was miscommunication between the host and my family and it turned into an argument.  The host decided to kick us out of the home in the middle of the night in a new country when we also had a 6year old kid with us. She told us she didn't want us here and she would give us a refund. Once we got our luggage out of the home, I assume wanted a way to keep our money so literally as she kicked us out she said if you really have to stay here's a key. That way the cancelation was in our hands and that way she didn't have to give the money back to us. We didn't end up living there. We were disappointed.",0
1053958517803248233,4796892,2023-12-24,"The worst experience of my airbnb journey. The check in was rude and gave me no information. I didn’t even receive a key for my door so was unsafe and could not reach my host. I messaged about it and she didn’t listen then I messaged again and didn’t hear from her for 6+ hours until she obviously heard from the Airbnb team. Even then she refused to accept what I was telling her, She refused a refund despite it being unsafe for me to stay in. I had to go and find a last minute hotel to stay in.",0
1713770504059672664,598510790872486016,2026-06-22,Rafael’s place was exactly as described in the listing. He was a very communicative host and flexible with the check-in. The apartment is in walking distance of Zürich HB and is very convenient.,1
1226688219440796784,856506414058519661,2024-08-19,"The space is quite different in person -- I almost thought we'd missed the door. Technically, most things are accurate, but the wording is misleading and the photos are very flattering. For example, the listing says that the space is a one bedroom, but later on mentions that one of the rooms is actually locked - so you're effectively getting a studio, but you won't know that unless you are reading very carefully. The description makes it sound like there's a usable living room in addition to the sleeping area, but this is not true: you'd have to both fold the bed AND move the couch around to create a living area. One major inaccuracy is that the listing says that there are no stairs, but this is not true: there's a flight of stairs to the door of the building, and two flights to the apartment. Lastly, there was an unpleasant musty smell that made the place unpleasant to be around. Not the best stay, but Kathrin was very lovely!",0
1433985533577531801,8971198,2025-06-01,"Home was lived in, looked as someone had just left, including dishes on the counter.  It was free of any other clutter but the lived in feel made us so uncomfortable and we were not willing to stay.  We left after an hour, and still had to pay full price.  Our expectations were too high based on previous stays, something closer to a hotel.  We relocated to a hotel.",0
632453148500259261,41918857,2022-05-22,Easy and great location for exploring Zurich! Lovely staff and fab rooms!,1
930247608455676329,50789124,2023-07-07,This is a basic accommodation as explained in the listing. The amenities are old but in decent condition. Be aware that the bed linen and towel is not provided but can be rented at 25 SF. The shared bathroom is clean and in good condition. Location and public transportation options are the best advantage of this accommodation.,1
1483286657161329983,51764513,2025-08-08,"It wasn't translated into the Italian language that there is ongoing reconstruction next to the apartment. We were woken up at 7 am and had to leave our accommodation.  We spent the whole week trying to get our money back. Unfortunately, this is a mistake from the Airbnb platform and not the owner. So be careful and read all info carefully. It's impossible to spend more than one night there. Location and place are pretty.",0
936772391982560165,883822562499681135,2023-07-16,"It’s a appartement really nice really clean with good location. Tania is a good proprietor, very professional. I really recommend this appartement!!!",1
1426023561837720938,1229118445100472069,2025-05-21,Thank you for a clean and tidy convenient location for us to stay in on our international travels it was noisy due to construction and a small Appartments but the place its self was need tidy and accommodating.,1
1380420429257761526,1114503194643592681,2025-03-19,"Location was central, you can reach anywhere’s within 10 mins walk.",1
464943894584569178,4850468,2021-10-03,The apartment was exactly as described in the listing. Patrick was in constant touch and very helpful before and during the stay. Our stay was very pleasent.,1
1319544454042806028,1161320552083116594,2024-12-25,"We had a terrible experience on Christmas Eve when checking into our apartment in Zurich. Our plan was to celebrate Christmas and enjoy the Xmas market, but unfortunately, it turned into a nightmare. Upon arrival, we encountered a steep slope leading to the apartment, but that was only the beginning. After collecting the keys, we discovered a spider staircase with over 20 steps, which was not disclosed to us. We were left wondering how to carry our luggage up to the 2nd floor. Things only got worse upon entering the apartment. We were shocked to find the kitchen dustbin unemptied. The common bedroom toilet had an unemptied dustbin and terrible brown stains on the towels. The master bedroom We were extremely upset with the entire check-in process and the unprofessional cleaning of the unit. With no other choice, we called Airbnb to cancel our stay. This last-minute cancellation forced us to search for a hotel at the highest rates, making our Christmas Eve even more stressful.",0
1226003760886371664,47557070,2024-08-18,"What we liked the most is its location - very close to a lot of restaurants, supermarket, the train/tram station, and the Lake Zurich! Apart from the following very minor comments, our stay at Gerard's place was nothing but great!  1. No sponge included for washing the dishes 2. Would have been better if the body wash was placed in the toilet/restroom instead of putting it in the kitchen cabinet as then we would have not needed to buy body soap.",1
1468838222928609001,29182814,2025-07-19,"The host was friendly but communication was lacking. She went out for the evening/night, and when we asked when she’d be back (as we were uncomfortable with someone returning in the early hours while we were asleep), we got no answer. Her two cats hadn’t been fed (due to the host being out all evening) and were begging us for food. One even vomited in our room on the first day, which we had to clean , the litter tray is also kept in the bathroom. The bed was extremely uncomfortable—the worst sleep I’ve had. The noise from the road outside was constant, and there was no blind on the glass balcony window, so we were woken early by the light. No proper storage—just two flimsy hangers. A bare bulb dangled by the bed with no lampshade. The front door was always left unlocked, which didn’t feel safe. We did self check-in, which was fine, but when we saw the host later, she didn’t introduce herself—just awkwardly said hi from across the room with her boyfriend. Overall, a disappointing stay.",0
1531891077724213459,988315692261713338,2025-10-14,"This could have been a nice Airbnb - location is okay and the space well organised -, but the failed on the core and essential feature, i.e. beds and blankets.  While i asked for 2 beds to be made, the housekeeping only made one, and furthermore, in both cases, forgot to add sufficient blants. The heating was insufficient and we were cold the whole night. Bed sheets were not even that clean.  Would not recommend.",0
689680222858527535,26046317,2022-08-09,"I am so sorry to say that this apartment is not a family friendly accommodation. We are a family of 4 parents and 2 children of 12 and 16 years old. The apartment has  3 separate occupancy in which we stayed in a 2 joined bedrooms. The owner stayed in the other bed room and there was another occupant in the other bedroom. In the website it was mentioned that that only the owner will be sharing the apartment with us. However there was another occupant in that apartment. This is misleading as decided to take apartment as it was mentioned that only the owner will be sharing the apartment with us. Moreover none of the rooms including the bedrooms had key and lock. We felt uncomfortable and unsafe. This made us to carry all our personal belongings wherever we travelled. Though the rooms looked clean from outside there was lot of dust under the bed and the piano which caused some allergic cough. We used the apartment only to sleep at night, we were out during day time. One morning we were hurrying up to get the train on time at around 9am and talking in a NORMAL VOICE, the owner came and shouted at us accusing that we were making lot of noise. It was 9AM in the morning.My children got very scared and the whole day was ruined. Since that incident children stopped talking when we enter the flat as they felt uncomfortable and panicking. This is not a family friendly accommodation. Unfortunately we didn’t feel real sense of hospitality .",0
1233211133550317315,1179690220066052639,2024-08-28,"Misleading listing. There is only 1 toilet (not 2). The description of  the bathrooms: one with a toilet and shower, the other one with a tub/shower. Then the Bathroom photos and description: Full Bathroom 1 (photo) and Full Bathroom 2 (Photo). A ""Full Bathroom"" includes a toilet, Google it. Funny how sinks weren't mentioned but both bathrooms had them. Speaking of sinks, one of the sinks is cracked and tile is missing under another sink.  We also found hair under the remote control and the inside of the medicine cabinet was dirty. Despite this both the host and airbnb claim no violation was made.",0
1680481467660047425,1623053941210428715,2026-05-07,"As someone who travels for about six months a year, this was one of the worst check-in experiences I have had. When I arrived, the key would not come out of the key box. I contacted them through both Airbnb and messaging app around 2:00 PM, but only received a reply at 3:40 PM. The reply was not a real solution, only telling me to contact the technical team. The technical team could only be contacted by phone, not messaging app, which is very difficult for travelers who are not comfortable speaking the local language or English by phone. I had to wait outside on the street for about an hour and a half. Luckily, I met a staff member by chance and she helped me get inside. Without her, I would likely have waited outside for at least another 3 to 4 hours. The view was nice, but the new-building chemical smell made my throat and airways uncomfortable. Overall, I was very disappointed by the poor communication and check-in support.",0
687514946022230968,28701312,2022-08-06,"Very centrally location, opposite a tram line and two local shops opposite which stock everything you need. The tripple windows block out any noise from the road. Kitchen is well stocked and apartment is modern. Only issue is in a heatwave its too hot even with the internal ventilation system. Ask for two fans and leave windows open. The temperature when we stayed was 37 degrees.",1
638875918013266919,54403948,2022-05-31,"we only stayed one night, before our flight at Zurich Airport.  it got the job done, it was a simple room with ample closet space. host was very communicative and provided photos for how to locate the building.",1
957854120555570350,23532672,2023-08-14,"We were disappointed with the size of the space, the lack of areas to put away clothes and most of all the communication response time was over a week. Overall a disappointing experience and the hosts did not care to make the situation better.",0
260284852,2869105,2018-05-04,very near the tram so that’s a plus. It is hostel-run so they’re not the usual individually-owned type of house you will usually see in airbnb - nothing against that though.,1
419285203471940636,30239388,2021-08-01,"The flat is great, but sadly it’s managed poorly by Keys’n’fly. When asking Marc for assistance his answer was complete silence radio. Also there was no shampoo nor body wash and no garbage bags (according to Marc’s instructions, garbage can be disposed in the container next to the flat - at no time did he mention that in Zurich, garbage can only be disposed in official taxed bags. If we had followed his instructions we’d have exposed us to considerable fines for illegal waste disposal!). The flat was well furnished and clean, though it’s next to Zurich’s slaughterhouse and the smell of death kept us awake at night. Not a good place to stay if you’re a vegetarian",0
1252848536334845931,900444146921410444,2024-09-24,"Thomas was very responsive from my arrival to my departure. There was no city noise, my room faced a courtyard. “Clean” is an understatement regarding his place!",1
1500668875278340954,1359491220202517275,2025-09-01,Host allows us early check-in that allows to drop luggage and saved half day for sightseeing.  A man's flat with corresponding approach to organisation of everything.,1
1114383382343908866,32523536,2024-03-17,"The good: Host was very friendly and communication was smooth. Neighborhood is pretty quiet, and for me was walking distance to the center (about 15min to Opera, 20min to main train station with luggage). The bad: It was very difficult to find the key for the appt. The instructions say to open the mailbox, but it's unmarked (so you have to open everyone's mailbox). As soon as you enter the common area, a bad smell is present. No schuko sockets are available for charging. The rooms are separated with drywall and there is zero sound proofing/privacy. The ugly: Both bathroom (especially) as well as my room were pretty dirty. Room and bed were very dusty with hair, and bathroom was very dusty, toilet wasn't properly cleaned, and there even was some mold in the wall.",0
1276053175451890797,1247096642818583096,2024-10-26,"Dimi was a great host, the place clean and spacious. It wasn’t the apartment we had originally booked - we had to relocate due to a water problem - but Dimi took great care of us. Would definitely stay there again.",1
1484012000635092986,1463881705243162367,2025-08-09,"I had a wonderful stay at the Apartment on Universitatstrasse. The location is unbeatable — right in the center, with shops, cafes, and public transport just steps away. The apartment was spotless, well-equipped, and exactly as described in the listing. The bed was very comfortable, and the kitchen had everything I needed for my stay. Communication with the host was smooth and prompt, making check-in and check-out a breeze. I especially appreciated the thoughtful touches that made it feel like a home away from home. I would definitely stay here again and highly recommend it to anyone visiting the area!",1
1314480797598994727,18456292,2024-12-18,The size of bed is small and it was not comfortable quality of bed is not proper so while sleep its go inside from centre and moving,0
1579719538707886292,1521819535582341559,2025-12-19,Amazing place to stay in Zurich! A really fun and pretty area to walk around with plenty to do! Plus the duplex was beautiful and had everything you could ever need! Fran was a great host! 10/10 all around!,1
646180516474929048,15596933,2022-06-10,The apartment and its facilities and furnishing were clean and well maintained.  Not so great in terms of location as one had to still take a bus/tram from the Zurich main railway station with heavy luggage. There is a park/playground directly opposite the apartment and there were many eateries and a supermarket nearby.,1
434481011010445951,45920313,2021-08-22,"Very bad! The nice area suggests a good place, but you will find a shitty small one room apartment, with a nasty bed (though washed, but full of hair, spots and dust balls). No working ceiling light, but a power outlet that falls apart when you touch it (dangerous if you‘re not careful), mould in the super small bathroom, ugly spots on the carpet, and just no atmosphere you wanna spend time, let alone sleep in. The Owner agreed to pay back the money after i left for a hotel, but he said he would only do so if i didnt leave a bad comment, which is borderline extortion. Also, he didnt pay back all.  Way too expensive for what it is, a four star hotel is cheaper. If theres nothing else available, and you get drunk anyways and just need a place to crash, you may consider it because of where it‘s at, but its definitely nothing to spend a weekend with your partner or anything like that.",0
167277725,12819700,2017-07-06,I do reccomend you to stay at this house!!!,1
601214347454195617,20636301,2022-04-09,Great location and very spacious apartment. toilet is outside but very private so no issues.,1
137240590,15782017,2017-03-14,"My wife and I are on a world tour of South America, Central America, Europe, and the Middle East.  We have passed through many countries, always using Airbnb.  Of the close to ten places we have stayed so far, this was the worst!  Beata promised me they had internet (using the word ""promise"") but they do not really have internet.  After 24 hours without it, I had to ""call in sick"" to my job.  I lost the money, and afterward, Beata agreed that it would be fair to reimburse me for what I lost.  This, unfortunately, was a way to get me to stay at her place past the 24 hour check-in period... thus, lose the chance to move to an appropriate location.  She did not refund anything (once again breaking her word.)  I found out later by reading negative reviews of other guests that she actually knew the internet did not work at the time she promised me everything was fine!  In the end, I advise people to stay away from this apartment.  They will say whatever they think you want you to hear to get you to stay.  Be aware, honesty is not something you will find with the woman renting this place!",0
1213692448867156377,599609062368738052,2024-08-01,Very nice place and they were able to keep our luggage before our check in time  while we went on a tour.,1
